date,name,loss_usd,recovered_usd,net_usd,chain,sector,basel2_category,soa_category,classification,technique,description,sources,source_urls,n_sources
2011-06-21,MyBitcoin,68300.0,0.0,68300.0,,Other,EF,SC-Technical,,Exploit/Other/Other,"Because of the weak password storage system at Mt. Gox, users who used the same password for both MyBitcoin and Mt. Gox were infiltrated and significant amounts of assets were lost there too. By MyBitcoin's estimation, about 1% of all users were affected by the security breach/ incident/ illegal hack.",defi_rekt,https://de.fi/rekt-database?id=2985,1
2011-07-01,Ubitex,18100.0,0.0,18100.0,,Other,IF,Cyber-Operational,,Exit Scam/Rugpull/Rugpull,"After raising around 1,100 bitcoins on the now-defunct Global Bitcoin Stock Exchange, the founder of the Ubitex service disappeared with all of the cryptocurrency.",defi_rekt,https://de.fi/rekt-database?id=2984,1
2011-07-26,Bitomat,236000.0,0.0,236000.0,,Other,EF,SC-Technical,,Exploit/Access control/Access Control,"Bitomat, Poland-based third largest Bitcoin exchange, announced that as of July 26 they lost access to their wallet.dat file and thus the exchange’s entire fund base has become inaccessible. According to the statement published by Bitomat, it appears that they were using Amazon Web Service’s Elastic Cloud Computing network and held all of their information, including the wallet file for the exchanges bitcoins in a virtual machine. ""On 26 July 2011 at about 11:00 PM, I noticed that bitcoin server",defi_rekt,https://de.fi/rekt-database?id=2983,1
2011-08-08,MyBitcoin,619000.0,0.0,619000.0,,Other,IF,Cyber-Operational,,Exit Scam/Rugpull/Rugpull,"There isn't a lot of information about the MyBitcoin breach. Many say that the founder of MyBitcoin, Tom Williams, ran the supposed infiltration as a scam. All evidence has been inconclusive. As a result, one of the most successful bitcoin companies of that time was closed.",defi_rekt,https://de.fi/rekt-database?id=2982,1
2011-09-01,Moonco.in,32800.0,0.0,32800.0,,Other,IF,Cyber-Operational,,Exit Scam/Rugpull/Rugpull,"While bitcoin was poorly performing in 2011, alternative cryptocurrencies boomed. The Moonco.in exchange tried to gain the maximum possible from this boom and then, suddenly, Mr. Moon disappeared with all the collected money.",defi_rekt,https://de.fi/rekt-database?id=2981,1
2011-10-05,Bitcoin7,53100.0,0.0,53100.0,,Other,EF,SC-Technical,,Exploit/Other/Other,"On October 6, Bitcoin7 posted a message on their website that informed the users that Russian and Eastern European hackers attacked cryptocurrency exchange. The hackers breached Bitcoin7 servers and gained full access to the main BTC depository and 2 of the 3 backup wallets.",defi_rekt,https://de.fi/rekt-database?id=2980,1
2012-03-01,Bitscalper,6450.0,0.0,6450.0,,Other,IF,Cyber-Operational,,Exit Scam/Rugpull/Rugpull,"Initially presented as a successful investment project, Bitscalper invited users to invest their hard-earned money. High and profitable returns were promised. However, it was planned as scam from the beginning. Bitscalper subsequently shut down and never returned any of the funds.",defi_rekt,https://de.fi/rekt-database?id=2977,1
2012-03-12,Linode,228000.0,0.0,228000.0,,Other,EF,SC-Technical,,Exploit/Other/Other,"On March 1, web hosting provider Linode was hacked, resulting in a theft of 3000 BTC from Slush and 43000 BTC from Bitcoinica. There have been two major BTC heists before, one 25,000 BTC theft in June and a 17,000 BTC theft from the BTC exchange Bitomat in August, resulting in the exchange being bailed out and acquired by MtGox.",defi_rekt,https://de.fi/rekt-database?id=2978,1
2012-04-11,Betcoin,15300.0,0.0,15300.0,,Other,EF,SC-Technical,,Exploit/Access control/Access Control,"The attacker compromised three Betcoin computers and stole all of the deposits and cold wallet funds amounting to 3,171 BTC. Just a small part of the stolen coins was refunded to the users.",defi_rekt,https://de.fi/rekt-database?id=2976,1
2012-05-11,Bitcoinica,87000.0,0.0,87000.0,,Other,EF,SC-Technical,,Exploit/Other/Other,"According to a statement released on the Bitcoinica Web site, unknown hackers breached production servers and accessed information belonging to the Bitcoin exchange, Bitcoinica, stealing $87,000 in BTC. The hack occurred on May 11 and resulted in the loss of 18,547 Bitcoins, which is worth more than $87,000 on the day of the attack. Attackers also obtained access to Bitcoinica users' user names, email addresses, and account histories.",defi_rekt,https://de.fi/rekt-database?id=2641,1
2012-07-02,Bitcoin Savings and Trust,4630000.0,0.0,4630000.0,,Yield,IF,Cyber-Operational,,Exit Scam/Rugpull/Rugpull,"Bitcoin Savings &amp; Trust (abbreviated as BST) was a Ponzi scheme operated by Trendon Shavers (then known as Pirate). It was launched in November 2011 as First Pirate Savings &amp; Trust. Pirate claimed to have been selling bitcoins to some local tight-lipped buyers, and that he started BST to provide more volume to these buyers. By selling invested bitcoins at a high rate and rebuying them at the market price, Pirate was supposedly able to offer a very high-yield interest rate of 7% per week.",defi_rekt,https://de.fi/rekt-database?id=2975,1
2012-07-04,Bitcoin Syndicate,12000.0,0.0,12000.0,,Other,EF,SC-Technical,,Exploit/Access control/Access Control,"The Bitcoin Syndicate account on the Mt. Gox exchange was breached, and the attacker sold off the USD and withdrew all assets. The withdrawal transaction: c61d3639f010e30ad305b294cd128f381f58fc161d0badda1f39807dc2f12f7",defi_rekt,https://de.fi/rekt-database?id=2974,1
2012-07-13,Bitcoinica,303000.0,0.0,303000.0,,Other,EF,SC-Technical,,Exploit/Access control/Access Control,"BitCoinica hadn't changed all of their passwords after the previous hack two months before, and the attacker was able to steal 40,000 BTC and 40,000 USD.",defi_rekt,https://de.fi/rekt-database?id=2973,1
2012-09-05,BitFloor,251000.0,0.0,251000.0,,Other,EF,SC-Technical,,Exploit/Other/Other,"Bitfloor stated that it had been hacked and that the service had suffered a loss of 24,000 BTC, which was worth around $250,000 at the time of the heist. As Bitfloor's creator, Roman Shtylman, put it, ""last night, a handful of our systems were hijacked."" As a result, the attacker was able to obtain an unencrypted backup of the wallet keys (the actual keys live in an encrypted area). They were able to transfer the coins by using these keys. The vast bulk of the coins BitFloor had on hand was take",defi_rekt,https://de.fi/rekt-database?id=2970,1
2012-09-19,Silk Road,3360000000.0,3360000000.0,0.0,,Other,EF,SC-Technical,,Exploit/Other/Other,"Quick Summary Silk Road dark web market was exploited on 19 September 2012. 50,676 $BTC was seized from James Zhong by the U.S. Government after pleading a fraud. Details of the Exploit Silk Road was an anonymous market running on the darknet since 2011 until the FBI shut down the website in 2013 and arrested Ross Ulbricht. The website was exploited by James Zhong for approximately 53,500 $BTC. Then the funds were distributed between multiple addresses and part of them were swapped to $BCH.&nbsp",defi_rekt,https://de.fi/rekt-database?id=3264,1
2012-09-28,Cdecker,113000.0,0.0,113000.0,,Other,EF,SC-Technical,,Exploit/Access control/Access Control,"A supposedly long-time user of Bitcoin found his personal wallet emptied of a significant amount in late September 2012. Because far more severe personal thefts had occurred in the past, the theft went by without much incident.",defi_rekt,https://de.fi/rekt-database?id=2969,1
2012-10-13,50BTC,14000.0,0.0,14000.0,,Other,EF,SC-Technical,,Exploit/Other/Other,"The 50BTC mining pool suffered a hack of the billing software in late 2012. They were unable to identify the vulnerability. After the incident, 50BTC completely rewrote the billing software.",defi_rekt,https://de.fi/rekt-database?id=2968,1
2012-11-16,Trojan Wallet,39200.0,0.0,39200.0,,Other,EF,SC-Technical,,Exploit/Other/Other,"Using a trojan horse, a cyber-terrorist stole thousands of bitcoin between September and November 2012. The biggest individual loss was about 2,600 BTC.",defi_rekt,https://de.fi/rekt-database?id=2967,1
2013-02-13,Bit LC Inc.,50800.0,0.0,50800.0,,Other,EF,SC-Technical,,Exploit/Access control/Access Control,One of the major Bit LC Inc. company shareholders disappeared with a huge amount of user assets. He was a holder of the Bit LC Inc. cold wallet that allowed him to withdraw funds without any problems. After this incident Bit LC Inc. announced its closing.,defi_rekt,https://de.fi/rekt-database?id=2965,1
2013-03-10,BTC Guild,58000.0,0.0,58000.0,,Other,EF,SC-Technical,,Exploit/Other/Other,"When BTCGuild was upgrading the Bitcoind client to 0.8, the mining pool used its original upgrade plan. However, 0.8 is unique in that it reindexes the blockchain. This prompted a temporary state in which the pool was paying out for difficulty-1 shares, as that was the extent of the blockchain parsed. Sixteen separate thieves subsequently emptied the hot wallet. 47 BTC have been returned to the pool. The pool would on the following day lose even more money thanks to a bug causing its recent upgr",defi_rekt,https://de.fi/rekt-database?id=2964,1
2013-03-28,Bitcoin Rain,370000.0,0.0,370000.0,,Other,EF,SC-Technical,,Exploit/Other/Other,"A suspected long-running con likened to the infamous Bitcoin Savings and Trust, Bitcoin Rain finally defaulted on March 28, 2013. Leandro César claimed there was a security breach on his exchange website Mercado Bitcoin. As Bitcoin Rain's funds were stored there, investors in Bitcoin Rain, as well as account holders on Mercado Bitcoin, lost money.",defi_rekt,https://de.fi/rekt-database?id=2963,1
2013-04-01,ZigGap,169000.0,0.0,169000.0,,Other,EF,SC-Technical,,Exploit/Access control/Access Control,"User aethero, who was originally a reputable Bitcoiner, founded ZigGap after two previously succesful ventures, including BitPantry. Purporting to offer easy ways to purchase BTC, ZigGap saw little business. The founder seems to have also suffered mental illness in the latter stages of business operation",defi_rekt,https://de.fi/rekt-database?id=2962,1
2013-04-19,OzCoin,135000.0,83215.0,51785.0,,Other,EF,SC-Technical,,Exploit/Other/Other,"OzCoin, a Bitcoin mining pool, has reported that an unknown attacker managed to hack into their server, defacing their website and database and stealing 923 BTC ($135,000) from their Bitcoin wallet. However, in less than a day over half of the money was seized as it was passing through the web wallet StrongCoin, and promptly returned to Ozcoin.",defi_rekt,https://de.fi/rekt-database?id=2961,1
2013-04-26,Bitmit,202000.0,0.0,202000.0,,Other,EF,SC-Technical,,Exploit/Access control/Access Control,"The auction site Bitmit had 15 BTC stolen, after the server was accessed by an employee of their hosting company without authorization. Bitmit, known as the 'eBay of bitcoin', has had a string of setbacks since its inception. After the theft the site has remained online, albeit with the header ""Bitmit is going to be sold. Please complete your orders and withdraw your funds asap!"" ""We are planning to let another company take over Bitmit. Meanwhile we deactivated the site to let you withdraw your ",defi_rekt,https://de.fi/rekt-database?id=2960,1
2013-05-10,Vircurex,342000.0,0.0,342000.0,,Other,EF,SC-Technical,,Exploit/Access control/Access Control,"On the 10th of May, a security breach led to an unauthorized withdrawal from our hot and warm wallet, the following are the withdrawn amounts and the respective destination addresses and transaction IDs: 1. 17gPdCyzEMRXdNTBpHrUhsM4FaiWMHhx2Q cbce6bd1e274a9ea9d6946feaf4a1b0f80a5885a8482f4ebf3caa052f22bb4bf 2. 1PWQJu9AskoXEBYMod1KqPE6TTG4VYNz1P 85489430661f3041608749acb3019a1dcbf07a60f22e4bc43acfd05b46496cc9 3. 1Mu1wbyfkcrRarPveiihy5iuceLGC91Z4T 33011a0e26fe1c3515c699eecdae9d7550218779ae72fe7af063",defi_rekt,https://de.fi/rekt-database?id=2959,1
2013-06-01,PicoStocks,167000.0,0.0,167000.0,,Other,EF,SC-Technical,,Exploit/Access control/Access Control,"""the stock market suffered a hack attack in June 2013 in which 1,300 bitcoins were stolen...PicoStocks announced that it had been robbed again. This time a total of 5,896 bitcoins were missing from both its “hot” and “cold” wallets. Because cold wallets can’t be accessed in online attacks, the theft may have been an inside job.""",defi_rekt,https://de.fi/rekt-database?id=2958,1
2013-07-01,WeExchange,545000.0,0.0,545000.0,,Other,EF,SC-Technical,,Exploit/Other/Other,"“In July 2013, BitFunder’s software was said to be hacked, enabling the theft of 6,000 bitcoin from Montrol’s companion fiat-to-crypto platform, WeExchange. Montrol allegedly failed to communicate the lost monies with investors or regulatory authorities. On one occasion, he promoted the operation as “commercially successful” instead of insolvent.” Improper storage combined with a lack of transparency enabled this operation to continue for many years as an insolvent firm. This also shows the very",defi_rekt,https://de.fi/rekt-database?id=2957,1
2013-10-23,Inputs.io,809000.0,0.0,809000.0,,Other,EF,SC-Technical,,Exploit/Access control/Access Control,"Inputs.io was compromised on October 23 and then again on October 26, with hackers making off 4,100 bitcoins total. The loss was a result of a social engineering attack that compromised a chain of email accounts. Eventually, the attacker gained access to reset the password for the Linode server.",defi_rekt,https://de.fi/rekt-database?id=2954,1
2013-10-26,GBL,4000000.0,0.0,4000000.0,,Other,IF,Cyber-Operational,,Exit Scam/Rugpull/Rugpull,"Beijing-based “GBL” was advertised as a Hong Kong-based exchange and shut down after attracting significant investment. At the time, there was a Bitcoin craze in China, which lasted for much of the latter half of 2013 and was credited as the leading cause of the November 2013 bubble.",defi_rekt,https://de.fi/rekt-database?id=2953,1
2013-11-11,Bitcash.cz,161000.0,0.0,161000.0,,Other,EF,SC-Technical,,Exploit/Other/Other,"Czech Republic-based bitcoin exchange Bitcash.cz has been hacked and up to 4,000 customers’ wallets have been emptied. According to Czech news site E15.cz, some 4,000 bitcoin wallets had been opened with Bitcash.cz, with a total value of over 2 million Czech koruna (roughly equivalent to $100,000). A post on the company's Facebook page reads: ""Unfortunately, as we have already announced on our website Bitcash.cz, our server was attacked and compromised – including the wallets. We are trying to r",defi_rekt,https://de.fi/rekt-database?id=2952,1
2013-11-17,BIPS,600000.0,0.0,600000.0,,Other,EF,SC-Technical,,Exploit/Other/Other,"Hackers have allegedly stolen over a thousand bitcoins from the European payment processor BIPS in a theft. The payment provider said that it was initially hit with a DDoS attack on November 15th, followed by a second attack on November 17th that managed to take the funds. BIPS said that the attacks appear to have originated from Russia and neighboring countries.",defi_rekt,https://de.fi/rekt-database?id=2951,1
2013-11-29,PicoStocks,6420000.0,6420000.0,0.0,,Other,EF,SC-Technical,,Exploit/Access control/Access Control,"Quick Summary PicoStocks suffered a significant loss due to unauthorized access to their keys, leading to the defunding of both hot and cold wallets&nbsp; Details of the Exploit An individual with prior access to PicoStocks' keys exploited this access to drain both the hot and cold wallets of the stock exchange. Despite the substantial loss, PicoStocks managed to cover the entire amount, ensuring that creditors were not affected by this incident",defi_rekt,https://de.fi/rekt-database?id=2950,1
2014-03-02,Flexcoin,614298.0,0.0,614298.0,,Other,EF,SC-Technical,,Exploit/Other/Other,"Official statement: ""On March 2nd, 2014 Flexcoin was attacked and robbed of all coins in the hot wallet. The attacker made off with 896 BTC, dividing them into these two addresses: 1NDkevapt4SWYFEmquCDBSF7DLMTNVggdu 19FcC5jitGwpFKORDd9QNH3eGN56d0Ngy6 As Flexcoin does not have the resources, assets, or otherwise to come back from this loss, we are closing our doors immediately. Users who put their coins into cold storage will be contacted by Flexcoin and asked to verify their identity. Once ident",defi_rekt,https://de.fi/rekt-database?id=2813,1
2014-03-04,Poloniex Exchange,65600.0,65600.0,0.0,,DEX,EF,SC-Technical,,Exploit/Other/Other,"Digital currency exchange Poloniex has lost 12.3% of its total bitcoin supply in an attack. The exchange took to Bitcoin Forum on 4th March to report it had been compromised by a previously unknown vulnerability in its coding: https://bitcointalk.org/index.php?topic=499580 Poloniex owner Tristan D'Agosta: ""The hacker discovered that if you place several withdrawals all in practically the same instant, they will get processed at more or less the same time. This will result in a negative balance, ",defi_rekt,https://de.fi/rekt-database?id=2949,1
2014-03-15,Crypto Rush,659000.0,0.0,659000.0,,Other,EF,SC-Technical,,Exploit/Other/Other,"About 1.5 million coins were stolen after hackers tampered with a glitch at currency exchange company Crypto Rush. The hack involved temporarily inflating the amount of coins available in accounts by about 22 million, then withdrawing the coins from the exchange. “Once again we apologize for our own issues with both downtime and late upgrades of the client,” a representative of Crypto Rush said in a forum post. “We’ll post more when we know how we can pay back affected users or get some compensa",defi_rekt,https://de.fi/rekt-database?id=2948,1
2014-03-16,Bitcurex,108000.0,0.0,108000.0,,Other,EF,SC-Technical,,Exploit/Other/Other,"The exchange's staff published a message on Facebook which stated that due ""to an error and ongoing maintenance works” the platform had decided to ""temporarily shut down [its] service”. A statement from the company said: ""We successfully blocked a hacking attack on Bitcurex, preventing mass theft of BTC funds of our users. Thanks to automatic safety procedures, hackers managed to defraud only a portion of the funds stored in operational Hot Wallet Bitcurex. The majority of funds from Hot Wallet,",defi_rekt,https://de.fi/rekt-database?id=2947,1
2014-05-13,Doge Vault,51100.0,0.0,51100.0,,Yield,EF,SC-Technical,,Exploit/Other/Other,"Online dogecoin storage provider DogeVault.com has been compromised by hackers, according to an official announcement from the service. The site shut down as a result of the attack, which also saw the destruction of all of the service’s data. As a result, DogeVault is encouraging users not to transfer any funds to its wallet addresses while the attack is under investigation, and explained: “We are currently in the process of identifying the extent of the attack and potential impact on users’ fun",defi_rekt,https://de.fi/rekt-database?id=2946,1
2014-07-13,MintPal,2000000.0,0.0,2000000.0,,Other,EF,SC-Technical,,Exploit/Access control/Access Control,"Mintpal faced a major hack on the 13th of July, causing 8,000,000 Vericoin to be stolen (value $2,000,000), which was about 30% of the circulating supply at the time. The exchange had kept their Vericoin on a “hot” wallet (an online, internet-connected wallet), which is much more vulnerable. Interestingly enough, the Bitcoin and Litecoin wallets were also targeted for the Mintpal hack. This turned out unsuccessful. The exchange had wisely decided to move these to a “cold” wallet (an offline wall",defi_rekt,https://de.fi/rekt-database?id=2810,1
2014-07-29,Cryptsy,9890000.0,0.0,9890000.0,,Other,EF,SC-Technical,,Exploit/Access control/Access Control,"Quick Summary Cryptsy lost 13,000 BTC and 300,000 LTC due to an IRC backdoor in the code of the Lucky7Coin wallet. Details of the Exploit The developer of Lucky7Coin had inserted an IRC backdoor into the wallet's code, which functioned as a Trojan or command and control unit. This Trojan had likely been present for several months, gathering enough information to execute the attack. Cryptsy was alerted of a decrease in their safe/cold wallet balances of Bitcoin and Litecoin, as well as a few othe",defi_rekt,https://de.fi/rekt-database?id=2945,1
2014-08-15,BTER,1910000.0,0.0,1910000.0,,Other,IF,Cyber-Operational,,Exit Scam/Rugpull/Rugpull,"BTER reported that 50m NXT, or roughly $1.65m at press time, has been stolen from its exchange following an attack on one of its hosting servers. A developer representing the China-based digital currency exchange platform confirmed the news on the community information website NXT Forum, suggesting that the BTER team was considering urging the NXT community to roll back the NXT block chain to recover the lost funds. BTER announced on Twitter that it would seek to retrieve the stolen funds throug",defi_rekt,https://de.fi/rekt-database?id=2944,1
2014-09-12,BitPay,2370000.0,0.0,2370000.0,,Other,EF,SC-Technical,,Exploit/Access control/Access Control,"The attack started with an email sent to BitPay's Chief Financial Officer (CFO), Bryan Krohn. According to court filings, the email's sender is David Bailey. David Bailey claimed to be from yBitcoin, a digital currency newspaper and asked for Mr. Krohn's opinion on a bitcoin industry whitepaper. David Bailey's computer had apparently been hijacked as well, and the email forwarded to Mr. Krohn pointed him to a hacker-controlled website. Mr. Krohn was requested to give his login credentials for hi",defi_rekt,https://de.fi/rekt-database?id=2943,1
2014-10-19,MintPal,1500000.0,0.0,1500000.0,,Other,EF,SC-Technical,,Exploit/Access control/Access Control,"In October, well over 3,700 Bitcoins went missing. Unlike the previous hack, the reason for this loss seems to come from having entrusted a malicious individual – Moolah’s CEO Alex Green is accused of having stolen almost $1,500,000 from Mintpal clients.",defi_rekt,https://de.fi/rekt-database?id=2811,1
2015-01-04,Bitstamp,5263614.0,0.0,5263614.0,,Other,EF,SC-Technical,,Exploit/Access control/Access Control,"The attacked contacted with Bitstamp team and sent a number of attachments via email. One of these, UPE_application_form.doc, contained obfuscated malicious VBA script. When opened, this script ran automatically and pulled down a malicious file from IP address 185.31.209.145, thereby compromising the machine. Ultimately, the attackers were able to access two servers containing the wallet.dat file for Bitstamp’s hot wallet and the passphrase for that file. On 4th January, the attacker drained the",defi_rekt,https://de.fi/rekt-database?id=2812,1
2015-01-23,EgoPay,1100000.0,0.0,1100000.0,,Other,EF,SC-Technical,,Exploit/Access control/Access Control,"Third-party payment processor EgoPay suffered a hack, which was confirmed in a company's blog post: https://web.archive.org/web/20150126160707/https://blog.egopay.com/further-egopay-updates/ EgoPay explained: ""False values were made available in the merchants platform, when no actual value was transmitted in EgoPay. This hacker then proceeded to convert this fake value into irreversible currencies all within a one-hour window. These merchants believed that this value was in their EgoPay account,",defi_rekt,https://de.fi/rekt-database?id=2942,1
2015-01-27,LocalBitcoins,4440.0,4440.0,0.0,,Other,EF,SC-Technical,,Exploit/Access control/Access Control,"Peer-to-peer bitcoin marketplace LocalBitcoins suffered a hack that resulted in the distribution of malware and a loss of customer funds. Affected users will be granted refunds after taking steps to address security vulnerabilities, according to the company. Vice president Nikolaus Kangas explained: “The attacker used that LiveChat access to spread some kind of Windows executable, which probably was some new kind of keylogger software which is not yet detected by virus protection mechanisms. If ",defi_rekt,https://de.fi/rekt-database?id=2941,1
2015-01-28,796 Exchange,253000.0,0.0,253000.0,,DEX,EF,SC-Technical,,Exploit/Other/Other,"""According to the explanation, hackers had compromised areas of the exchange in the previous days, which had caused a user “to mention the current address has been tampered with, coupled with hackers deliberately [using] a similar address with the original withdrawals address to confuse users…” The hacker exploited vulnerabilities in the exchange to tamper with the withdrawal address of a customer. The customer legitimately requested the withdrawal and failed to notice the changed address. “796”",defi_rekt,https://de.fi/rekt-database?id=2940,1
2015-02-09,MyCoin,387000000.0,0.0,387000000.0,,Other,IF,Cyber-Operational,,Exit Scam/Rugpull/Rugpull,"Quick Summary Hong Kong bitcoin exchange MyCoin was shot down, taking with it as much as HK$3bn ($386.9m) in investor funds.&nbsp; Details of the Exploit MyCoin promised its investors a return of 150% for a few months of locking up 90 Bitcoin at a price of HK$400,000 at the time. 30 people were claiming to be victims of the company's actions petitioned a local member of the Legislative Council, Leung Yiu-Chung. Some reports stated the company never operated as a genuine bitcoin business at all. ",defi_rekt,https://de.fi/rekt-database?id=2939,1
2015-02-10,Exco,460000.0,0.0,460000.0,,Other,IF,Cyber-Operational,,Exit Scam/Rugpull/Rugpull,"Exco.in suffered an attack that may have resulted in the loss of up to 2,000 BTC, according to some reports. Exco.in believes one of their competitors may know the identity of the hacker who attacked them. The alleged hacker goes by the name ""ambiorx,"" and Exco.in says the Danish-based exchange CCEDK knows who he is. CCEDK's founder appears to have posted conversations he had with a user who had found an exploit in Exco.in. Additionally, Exco.in has revealed that they believe DD4BC, the notoriou",defi_rekt,https://de.fi/rekt-database?id=2938,1
2015-02-15,BTER,1790000.0,0.0,1790000.0,,Other,EF,SC-Technical,,Exploit/Access control/Access Control,"Digital currency exchange BTER announced that it has lost 7,170 bitcoins, or roughly $1.75 million at press time, in an apparent hack on its cold wallet system. In a statement posted to the China-based exchange's website, the company said that it had shut down its platform in the wake of the attack and that withdrawals for user balances ""will be arranged later"". A separate post on the Chinese social media platform Weibo from BTER claimed that it was working with law enforcement officials on the ",defi_rekt,https://de.fi/rekt-database?id=2937,1
2015-02-18,Kipcoin,721000.0,0.0,721000.0,,Other,EF,SC-Technical,,Exploit/Access control/Access Control,"The Chinese Bitcoin exchange Kipcoin announced that it lost some or all of its user’s bitcoins and will temporarily be shutting down. The exchange claimed to have lost over 3000 bitcoins in the hack. The announcement was made on the site’s Weibo page. The hacker apparently gained access to Kipcoin’s server back in May and downloaded the wallet.dat file at that time. For months, according to Kipcoin, the hacker did nothing with the funds before beginning to move them in December 2014. It is not c",defi_rekt,https://de.fi/rekt-database?id=2936,1
2015-10-11,Purse,2510000.0,2510000.0,0.0,,Other,EF,SC-Technical,,Exploit/Access control/Access Control,"Purse.io users were the target of hackers who may have gained access and compromised a third-party email service provider used by the company. The first signs of the theft came to light after a user took to Reddit to report unauthorized withdrawals from the user’s Purse.io wallet: https://www.reddit.com/r/Bitcoin/comments/3o9ju8/my_purseio_account_was_compromised/ The attack flow: - users received an email asking for their account passwords to be changed - soon after, the targeted users also rec",defi_rekt,https://de.fi/rekt-database?id=2934,1
2016-03-14,Rubixi,6622.0,0.0,6622.0,,Other,EF,SC-Technical,,Exploit/Access control/Access Control,"Quick Summary Rubixi contract had a security issue, which allowed anyone to become a contract owner and withdrew fees. Details of the Exploit Rubixi was a project on the Ethereum chain designed to collect funds and had a privileged function to collect fees. The contract itself had a logic issue, which allowed anyone to become a contract owner and withdraw fees for themselves. The constructor of the contract was named wrong and become a regular function. After becoming a contract owner, anyone ca",defi_rekt,https://de.fi/rekt-database?id=3346,1
2016-04-01,Shapeshift,269000.0,0.0,269000.0,,DEX,EF,SC-Technical,,Exploit/Access control/Access Control,"Digital currency exchange ShapeShift lost as much as $230,000 in three separate thefts over the course of a month. According to the report, the first incident took place on 14th March, the company said, resulting in the loss of 315 BTC. It was soon established that a ShapeShift employee was behind the incident. The employee was fired the next day. Work was then begun on moving the service onto safer hardware. Yet according to ShapeShift’s report, the thefts continued. On 7th April, 97 BTC, 3,600",defi_rekt,https://de.fi/rekt-database?id=2933,1
2016-06-17,TheDAO,50000000.0,0.0,50000000.0,Ethereum,Stablecoin,EF,SC-Technical,,Exploit/Other/Other,"Quick Summary The DAO ecosystem's smart contract was hacked, and 3,600,000 $ETH was stolen, which leads to the division of the blockchain into Ethereum Classic ($ETC) and Ethereum ($ETH) Details of the Exploit 1. Propose a split and wait until the voting period expires. (DAO.sol, createProposal ). 2. Execute the split. (DAO.sol, splitDAO ). 3. Let the DAO send your new DAO its share of tokens. ( splitDAO -&gt; TokenCreation.sol, createTokenProxy ). 4. Make sure the DAO tries to send you a reward",defi_rekt,https://de.fi/rekt-database?id=2364,1
2016-06-17,The DAO,60000000.0,0.0,60000000.0,Ethereum,Other,EF,SC-Technical,Protocol Logic,Reentrancy,,defillama,https://api.llama.fi/hacks,1
2016-10-15,Bitcurex,1500000.0,0.0,1500000.0,,Other,EF,SC-Technical,,Exploit/Other/Other,"Bitcurex posted an announcement revealing the exchange had suffered a hack attack. The message said a third party was able to perform an automated data collection on the site, resulting in the loss of partial assets. According to the Polish Bitcoin news website Bitcoin.pl, one of the bitcoin addresses for Bitcurex is 1K2PKGPGrYTQjPohXjDgbjeRtynGAZU9cF. When reviewing the address, you can see large chunks of bitcoin being sent (withdrawn) from that address on October 13. In total, the sum of thos",defi_rekt,https://de.fi/rekt-database?id=2931,1
2017-04-22,Yapizon,4980000.0,0.0,4980000.0,,Other,EF,SC-Technical,,Exploit/Other/Other,"South Korean exchange Yapizon has become the victim of hackers, reportedly losing 3,800 BTC in customer funds. The exchange confirmed the theft of 3,831 Bitcoins, “equivalent to 37.08% of the total assets.” “After many discussions, legal and accounting consultations and reviews, We have come to the conclusion that it should be applied fairly to all members. It is also the most common way to go through the liquidation process. The loss of 37.08% will have the same effect on all members' assets.” ",defi_rekt,https://de.fi/rekt-database?id=2930,1
2017-07-19,Parity,34000000.0,0.0,34000000.0,,Other,EF,SC-Technical,,Exploit/Other/Other,"Quick Summary Parity multisig wallet has been attacked by a hacker in two transactions, taking profit of $34M. Details of the Exploit The attacker had drained 153,037 ETH from three high-profile multi-signature contracts used to store funds from past token sales. The attacker's address: https://etherscan.io/address/0xb3764761e297d6f121e79c32a65829cd1ddb4d32 The attacker sent two transactions to each of the affected contracts: the first to obtain exclusive ownership of the MultiSig, and the secon",defi_rekt,https://de.fi/rekt-database?id=2927,1
2017-07-26,BTC-e,181000000.0,0.0,181000000.0,,Other,IF,Cyber-Operational,,Exit Scam/Rugpull/Rugpull,"Quick Summary The popular Russian bitcoin exchange BTC-e suddenly stopped working. On Twitter, it was written that the exchange is under ""server maintenance"". Details of the Exploit BTC-E is now a closed online trading platform for fiat currencies and cryptocurrencies in real time, focused primarily on Russian—speaking users. Compliance-as-a-service company Coinfirm discussed the BTC-e situation and the 66,000 Bitcoins moved. According to Pawel Kuskowski, CEO &amp; Co-Founder at Coinfirm, right ",defi_rekt,https://de.fi/rekt-database?id=2926,1
2017-08-21,Enigma,500000.0,0.0,500000.0,,Other,EF,SC-Technical,,Exploit/Other/Other,"Enigma, a decentralized platform that was preparing to raise money via a crypto token sale, had its website and a number of social accounts compromised with the perpetrators netting nearly $500,000 by sending out spam. Enigma, which was started by a group of MIT graduates, did not lose any money from the attack. Whoever orchestrated it grabbed money from the Enigma community, people who joined the company’s mailing list, or a Slack group of over 9,000 users to learn more about its ICO in Septemb",defi_rekt,https://de.fi/rekt-database?id=2925,1
2017-09-21,Coinis,1930000.0,0.0,1930000.0,,Other,EF,SC-Technical,,Exploit/Access control/Access Control,"In September 2017, there was an accident where coins stored in the hot wallet of the Coinis service were withdrawn by external hacking. After recognizing the situation, an emergency convened all employees to additionally prevent withdrawals due to external hacking, and security measures such as changing the system access password were implemented. The total amount of damage due to this hack is about 2.1 billion won as of the closing price of September 22, about 508 BTC were withdrawn in total.",defi_rekt,https://de.fi/rekt-database?id=2923,1
2017-11-08,Eth Contingency,25000000.0,0.0,25000000.0,,Other,IF,Cyber-Operational,,Exit Scam/Rugpull/Rugpull,"Quick Summary EthContingency ICO scam resurfaces with dormant funds worth $13.5 million. Details of the Exploit &nbsp;EthContingency conducted an ICO in early 2017, raising a substantial amount of 21,144 ETH when the price of ETH was approximately $17. However, shortly after the ICO, the project team disappeared, leaving investors empty-handed. Despite the team's disappearance, they retained control over the majority of the raised funds. Surprisingly, between 2021 and 2022, the dormant EthContin",defi_rekt,https://de.fi/rekt-database?id=3896,1
2017-11-09,Parity Multisig,152500000.0,0.0,152500000.0,Ethereum,Other,EF,SC-Technical,Protocol Logic,Contract Not Initialized,"Quick Summary 513,000 $ETH has been locked and maintained unreachable on Parity contracts after the user accidentally killed it. Details of the Exploit On November 6th, 2017, Github user devops199 posted the following statement under the Github issues section of the Parity Multi-Sig Library: “I accidentally killed it”: https://github.com/openethereum/parity-ethereum/issues/6995 Just moments earlier, devops199 exploited a vulnerability within the smart-contract library code, blocking funds in 587","defi_rekt,defillama",https://api.llama.fi/hacks | https://de.fi/rekt-database?id=2921,2
2017-11-19,Tether,30950010.0,0.0,30950010.0,,Stablecoin,EF,SC-Technical,,Exploit/Other/Other,"Quick Summary Tether's systems were exploited by an external hacker, resulting in a loss of $30,950,010 USDT tokens. Details of the Exploit Tether, a dollar-pegged cryptocurrency, was targeted by an external hacker who managed to steal $30,950,010 USDT from the Tether Treasury wallet. The stolen tokens were sent to an unauthorized Bitcoin address. Tether has stated that it will not redeem any of the stolen tokens and is in the process of attempting token recovery to prevent them from entering th",defi_rekt,https://de.fi/rekt-database?id=2920,1
2017-12-06,NiceHash,64000000.0,0.0,64000000.0,,Other,EF,SC-Technical,,Exploit/Other/Other,"Quick Summary Crypto-mining marketplace NiceHash reported about a hack on their website. 64,000,000 worth $BTC was stolen. Details of the Exploit NiceHash is a Slovenia-based cryptocurrency-mining marketplace. The project confirmed that its website was breached and the payment system compromised, with the contents stored in its Bitcoin wallet stolen. The losses reportedly amount to nearly 4,700 $BTC or 64,000,000 $USD. NiceHash posted a statement on its website addressing the incident. “Unfortun",defi_rekt,https://de.fi/rekt-database?id=2919,1
2017-12-20,EtherDelta,251000.0,0.0,251000.0,,DEX,EF,SC-Technical,,Exploit/Access control/Access Control,"The DNS server of decentralized cryptocurrency exchange EtherDelta was successfully breached by an attacker, enabling the hacker to redirect users to a malicious website. Consequently, the hacker was able to steal funds from users who unknowingly imported their private keys into the impostor's website. According to data obtained from the Ethereum blockchain, it appears that the hacker stole approximately 308 ether — worth approximately $250,000. The hacker's address: https://etherscan.io/address",defi_rekt,https://de.fi/rekt-database?id=2917,1
2018-01-13,BlackWallet,400000.0,0.0,400000.0,,Other,EF,SC-Technical,,Exploit/Access control/Access Control,"A DNS hijack has led to hackers withdrawing $400,000 worth of Stellar Lumen (XLM) coins from wallets hosted by Blackwallet.co without users’ permission. As multiple sources reported, attackers took control of BlackWallet’s hosting server, changing settings to allow code to run which automatically sent customer balances over 20XLM to an address under the hackers’ control. The hacker's wallet: https://stellarchain.io/address/GBH4TZYZ4IRCPO44CBOLFUHULU2WGALXTAVESQA6432MBJMABBB4GIYI | User orbit84 p","defi_rekt,slowmist",https://de.fi/rekt-database?id=2916 | https://www.reddit.com/r/Stellar/comments/7q9g31/statement_blackwallet_hacks_update/?ref_source=embed&amp;ref=share,2
2018-02-10,BitGrail,146000000.0,0.0,146000000.0,,Other,EF,SC-Technical,,Exploit/Other/Other,"Quick Summary The BitGrail Operator may have hacked own crypto exchange to steal 120,000,000 $USD Details of the Exploit The exchange was attacked by hackers in January-February 2018, as a result, 17 million Nano (NANO) tokens were stolen, worth between $146 million. Italian police have alleged a 34-year-old man from Florence, known as FF, is thought to be behind the theft from the exchange, which saw the company collapse into bankruptcy with significant losses for its users. 230,000 account hol",defi_rekt,https://de.fi/rekt-database?id=2652,1
2018-02-19,Blockchain.com,50000000.0,0.0,50000000.0,,Other,EF,SC-Technical,,Exploit/Access control/Access Control,"Quick Summary The Ukrainian hacker group Coinhoarder stole more than $50 million worth of cryptocurrency from the well-known cryptocurrency wallet Blockchain.info, according to a report by Cisco’s information security subsidiary Talos. Details of the Exploit The report describes how hackers used a ""very simple"" but very dangerous technique to deceive victims. Hackers buy cryptocurrency-related keyword ads on Google’s search engine, “poison” users’ search results, and then steal assets from crypt",defi_rekt,https://de.fi/rekt-database?id=2915,1
2018-02-19,Blockchain.info,50000000.0,0.0,50000000.0,,Other,EF,SC-Technical,,Phishing attack,A hacking organization in Ukraine has stolen cryptocurrencies worth more than $50 million from the Blockchain.info by purchasing keyword advertisements related to cryptocurrencies in the Google search engine and masquerading as malicious websites of legitimate websites.,slowmist,http://tech.sina.com.cn/i/2018-02-18/doc-ifyrswmt9681885.shtml,1
2018-04-12,Coinsecure,3200000.0,0.0,3200000.0,,Other,EF,SC-Technical,,Exploit/Access control/Access Control,"Coinsecure announced the heist, valued at $3.3 million. The CEO of the bitcoin exchange, Mohit Kalra, has accused his Chief Strategy Officer (CSO) of stealing 438 Bitcoin from the operator’s main wallet. The issue was reported by the exchange after consumers complained about difficulty withdrawing funds from the platform. The exchange notified users through email and issued an official statement clarifying the incident: “We regret to inform you that our bitcoin funds have been exposed and seem t",defi_rekt,https://de.fi/rekt-database?id=2914,1
2018-04-25,SmartMesh,140000000.0,0.0,140000000.0,,Other,EF,SC-Technical,,Overflow,SmartMesh has a significant security like BEC.,slowmist,https://www.blockvalue.com/p/381584.html,1
2018-05-18,Monacoin,90000.0,0.0,90000.0,,Other,EF,SC-Technical,,51% attack,"On May 18, a Reddit netizen posted that Monacoin suffered a 51% computing power attack, a selfish mining attack, and a time stamp attack. The exact time occurred from May 13 to May 15. Some exchanges that support Monacoin trading, such as Bittrex, Livecoin have closed Monacoin recharge.",slowmist,https://www.reddit.com/r/monacoin/comments/8k7640/51_attack_on_monacoin/,1
2018-05-21,Taylor,1580000.0,0.0,1580000.0,,Other,EF,SC-Technical,,Exploit/Access control/Access Control,"Taylor has been hacked for 2,578 ETH (about $1.5 million) as well as some of its TAY tokens. The hacker's address: https://etherscan.io/address/0xf243209d0623207fc9f2e9068084f6884a5f1053 According to a Medium blog post the company published, what truly happened isn’t yet clear, although several indicators point them towards a group of hackers that hacked another project dubbed CypheriumChain for more than 17,000 ETH (about $9.8 million). The hacker(s), according to Taylor, collected its funds fr",defi_rekt,https://de.fi/rekt-database?id=2912,1
2018-05-29,Verge,4820000.0,0.0,4820000.0,,Other,EF,SC-Technical,,51% attack,"The last repair was bypassed, resulting in another 51% attack and a loss of approximately US$4.82 million.",slowmist,https://cloud.tencent.com/developer/article/1197040,1
2018-06-02,ZenCash,550000.0,0.0,550000.0,,Derivatives,EF,SC-Technical,,51% attack,"The ZenCash encountered a 51% cyber attack or double-spend attack at around 8:26 PM on June 2nd (June 3rd 00:26 UTC). This attack resulted in the loss of Zen encrypted tokens worth approximately US $550,000. The ZenCash team responded immediately and implemented preventive mitigation measures, which greatly increased the difficulty of future cyber attacks.",slowmist,https://blog.zencash.com/zencash-statement-on-double-spend-attack/,1
2018-06-10,Coinrail,40000000.0,0.0,40000000.0,,Other,EF,SC-Technical,,Exploit/Access control/Access Control,"Quick Summary Coinrail, a South Korean cryptocurrency exchange, was hacked resulting in a loss of up to $40 million in various ERC-20-based tokens. Details of the Exploit Coinrail experienced a ""cyber intrusion"" which led to the theft of a variety of ERC-20-based tokens from the platform. The exchange has suspended operations following the incident. The exact amount lost is not specified but reports suggest it could be up to $40 million. Block Data Reference The hacker's address: https://ethersc",defi_rekt,https://de.fi/rekt-database?id=2911,1
2018-07-09,Bancor,23500000.0,0.0,23500000.0,Ethereum,DEX,EF,SC-Technical,,Exploit/Other/Other,"Quick Summary Bancor smart contracts were compromised due to a security breach in a wallet used for upgrades, leading to a loss of approximately 24,984 ETH and other tokens worth around $23.5M. Details of the Exploit The attacker compromised a wallet used for upgrading smart contracts and withdrew 24,984 ETH (~$12.5M) from the BNT smart contract. The same wallet was also used to steal 229,356,645 NPXS (~$1M) and 3,200,000 BNT (~$10M). The stolen funds were transferred to multiple wallets before ",defi_rekt,https://de.fi/rekt-database?id=2549,1
2018-10-20,Trade.io,9000000.0,0.0,9000000.0,,DEX,EF,SC-Technical,,Exploit/Access control/Access Control,"Quick Summary Trade.io experienced a security breach resulting in the loss of over 50 million Trade tokens (TIO) from its cold storage wallets. Details of the Exploit An unknown party managed to withdraw 50 million TIO tokens from Trade.io's cold storage wallets. These tokens were meant to be allocated for the Liquidity Pool. The stolen funds were the company's backup cryptocurrency, held in reserve for peak trading activity. An estimated 1.3 million of the stolen tokens were transferred to both",defi_rekt,https://de.fi/rekt-database?id=2907,1
2018-10-28,MapleChange,5880000.0,0.0,5880000.0,,Other,EF,SC-Technical,,Exploit/Other/Other,"Maplechange announced the hack, which took place one day after it had conducted “maintenance” to revamp its website. It claimed that “due to a bug, some people have managed to withdraw all the funds” it had been holding. The exchange said it had launched a “thorough investigation” and insisted that it couldn’t offer refunds to customers until it had concluded its probe. “We are extremely sorry that it has to come to end like this,” it added.",defi_rekt,https://de.fi/rekt-database?id=2906,1
2018-11-12,AurumCoin,11362.0,0.0,11362.0,,Other,EF,SC-Technical,,51% attack,"According to a report by Finder on November 12, AurumCoin (AU), a new digital currency based on the monetary gold standard system (the US dollar operation method), has recently suffered a 51% attack and lost 15,752.26 Australian dollars (approximately 11,362 US dollars).",slowmist,https://nulltx.com/aurumcoin-claims-cryptopia-refutes-a-51-attack-resulting-in-lost-funds/,1
2018-12-12,Vertcoin,100000.0,0.0,100000.0,,Other,EF,SC-Technical,,51% attack,"Vertcoin suffered a major attack in which hackers stole funds worth $100,000.",slowmist,https://medium.com/coinmonks/vertcoin-vtc-is-currently-being-51-attacked-53ab633c08a4,1
2019-01-26,LocalBitcoins,27000.0,0.0,27000.0,,Other,EF,SC-Technical,,Exploit/Other/Other,"A security vulnerability occurred at the prominent over-the-counter Bitcoin exchange LocalBitcoins. Attackers were able to replace the official URL to the exchange's forum with a false link that took visitors to a phony website that looked like the discussion board but gathered information from users who tried to join in. The attackers utilized the information they gathered to steal 7.9 Bitcoin (about $27,000 at the time) from at least six user accounts. | LocalBitcoins has detected a security v","defi_rekt,slowmist",https://de.fi/rekt-database?id=2904 | https://www.reddit.com/r/localbitcoins/comments/ak1u8m/localbitcoins_report_on_the_security/?ref=share&amp;ref_source=twitter,2
2019-02-04,QuadrigaCX,147000000.0,0.0,147000000.0,,Other,EF,SC-Technical,,Exploit/Access control/Access Control,"Quick Summary QuadrigaCS owes its customers approximately 190,000,000 $USD. Details of the Exploit According to a court petition, the troubled Canadian crypto exchange QuadrigaCX owes its clients $190 million and is unable to access the majority of the assets. Jennifer Robertson, the widow of QuadrigaCX founder Gerald Cotten, stated in a signed document filed Jan. 31 with the Nova Scotia Supreme Court that the exchange owes its clients around $250 million CAD ($190 million) in both bitcoin and c",defi_rekt,https://de.fi/rekt-database?id=2903,1
2019-02-20,Coinbin,26000000.0,0.0,26000000.0,,Other,EF,SC-Technical,,Exploit/Access control/Access Control,"Quick Summary Coinbin employees &nbsp; exploited access to private keys, leading to bankruptcy and shutdown of the project. Details of the Exploit An employee of Coinbin allegedly had access to the private keys of multiple accounts. The employee was able to exploit this access to siphon off funds from these accounts. As a result of this exploit, Coinbin was forced to file for bankruptcy and shut down operations, leaving users without access to their funds. | Coinbin, a south Korean cryptocurrenc","defi_rekt,slowmist",https://cointelegraph.com/news/south-koreas-coinbin-files-for-bankruptcy-with-26-mln-loss-cites-employee-embezzlement | https://de.fi/rekt-database?id=2902,2
2019-03-24,Netbox,132000.0,0.0,132000.0,,Other,IF,Cyber-Operational,,Exit Scam/Rugpull/Rugpull,"The Etbox platform wallet was hacked, causing the platform’s digital assets to be stolen. | The Etbox platform wallet was hacked, causing the platform’s digital assets to be stolen.","defi_rekt,slowmist",https://de.fi/rekt-database?id=2901 | https://finance.yahoo.com/news/lazarus-hacker-group-continues-target-185426186.html,2
2019-03-24,DragonEx,6029141.5,0.0,6029141.5,,Stablecoin,IF,Cyber-Operational,,Exit Scam/Rugpull/Rugpull,"DragonEx announced on their official Telegram channel, stating that, on Sunday, March 24, it had suffered a cyberattack that saw cryptocurrency funds owned by users and the exchange ""transferred and stolen."" 20 cryptocurrencies in total were stolen. The list included the top-five coins by market capitalization: Bitcoin (BTC), Ether (ETH), XRP, Litecoin (LTC), and EOS, as well as the Tether (USDT). | DragonEx announced the news on its official Telegram channel on Monday, stating that, on Sunday, ","defi_rekt,slowmist",https://de.fi/rekt-database?id=2900 | https://www.bishijie.com/kuaixun_253776,2
2019-03-25,Biki,123000.0,0.0,123000.0,,Other,EF,SC-Technical,,Exploit/Access control/Access Control,"Biki.com, a crypto asset exchange established in Singapore, stated in the announcement that the exchange underwent a Verification code attack between midnight and 7:30 on the 25th, and some user accounts and passwords were tampered with. The company has closed all withdrawals and OTC transactions. Biki said they would offer a reasonable compensation plan as soon as the damage situation was confirmed.",defi_rekt,https://de.fi/rekt-database?id=2899,1
2019-03-26,CoinBene,45000000.0,0.0,45000000.0,,Other,EF,SC-Technical,,Exploit/Access control/Access Control,"Quick Summary CoinBene exchange was targeted by hackers, with an estimated loss of $45 million in Coinbene Coin and Maximine Coin. Details of the Exploit CoinBene, a cryptocurrency exchange, admitted to being targeted by hackers. Despite the platform's assurance that all funds are ""100% secure"", industry experts have contested this claim. According to cryptocurrency expert Nick Schteringard, the hacker appears to have stolen roughly $6 million in Coinbene Coin and $39 million in Maximine Coin, w","defi_rekt,slowmist",https://de.fi/rekt-database?id=2898 | https://www.zdnet.com/article/cryptocurrency-platforms-dragonex-and-coinbene-disclose-hacks/,2
2019-05-02,BitoPro,2170000.0,0.0,2170000.0,,Other,EF,SC-Technical,,Exploit/Other/Other,"An unknown user of the Taiwanese exchange BitoPro falsified a deposit in the XRP cryptocurrency and withdrew 7 million coins ($2.17 million) from the exchange. The mechanism of this exploit was described in detail by the Bitrue exchange: https://twitter.com/BitrueOfficial/status/1123992201015509002 The attacker claimed to have sent 330,000 XRP, but actually transferred only 0.003255 XRP marked as a partial payment ""tfPartialPayment"". According to XRPScan, the attacker sent a lot of payments to t",defi_rekt,https://de.fi/rekt-database?id=2896,1
2019-05-07,Binance,41700000.0,0.0,41700000.0,,Other,EF,SC-Technical,,Exploit/Access control/Access Control,"Quick Summary Binance's hot wallet was hacked, leading to a loss of 7,074 bitcoins (BTC) worth nearly $42.8 million. Details of the Exploit The breach resulted in about 7,074 bitcoins (BTC) — worth nearly $42.8 million — being stolen from the exchange’s hot wallet. The transaction had 44 outputs, 21 of which were native Segregated Witness addresses, and those addresses received 99.97% of the funds. The funds from those 44 addresses have since been moved to seven addresses, six of which hold 1,06",defi_rekt,https://de.fi/rekt-database?id=2895,1
2019-06-11,Token.Store,160000000.0,0.0,160000000.0,,DEX,IF,Cyber-Operational,,Exit Scam/Rugpull/Rugpull,"Quick Summary The team working on the Token.Store wallet decided to close and leave with the users' funds, taking $160 million. Details of the Exploit Token.Store is a decentralized cryptocurrency exchange launched in July 2017. Token.Store meant itself as a centralized exchanger like Binance, FX, with a good development team, user data protection and conscientious owners. In practice, it turned out to be a scam project that at some point ""ran away"" from its users, investors, while taking a bill",defi_rekt,https://de.fi/rekt-database?id=2890,1
2019-06-17,Bitsane,570000.0,0.0,570000.0,,Other,IF,Cyber-Operational,,Exit Scam/Rugpull/Rugpull,"Bitsane, an Irish cryptocurrency exchange, has apparently vanished in a multimillion-euro fraud. Over 100 people have lost between €5,000 (~$5,700) and €132,000 (~$150,000). Bitsane reportedly went offline on June 17 and its Twitter and Facebook accounts have also been deleted. On June 19, one Twitter user posted that he can’t withdraw XRP from Bitsane: One user named Shane Johnson, who claims to be “a US Army veteran,” tweeted that he is missing over $7000 worth of crypto in Bitsane: https://tw",defi_rekt,https://de.fi/rekt-database?id=2889,1
2019-07-04,Soxex,1000000.0,0.0,1000000.0,,Stablecoin,IF,Cyber-Operational,,Exit Scam/Rugpull/Rugpull,"According to PeckShield digital asset escort system (AML) data, the Soxex exchange was suspected of running away. The exchange website has been unable to open, swept away hundreds of millions of investors' funds, involving BTC, ETH, HT, OKB, and many other mainstream currencies. According to some addresses submitted by victims (incomplete statistics), PeckShield security personnel locked the flow of target assets (USDT part) and found that the target addresses starting with 1G8cEC and 1GLsou agg",defi_rekt,https://de.fi/rekt-database?id=2887,1
2019-07-08,Bitmarket,27100000.0,0.0,27100000.0,,Other,IF,Cyber-Operational,,Exit Scam/Rugpull/Rugpull,"Quick Summary Bitmarket, a Polish cryptocurrency exchange, abruptly ceased operations due to a loss of liquidity. Details of the Exploit In the days leading up to the cessation of operations, Bitmarket enforced mandatory changes to user passwords and API keys. Additionally, all withdrawals were halted under the pretext of additional KYC requirements. The abrupt closure of the exchange left users in the dark, with many speculating about the possible reasons behind the sudden loss of liquidity.",defi_rekt,https://de.fi/rekt-database?id=2885,1
2019-07-12,Bitpoint,29805000.0,0.0,29805000.0,,Other,EF,SC-Technical,,Exploit/Access control/Access Control,"Quick Summary Bitpoint, a Tokyo-based cryptocurrency exchange, lost approximately 3.5 billion yen ($32 million) due to a security breach involving unauthorized access to the private keys of its hot wallet. Details of the Exploit The security breach occurred when unauthorized individuals gained access to the private keys of Bitpoint's hot wallet. The exchange noticed an error in the outgoing funds transfer system and promptly suspended its services. The total loss from this breach amounted to app","defi_rekt,slowmist",https://de.fi/rekt-database?id=2884 | https://www.zdnet.com/article/bitpoint-cryptocurrency-exchange-hacked-for-32-million/,2
2019-08-17,CoinTiger,1800000.0,0.0,1800000.0,,Other,EF,SC-Technical,,Exploit/Access control/Access Control,"In July 2019, Singapore-based CoinTiger exchange admitted that cybercriminals had stolen a cold wallet, that contained over 400 million Proton Tokens (PTT). It was subsequently able to lock the wallet that contained the stolen PTT. &nbsp;Unfortunately, by the time it located the wallet, 120 million PTT had already been traded out.",defi_rekt,https://de.fi/rekt-database?id=2882,1
2019-11-08,VinDAX,500000.0,0.0,500000.0,,Other,EF,SC-Technical,,Exploit/Other/Other,"VinDAX, a little-known cryptocurrency exchange in Vietnam, has been hacked, resulting in the loss of ""half a million USD"" in cryptocurrencies. VinDAX has lost funds via 23 cryptocurrencies. The admin declined to share further information but said: ""We have made a full recovery from this attack,"" without providing details. | Vietnamese cryptocurrency exchange VinDAX has been hacked, losing at least $500,000 in cryptocurrency.","defi_rekt,slowmist",https://de.fi/rekt-database?id=2881 | https://www.theblockcrypto.com/post/46408/little-known-asian-crypto-exchange-vindax-got-hacked-lost-half-a-million-usd-worth-of-tokens,2
2019-12-14,VeChain,6500000.0,0.0,6500000.0,,Other,EDPM,Cyber-Operational,,Human error,"The VeChain Foundation, a non-profit organization supporting the VeChain public blockchain platform, announced that their repurchase address was leaked at 12:27 PM Eastern Time on Friday (ie 1:27 AM Beijing time) . The company stated in the announcement: “The security breach is most likely due to the improper behavior of a member of our finance team who created a repurchase account without fully complying with the standard procedures approved by the foundation, and due to human error. , Our audi",slowmist,https://medium.com/@vechainofficial/vechain-foundation-announcement-8459492ee039,1
2019-12-23,NULS,480000.0,0.0,480000.0,,Other,EF,SC-Technical,,Vulnerability in transaction signature verification algorithm,"The well-known public chain NULS suffered a hacker attack and lost nearly $480,000 worth of NULS tokens. The SlowMist security team analyzed and found that the reason for the attack was that there was a loophole in the NULS transaction signature verification algorithm. The hacker bypassed the signature verification by using a carefully constructed transaction, transferred the tokens of the team account, and then some tokens were thrown into the market. , At present, major exchanges have suspende",slowmist,https://cointelegraph.com/news/hackers-grab-nearly-480k-from-blockchain-platform-nuls,1
2020-02-11,Leo Finance,42000.0,0.0,42000.0,,DEX,EF,SC-Technical,,Exploit/Other/Other,"Quick Summary A hacker successfully gained access to the token issuing contract and minted a significant amount of $WLEO token which were subsequently dumped in the Uniswap $WLEO/$ETH liquidity pool, netting the attacker $ 42,000 in ill-gotten funds. Details of the Exploit LeoFinance is a &nbsp;Web3 social platform that leverages blockchain database technology to store content and transactions. LeoFinance enables remuneration possibilities for users that create content or interact with the finan",defi_rekt,https://de.fi/rekt-database?id=2717,1
2020-02-15,Ooki,500440.0,0.0,500440.0,Ethereum,Lending,CPBP,SC-Economic,Protocol Logic,Flashloan Slippage Attack,"The transaction behind the attack: https://etherscan.io/tx/0xb5c8bd9430b6cc87a0e2fe110ece6bf527fa4f170a4bc8cd032f768fc5219838 The attacker's address: https://etherscan.io/address/0x148426fdc4c8a51b96b4bed827907b5fa6491ad0 The attacker: - flash loaned 10,000 ETH from the dYdX exchange - with the borrowed flash loan, the attacker deposited 5,500 ETH into Compound as collateral to borrow 112 WBTC - Deposited 1300 ETH and called bZx margin trading function, i.e., mintWithEther (that cascadingly invo","defi_rekt,defillama,slowmist",https://api.llama.fi/hacks | https://cryptobriefing.com/2388-eth-estimated-lost-bzxs-second-exploit/ | https://de.fi/rekt-database?id=2360 | https://de.fi/rekt-database?id=2361 | https://peckshield.medium.com/bzx-hack-full-disclosure-with-detailed-profit-analysis-e6b1fa9b18fc,3
2020-03-12,MakerDao,7900000.0,0.0,7900000.0,,Stablecoin,BDSF,Blockchain-Infrastructure,,Liquidation Mechanism Flaw,"Due to the congestion of Ethereum, the gas soared, and the liquidated ETH was sold at a price of 0 US dollars using the MakerDao auction loophole.",slowmist,https://coingape.com/was-makerdao-mkr-free-fall-because-of-a-system-exploit-that-saw-8-million-of-eth-stolen/,1
2020-03-16,Iron Finance,170000.0,0.0,170000.0,,Stablecoin,EF,SC-Technical,,Exploit/Other/Other,"Two vFarms were exploited: 50% IRON — 50% SIL 50% IRON — 50% BUSD A user who farmed in these two pools claimed all SIL rewards allocated for farming over the next 12 months and made a profit of around $170K by selling SIL for BUSD on vSwap. Value DeFi team has upgraded FaaS, in which the reward rate is in normal integer instead of Ggwei as before. Iron.Finance team was unaware of the change and updated Iron vFarm pools with reward rate in Gwei. This caused the pools' rewards to inflated by 10^18",defi_rekt,https://de.fi/rekt-database?id=2593,1
2020-04-18,Uniswap V1,850000.0,0.0,850000.0,Ethereum Mainnet,DEX,EF,SC-Technical,,E R C777 Reentrancy,"Double withdrawal by reentering via ERC777 `tokensToSend` hook before Uniswap V1 pool ETH balance is updated | Hackers deployed two reentrancy attacks, made possible by a known vulnerability found in the ERC777-token of Uniswap, to steal $300,000 and $1.1 million in imBTC tokens. Tokenlon, the company behind the imBTC token that runs on the Uniswap platform, provides a timeline of the events: “8:58 SGT on April 18th. An attacker used a vulnerability with Uniswap and ERC777 to perform a reentranc","defi_rekt,kismp",https://de.fi/rekt-database?id=2872 | https://github.com/kismp123/DeFi-Security-Incident/blob/main/2020/2020-04-18_UniswapV1_ERC777Reentrancy.md,2
2020-04-18,UniSwapV1,220000.0,0.0,220000.0,,DEX,EF,SC-Technical,,ERC777 Reentrancy,DeFiHackLabs entry (ERC777 Reentrancy),defihacklabs,https://github.com/SunWeb3Sec/DeFiHackLabs/blob/main/past/2021/README.md,1
2020-04-19,Lendf.me,25000000.0,25236849.0,0.0,Ethereum,Lending,EF,SC-Technical,Smart Contract Language,Reentrancy,"Reentrancy via ERC777 token's `tokensToSend` hook allows withdrawal before balance update | DeFiHackLabs entry (ERC777 Reentrancy) | Quick Summary Lendf.Me exploited due to a bug in the deposit function, allowing the attacker to manipulate their collateral amount and withdraw all available assets from multiple liquidity pools. Details of the Exploit The attacker exploited a bug in the deposit function, supply(), in Lendf.Me. The function was hooked by embedding an extra withdraw() function, whic","defi_rekt,defihacklabs,defillama,kismp,slowmist",https://api.llama.fi/hacks | https://de.fi/rekt-database?id=2580 | https://github.com/SunWeb3Sec/DeFiHackLabs/blob/main/past/2021/README.md | https://github.com/kismp123/DeFi-Security-Incident/blob/main/2020/2020-04-19_LendfMe_Reentrancy.md | https://www.zdnet.com/article/hackers-steal-25-million-worth-of-cryptocurrency-from-uniswap-and-lendf-me/,5
2020-04-24,Hegic,38151.0,47765.0,0.0,,Derivatives,EF,SC-Technical,,Exploit/Other/Other,"The platform discovered a mistake in one of its smart contracts: ‘options.length' rather than ‘optionIDs.length.' This resulted in no liquidity for expiring contracts since user assets were locked whenever they did not utilize their options. Hegic spent $48K to fix the problem and reimburse impacted users. | Hegic: There are 152.2 ETH (about 28,537 USD) permanently locked in the contract pool of unexercised put / call options. Out of the 19 contracts, 16 are put options (DAI is locked) and 3 are","defi_rekt,slowmist",https://de.fi/rekt-database?id=2581 | https://twitter.com/HegicOptions/status/1253937104666742787,2
2020-06-18,Bancor Protocol,135229.0,0.0,135229.0,Ethereum Mainnet,DEX,EF,SC-Technical,,Access Control,"The `safeTransferFrom` function in a newly deployed Bancor contract was exposed as `public`, allowing arbitrary users to transfer tokens on behalf of others | Quick Summary Bancor smart contracts were compromised due to a security breach in a wallet used for upgrades, leading to a loss of approximately 24,984 ETH and other tokens worth around $23.5M. Details of the Exploit The attacker compromised a wallet used for upgrading smart contracts and withdrew 24,984 ETH (~$12.5M) from the BNT smart co","defi_rekt,kismp,slowmist",https://de.fi/rekt-database?id=2550 | https://github.com/kismp123/DeFi-Security-Incident/blob/main/2020/2020-06-18_Bancor_AccessControl.md | https://twitter.com/Hex_Capital/status/1273469889622077441,3
2020-06-28,Balancer Protocol,500000.0,0.0,500000.0,Ethereum Mainnet,DEX,CPBP,SC-Economic,,Deflat Token Manipulation,"Pool balance discrepancy due to incompatibility with deflationary token (STA) that charges a transfer fee | The transaction behind the attack: https://etherscan.io/tx/0x013be97768b702fe8eccef1a40544d5ecb3c1961ad5f87fee4d16fdc08c78106 The attacker's address: https://etherscan.io/address/0xbf675c80540111a310b06e1482f9127ef4e7469a The attacker: - borrowed a flash loan (104,331 WETH) from dYdX - performed multiple swapExactAmountIn () calls within the same transaction to drain the STA balance in the","defi_rekt,kismp,slowmist",https://cointelegraph.com/news/defi-protocol-balancer-hacked-through-exploit-it-seemingly-knew-about | https://de.fi/rekt-database?id=2358 | https://github.com/kismp123/DeFi-Security-Incident/blob/main/2020/2020-06-28_Balancer_DeflatTokenManipulation.md | https://twitter.com/frenzy_hao/status/1277597671847411712,3
2020-07-01,VETH,900000.0,0.0,900000.0,,DEX,EF,SC-Technical,,Contract Vulnerability,"Coingecko researcher Daryllautk tweeted that VETH suffered a hacker attack on the decentralized exchange Uniswap. The hacker stole 919,299 VETH (worth $900,000) using only 0.9ETH. After the attack, VETH officially stated that the contract was used by the UX improvement it placed in transferForm(), which was their fault. They will redeploy vether4 and will compensate all affected Uniswap pledgers. This attack mainly uses the visibility of the changeExcluded function in the contract to be external",slowmist,https://www.tuoniaox.com/newsflash/p-447988.html,1
2020-08-04,Opyn Protocol,371260.0,371260.0,0.0,Ethereum Mainnet,Derivatives,EF,SC-Technical,,Double Exercise,"The `exercise` function allowed options to be exercised against multiple vaults using the same `msg.value` (ETH) | The example transaction of the attack: https://etherscan.io/tx/0xd06378b73536e7718895069a5219855774d362db47312dc304dfd4b6e39ef000 This exploit was carried out by using exercise () function with more than two vaults containing ETH as the underlying asset. Because the implementation interprets the same batch of ETH as many batches of ETH receptions, the hacker re-uses that batch of ET","defi_rekt,kismp",https://de.fi/rekt-database?id=2585 | https://github.com/kismp123/DeFi-Security-Incident/blob/main/2020/2020-08-04_Opyn_DoubleExercise.md,2
2020-08-24,YFValue,170000000.0,0.0,170000000.0,,Yield,EF,SC-Technical,,Staking Pool Vulnerability,"The DeFi project YFValue (YFV) officially released an announcement stating that the team found a loophole in the YFV pledge pool yesterday, and malicious participants used the vulnerability to reset the YFV timer in the pledge separately. There is a risk of being locked in $170 million in funds. Currently, a malicious participant is trying to blackmail the team using this vulnerability.",slowmist,https://valuedefi.medium.com/yfv-update-staking-pool-exploit-713cb353ff7d,1
2020-09-03,Soft Yearn Finance,281382.0,0.0,281382.0,,Yield,EF,SC-Technical,,Exploit/Other/Other,"The protocol did not handle the rebase event correctly. It enabled a user to start Uniswap sell transaction immediately following the modification of wallet balances, but before any price change in the token was registered. The rebase event functioned wrong. Because the YFI to SYFI conversion rate was incorrectly entered, an erroneous balance change was started. Together, these two errors permitted a transaction to be initiated that would basically remove the pool's aggregate cash. The transacti",defi_rekt,https://de.fi/rekt-database?id=2586,1
2020-09-09,Soft Finance,250000.0,0.0,250000.0,,Other,EF,SC-Technical,,Unknown,"A user with a Twitter account named Amplify revealed that he made a profit of US$250,000 from a system vulnerability in the new DeFi project Soft Finance.",slowmist,https://www.btcfans.com/en-us/flash/id-19763,1
2020-09-13,bZx,8100000.0,8100000.0,0.0,Ethereum,Lending,EF,SC-Technical,,Exploit/Other/Other,"Quick Summary bZx's flawed code allowed an attacker to duplicate assets, leading to a loss of approximately $8.1 million. Details of the Exploit The bug in bZx's code allowed the attacker to increase their balance of iTokens (interest-bearing tokens of bZx). The attacker was able to mint 219,200 LINK tokens (worth about $2.6 million); 4,503 ETH (~$1.6 million); 1,756,351 USDT (~$1.7 million); 1,412,048 USDC (~$1.4 million) and 667,989 DAI (~$680,000). The total loss amounted to approximately $8.",defi_rekt,https://de.fi/rekt-database?id=2362,1
2020-09-17,WinPlay,25773.0,0.0,25773.0,Ethereum,Other,IF,Cyber-Operational,,Exit Scam/Rugpull/Rugpull,Contract creation: https://etherscan.io/tx/0xc82dca2710addf6ed330dda10e235bd20b7e2b346a69f6846d83babc2ee5278b The initial liquidity was added at: https://etherscan.io/tx/0x72a411d5c8f3210a38651f313c078fedb780e5bc5023641a8ead6668d4831712 The liquidity was removed multiple times at: https://etherscan.io/tx/0xd747395bf26f952be493d8155723e26cc315f246ff1c128dd59e6cd5bf0119a2 https://etherscan.io/tx/0xdcae64aeec8062ac755b83347dbda7c2d895ad0b8b8066c993a53c5f3e10c674 https://etherscan.io/tx/0xdb6b466838,defi_rekt,https://de.fi/rekt-database?id=49,1
2020-09-19,LV Finance,2166993.5,0.0,2166993.5,Ethereum,Yield,IF,Cyber-Operational,,Exit Scam/Rugpull/Rugpull,The core staking smart contracts were backdoored with the addReward () function. The following contracts accepted deposits from users in different tokens: https://etherscan.io/address/0x80c09d3cc108fa52b7b63cdcc071daebc059a494#code https://etherscan.io/address/0x9e1d0964d519ccb470151dd85e78fc798c75deb7#code https://etherscan.io/address/0x7b63771fdc7ae30bad88b84cf902161ef3c39f80#code https://etherscan.io/address/0xa2a430ce64c1f15f6d3c4a6cce04613986d6f27d#code https://etherscan.io/address/0xb7b3ab,"defi_rekt,slowmist",https://de.fi/rekt-database?id=41 | https://ihodl.com/topnews/2020-09-21/defi-project-lv-finance-turns-out-exit-scam/,2
2020-09-24,UniCat.farm,713402.0,0.0,713402.0,Ethereum,DEX,IF,Cyber-Operational,,Exit Scam/Rugpull/Rugpull,Function setGovernance () was executed 8 times on the farm contract which allowed the external wallet to withdraw staked tokens: https://bloxy.info/txs/calls_from/0x3b01feb685932f6197e5150b4a713008d28af8b0?signature_id=1270634&amp;smart_contract_address_bin=0xb246bcd5baac8e342941d0f803d528b6668e42cd Then liquidity was removed: https://etherscan.io/tx/0x3d9df9fbe848af59e3b2aa1525eaca176da47dca5d1448238cbec99202bb6644 https://etherscan.io/tx/0x8e54ed376048f8a71265629af18323f57e5bf7fcf902454bdced70,defi_rekt,https://de.fi/rekt-database?id=46,1
2020-09-24,Tomatos,286136.0,0.0,286136.0,Ethereum,DEX,IF,Cyber-Operational,,Exit Scam/Rugpull/Rugpull,"The withdrawal of the user's funds was possible by the smart contract's unlimited malicious approval, which granted attacker to take DAI, TrueUSD, USDC-Tomatoes LP, USDC, USDT, and UNI from users' wallets. Users that deposited ETH during the pre-sale did not get project tokens. The project's social media is inaccessible. Stolen funds were deposited into Tornado mixer: 1. 0x96f3bae89b2384461f4b397e1cbbcc2e2560d7fd96899f9071a53d4e05d53924 2. 0xe908da085c565c809cf0352b1118c85c4411997a020ee32b642e74",defi_rekt,https://de.fi/rekt-database?id=44,1
2020-10-09,CBDAO,83884.0,0.0,83884.0,Ethereum,Other,IF,Cyber-Operational,,Exit Scam/Rugpull/Rugpull,The contract deployer took advantage of a hidden minting backdoor in the SBREE smart contract. SBREE tokens were minted in the amount of 50K tokens and converted to BREE tokens. Mint transaction: https://etherscan.io/tx/0x3bf7b06d6737e6d222234acc58dea634c7ff75e6cc447bece6cc264f2e1db9d2 Migration: https://etherscan.io/tx/0xd592c3de3ee1542902ccbfb17c3d3922168568076f8afd7db1f48be3e4fa4677 The address which received new tokens started to dump them in multiple transactions: https://etherscan.io/token,defi_rekt,https://de.fi/rekt-database?id=59,1
2020-10-10,UniCats,200000.0,0.0,200000.0,,DEX,EF,SC-Technical,,Scam,"Encrypted wallet ZenGo researcher Alex Manuskin revealed that UniCats, a so-called &quot;yield farming platform&quot; based on the Ethereum network, is suspected of stealing at least $200,000 in encryption from several users, including the governance token UNI of the decentralized financial platform Uniswap assets. A backdoor in the smart contract allows UniCats to retain control of its user tokens even if these tokens have been withdrawn from the user pool. Previous attacks against Bancor also ",slowmist,https://decrypt.co/43927/ethereum-user-scammed-for-140000-in-uniswap-uni-tokens,1
2020-10-11,WLEO,42000.0,0.0,42000.0,,DEX,EF,SC-Technical,,Casting WLEO,"The WLEO contract of the Ethereum project was hacked, resulting in the theft of $42,000 worth of funds. The hackers stole Ethereum from the pool of the decentralized exchange Uniswap by casting WLEO to themselves and replacing it with Ethereum.",slowmist,https://decrypt.co/44645/ethereum-project-wleo-hacked-for-42000-on-uniswap,1
2020-10-19,XYearn,129526.0,0.0,129526.0,Ethereum,Yield,IF,Cyber-Operational,,Exit Scam/Rugpull/Rugpull,"The project was holding a fundraising event. The investors' funds were deposited in the external wallet, transaction list: https://bloxy.info/txs/transfers_to/0x8ebd07ad578c537a76efe8a21e02ef2ea909f031?currency_id=1 The collected funds from the fundraising event were distributed between other wallets, example transaction: https://etherscan.io/tx/0x77d8d0d525a031e468131c33e31b5ae413173b588007a5560d710d51ef23dcd9 In addition, this external wallet added a small amount into the liquidity at: https:/",defi_rekt,https://de.fi/rekt-database?id=48,1
2020-10-20,Foxy.farm,6154.0,0.0,6154.0,Ethereum,Yield,IF,Cyber-Operational,,Exit Scam/Rugpull/Rugpull,The contract deployer added initial liquidity at: https://etherscan.io/tx/0xc92719075b98c7ae32e7d5a8e70d61573220f8a07dec9468ce897c144577f2fd The contract deployer invoked mint () function to generate new tokens onto his wallet at: https://etherscan.io/tx/0x1780a9285fe8c19630613922e96eff7058f1216a701e9679ea99c006043fd478 The minted tokens were sold by the contract deployer at: https://etherscan.io/tx/0x35cbcf78084775888d62a8094f28b3226cffe1e138536e494b9a12a4ea69e71b,defi_rekt,https://de.fi/rekt-database?id=38,1
2020-10-25,Lootx Finance,2845.0,0.0,2845.0,Ethereum,DEX,IF,Cyber-Operational,,Exit Scam/Honeypot/Honeypot,"The contract owner could disable the transfer function, which restricted users in selling their tokens. The contract deployer added initial liquidity at: https://etherscan.io/tx/0xa6f4cc42def945c35e8662783fe933006d421790d7ea1c727704b17651cb2cf3 The liquidity was removed by the contract deployer at: https://etherscan.io/tx/0x5c976ea30b5915d7fcb4a9d6f2f0d8c056ed53dd38f02a972a4600b8aeba7b73",defi_rekt,https://de.fi/rekt-database?id=207,1
2020-10-26,Harvest Finance,29400000.0,2500000.0,26900000.0,Ethereum,Yield,CPBP,SC-Economic,Ecosystem,Flashloan Price Oracle Attack,"rekt.news entry; audit=Haechi, Peckshield | The Harvest vault priced fUSDC shares using the Curve Y pool's live USDC spot balance (not the manipulation-resistant `get_virtual_price()`), enabling within-block balance manipulation via flash loan for deposit/withdrawal arbitrage | DeFiHackLabs entry (Flashloan Attack) | Quick Summary An attacker exploited a vulnerability in the FARM_USDT and FARM_USDC pools, stealing $33.8 million through a series of flash loans and price manipulation. Details of t","defi_rekt,defihacklabs,defillama,kismp,rekt,slowmist",https://api.llama.fi/hacks | https://de.fi/rekt-database?id=749 | https://github.com/SunWeb3Sec/DeFiHackLabs/blob/main/past/2021/README.md | https://github.com/kismp123/DeFi-Security-Incident/blob/main/2020/2020-10-26_HarvestFinance_FlashLoanPriceManipulation.md | https://rekt.news/leaderboard | https://www.zdnet.com/article/hacker-steals-24-million-from-cryptocurrency-service-harvest-finance/,6
2020-10-28,SharkTron,10000000.0,0.0,10000000.0,,DEX,IF,Cyber-Operational,,Exit Scam/Rugpull/Rugpull,"Quick Summary Malicious function in the staking contract allowed the contract deployer to transfer 229M TRX from it. The tokens were then spread to different EOAs and exchanges. Details of the Exploit The contract deployer had the ability to call the rrInfo() function in the staking contract, which was designed for the malicious transfer of TRX from it. An example of this function calling resulted in a 1M TRX transfer. The code of the smart contract isn’t verified. The deployer then bought SRX a","defi_rekt,slowmist",https://de.fi/rekt-database?id=2578 | https://www.fxstreet.com/cryptocurrencies/news/over-400-million-trx-tokens-stolen-by-defi-protocol-sharktron-202011091401,2
2020-10-30,NanoCore,22924.0,0.0,22924.0,Ethereum,DEX,IF,Cyber-Operational,,Exit Scam/Abandoned/Abandoned,"Custom ERC20 Standard with malicious logic which allows blocking token transferring. ETH for the initial liquidity was received from addLiquidity () function in the token contract, which probably was running from the front-end interface. Initial liquidity 60ETH ($22,924.06) was added at: https://etherscan.io/tx/0x731ae8f63a694f8c9ca698eb96d18bdc4f0ad0c21cb75a5e74ffc9c39bbd97c8 62.48 ETH is still in the Uniswap pair: https://etherscan.io/address/0x0f347b63747a0842abd5e74810311fd3b093bc51 Project ",defi_rekt,https://de.fi/rekt-database?id=196,1
2020-11-02,Axion Network,813848.0,0.0,813848.0,,DEX,EF,SC-Technical,,Exploit/Other/Other,The exploiter: https://etherscan.io/address/0x8b1deff8d7d0eeb1869f9e3e52169f19cabdbb5b The transaction behind the exploit: https://etherscan.io/tx/0xc2a4a11312384fb34ebd70ea4ae991848049a2688a67bbb2ea1924073ed089b4 The exploiter: - funded himself through Tornado Cash mixer https://etherscan.io/tx/0x86f5bd9008f376c2ae1e6909a5c05e2db1609f595af42cbde09cd39025d9f563 - purchased around ~700k HEX2T tokens from the Uniswap exchange https://etherscan.io/tx/0x6b34b75aa924a2f44d6fb2a23624bf5705074cbc748106,"defi_rekt,slowmist",https://cointelegraph.com/news/certik-dissects-the-axion-network-incident-and-subsequent-price-crash | https://de.fi/rekt-database?id=2715,2
2020-11-04,Percent Finance,1900000.0,0.0,1900000.0,,Lending,EF,SC-Technical,,Exploit/Other/Other,"The problem was that the old interest rate contracts have different signatures for ` getSupplyRate ` and ` getBorrowRate `. They return 2 uint values, the first one being an error code. So, after the swap, they were unable to call these functions on the new interest rate contracts, as the signatures do not match. Making the problem worse, these functions are checked before every interaction with these contracts (supplying, borrowing, redeeming, repaying, etc). They are also checked before changi",defi_rekt,https://de.fi/rekt-database?id=2590,1
2020-11-04,PercentFinance,1000000.0,0.0,1000000.0,,Lending,EF,SC-Technical,,Unknown,"DeFi lending platform PercentFinance wrote in a blog on November 4 that some currency markets encountered problems that could cause users&#39; funds to be permanently locked. The team frozen currency markets specifically for USDC, ETH, and WBTC. A total of 446,000 USDC, 28 WBTC and 313 ETH have been frozen, valued at approximately US$1 million. The article stated that half of these fixed funds belonged to PercentFinance&#39;s &quot;community improvement team.&quot; Withdrawals in other markets h",slowmist,https://twitter.com/PercentFinance/status/1324104920727982080,1
2020-11-06,Star Swap,76654.0,0.0,76654.0,Ethereum,DEX,IF,Cyber-Operational,,Exit Scam/Rugpull/Rugpull,The contract deployer added initial liquidity at: https://etherscan.io/tx/0x062cb2e577769ddf531e60d660dbc87bd8ec7201811b73312310ab6e0bebec1c The contract deployer used hidden minting functionality under the starCheck () function to generate new tokens onto his wallet: https://etherscan.io/tx/0x786c863757c156fe689d9d134063353e6c18bf5387c7fa4b51830264eb932dbc The minted tokens were sold by the contract deployer at: https://etherscan.io/tx/0xe621d4aa21f10df1df33ef269643c4765b652770012f07f8c3a99a1fa,defi_rekt,https://de.fi/rekt-database?id=191,1
2020-11-06,YFFC,72446.0,0.0,72446.0,Ethereum,Yield,IF,Cyber-Operational,,Exit Scam/Rugpull/Rugpull,"Quick Summary Investors of the YFFC project lost approx. $72k collectively due to the project deployers right Details of the Exploit YFFC was supposed to be a platform that unites a variety of DeFi platforms, ensuring an easier navigation through the crypto space for users. However, the smart contract contained a function that allowed contract deployer to mint as many $YFFC token as desired.&nbsp; The contract deployer added initial liquidity at: https://etherscan.io/tx/0x02cf382c2ccf626aa2b5b5b",defi_rekt,https://de.fi/rekt-database?id=61,1
2020-11-10,Dswap,330.0,0.0,330.0,Ethereum,DEX,IF,Cyber-Operational,,Exit Scam/Rugpull/Rugpull,The contract deployer added initial liquidity at: https://etherscan.io/tx/0x7d31eaea94ba9944409158bbea32910c4eab0e5a7a796690dce59900c46f769d Project tokens were sold by the contract deployer at: https://etherscan.io/tx/0x0a151e34411c5d00f641d292f420429fbe731b5b1f09e0dc885e6aad145bc690 https://etherscan.io/tx/0x1ae854ebbfe9009a2f8970d566dd2ccd7922bb8958cf915e45175ffcf65d98db The liquidity was removed by the contract deployer at: https://etherscan.io/tx/0x775274b8965238cf25b11896873d3fd3cfbc471e1b,defi_rekt,https://de.fi/rekt-database?id=155,1
2020-11-11,Chessfarm.Tech,167772.0,0.0,167772.0,Binance,DEX,IF,Cyber-Operational,,Exit Scam/Rugpull/Rugpull,"Quick Summary Investors of the Chessfarm.Tech project were betrayed due to the project deployers privileged withdrawal access, which enabled the deployer to extract approx. $167k from the project. Details of the Exploit The Chessfarm.Tech project was a DEX, deployed on the Binance Smart Chain. The project promised to have tackled problems such as hyperinflation and price dumping through its new fair chess distribution. Only 5% of the staking rewards were supposed to go towards the team in order ",defi_rekt,https://de.fi/rekt-database?id=217,1
2020-11-12,Akropolis,2000000.0,0.0,2000000.0,Ethereum,Yield,CPBP,SC-Economic,Ecosystem,Flashloan Reentrancy Attack,"rekt.news entry; audit=CertiK, SmartDec | Reentrancy via malicious ERC20 token: the deposit function did not follow the Checks-Effects-Interactions pattern, allowing reentry before balance update during callback | The attacker created a token contract with the malicious logic, which called deposit again (reentrancy): https://etherscan.io/address/0xe2307837524db8961c4541f943598654240bd62f The attacker: - created a fake token - deposited the fake token - got a callback to the fake token, deposited","defi_rekt,defillama,kismp,rekt,slowmist",https://api.llama.fi/hacks | https://cointelegraph.com/news/akropolis-defi-protocol-paused-as-hackers-get-away-with-2m-in-dai | https://de.fi/rekt-database?id=811 | https://github.com/kismp123/DeFi-Security-Incident/blob/main/2020/2020-11-12_Akropolis_ReentrancyDAI.md | https://rekt.news/leaderboard,5
2020-11-12,Pump Farm,477544.0,0.0,477544.0,Ethereum,Yield,IF,Cyber-Operational,,Exit Scam/Rugpull/Rugpull,The contract deployer interacted with the 3rd party malicious unverified smart contract that received infinite approval for spending the user's approved tokens. He invoked the setMigrator () function at the following transaction: https://etherscan.io/tx/0xcacef01fb0b75344864a2666dcd94ffacb0e70ec241811af962f85328ab30864 This contract called migrate () function multiple times. Example transaction: https://etherscan.io/tx/0x88e788afd3e0efb5d4cc7e49c977075b6c25fed6ad270e8c664d26404142c164 Migrated L,defi_rekt,https://de.fi/rekt-database?id=242,1
2020-11-13,POKeFARM,238435.0,0.0,238435.0,Ethereum,Yield,IF,Cyber-Operational,,Exit Scam/Rugpull/Rugpull,"POKeFARM smart contract was backed by the proxy contract. The major token pair's liquidity wasn't locked. Because the token contract included minting functionality, the owner has minted 1M POK tokens while avoiding the proxy contract. To confuse the community, the contract deployer sent 500K, 250K, 150K, and 100K POK tokens to some wallets. The recipient exchanged POK tokens for 500 ETH, which he subsequently put in Tornado Cash to hide the trace in the following transactions: https://etherscan.",defi_rekt,https://de.fi/rekt-database?id=104,1
2020-11-14,ValueDefi,7000000.0,2000000.0,5000000.0,Ethereum,DEX,CPBP,SC-Economic,Ecosystem,Flashloan Price Oracle Attack,"rekt.news entry; audit=Unaudited | vSafe directly used Uniswap V2 spot price without TWAP validation for deposit/withdrawal ratio calculations, enabling within-block AMM manipulation for deposit/withdrawal arbitrage | Quick Summary A Flash loan attack on ValueMultiVaultBank resulted in a loss of 5.4M DAI. Details of the Exploit The attacker initiated the exploit by flash loaning 80k ETH from Aave and flash swapping 166M DAI from Uniswap. They then swapped 80k for 31M USDT on Uniswap, deposited 2","defi_rekt,defillama,kismp,rekt,slowmist",https://api.llama.fi/hacks | https://de.fi/rekt-database?id=931 | https://decrypt.co/48256/saddest-hack-in-crypto-value-defi-hacked-for-6-million | https://github.com/kismp123/DeFi-Security-Incident/blob/main/2020/2020-11-14_ValueDeFi_FlashLoanOracleManipulation.md | https://rekt.news/leaderboard,5
2020-11-15,Walletreum,138340.0,0.0,138340.0,Ethereum,Lending,IF,Cyber-Operational,,Exit Scam/Rugpull/Rugpull,"Quick Summary Walletreum's project deployer abused the mint() function and extracted $138k from the project and its investors. Details of the Exploit Walletreum was supposed to be an innovative crypto asset management tool focussing on lending and borrowing and real-world application. Unfortunately, the smart contract had malicious functions embedded that allowed the project deployer to mint as many $WALT token as desired. In fact, the contract deployer used the mint () function to generate 500 ",defi_rekt,https://de.fi/rekt-database?id=56,1
2020-11-16,CheeseBank,3300000.0,0.0,3300000.0,Ethereum,DEX,CPBP,SC-Economic,Ecosystem,Flashloan Price Oracle Attack,"Addresses, related to the flash loan attack: The attacker - 0x882d72aaae187f54e85c7a0cb19dfec5316cd9aa Smart contract with the malicious logic - 0x9e0259437804c7bf175421a451bc80611a0b93c3 Transaction behind the attack: https://etherscan.io/tx/0x600a869aa3a259158310a233b815ff67ca41eab8961a49918c2031297a02f1cc The attacker: - took a flash loan of 21k ETH from dYdX - swapped 50 ETH to 107k CHEESE at UniswapV2 - added 107k CHEESE and corresponding 78 ETH into the liquidity pool at UniswapV2 and got ","defi_rekt,defillama,slowmist",https://api.llama.fi/hacks | https://cointelegraph.com/news/cheese-bank-s-multi-million-dollar-hack-explained-by-security-firm | https://de.fi/rekt-database?id=962,3
2020-11-17,Origin Protocol,8000000.0,0.0,8000000.0,Ethereum,DEX,CPBP,SC-Economic,Ecosystem,Flashloan Reentrancy Attack,"rekt.news entry; audit=Unaudited | Quick Summary Origin Dollar (OUSD) was exploited due to a reentrancy attack, leading to an excess minting of OUSD and a loss of 70,000 ETH. Details of the Exploit The attacker borrowed 70,000 ETH from dYdX and exchanged a portion of it for USDT and DAI on Uniswap. They then used these stablecoins to mint OUSD from the Origin Protocol's vault. The attacker exploited a reentrancy vulnerability in the mint function of the OUSD contract to mint more OUSD than the e","defi_rekt,defillama,rekt",https://api.llama.fi/hacks | https://de.fi/rekt-database?id=1038 | https://rekt.news/leaderboard,3
2020-11-17,OUSD,7000000.0,0.0,7000000.0,,Stablecoin,CPBP,SC-Economic,,Flash loan attack,"Matthew Liu, co-founder of Origin Protocol (OGN), a decentralized sharing economy protocol, wrote an article to disclose the details of the lightning loan attack on the US dollar stable currency Origin Dollar (OUSD). So far, the attack has caused about 7 million U.S. dollars in losses, including more than 1 million U.S. dollars deposited by Origin and its founders and employees. Currently, Origin is determining the cause of the vulnerability and whether it can recover the funds. Origin reminded,",slowmist,https://medium.com/originprotocol/urgent-ousd-has-hacked-and-there-has-been-a-loss-of-funds-7b8c4a7d534c,1
2020-11-20,Rubick Finance,20685.0,0.0,20685.0,Ethereum,Yield,IF,Cyber-Operational,,Exit Scam/Rugpull/Rugpull,"The token contract owner minted 1 million RBK tokens to his EOA wallet and exchanged them for 40.57 ETH on the Uniswap. The contract owner gained 10.57 ETH since he earlier added 30 ETH liquidity to the RBK-ETH pair on the Uniswap. Users, who remained with RBK tokens were unable to sell their tokens since all liquidity has been depleted. Swap transaction: https://etherscan.io/tx/0x620e0b9bf77dc062d106465180f9b5d18a2a879a69eed582c9844f1d2cb8869d",defi_rekt,https://de.fi/rekt-database?id=222,1
2020-11-22,Pickle,19700000.0,0.0,19700000.0,Ethereum,Yield,EF,SC-Technical,Protocol Logic,Vault Swap Exploit,"DeFiHackLabs entry (Insufficient validation) | Quick Summary An attacker exploited Pickle Finance's ControllerV4 by deploying malicious smart contracts, leading to a loss of 19M DAI. Details of the Exploit The attacker deployed two smart contracts with malicious logic, which were used to retrieve the amount available to withdraw from StrategyCmpdDaiV2. The ControllerV4.swapExactJarForJar() function was invoked, which doesn't check the Jars and calls them, withdrawing from StrategyCmpDAIV2. This ","defi_rekt,defihacklabs,defillama,rekt,slowmist",https://api.llama.fi/hacks | https://de.fi/rekt-database?id=2353 | https://github.com/SunWeb3Sec/DeFiHackLabs/blob/main/past/2021/README.md | https://rekt.news/leaderboard | https://twitter.com/picklefinance/status/1330242051468910596,5
2020-11-26,Compound Labs,89000000.0,0.0,89000000.0,Ethereum,Lending,CPBP,SC-Economic,,Exploit/Oracle Issue/Oracle Issue,"Quick Summary Two big liquidations occurred on Compound Protocol due to the $DAI price spike.&nbsp; Details of the Exploit Compound is the lending protocol that also provides yield functionality. Around $89 million was liquidated on the protocol Compound due to the oracle issue, as far as Compound's oracle uses Coinbase for pricing data. The price of $DAI token spiked up to $1.3 on the Coinbase Pro exchange. Since many of the loans were undercollateralized, they were liquidated. Block Data Refer",defi_rekt,https://de.fi/rekt-database?id=2363,1
2020-11-26,MiniVault.Finance,17372.0,0.0,17372.0,Ethereum,Yield,IF,Cyber-Operational,,Exit Scam/Rugpull/Rugpull,The primary reason for this project's rug pulling was its proxy contract. The development team declined to destroy the contract's admin keys. They made the decision to replace the proxy contract with a new unverified contract that enabled the mint function. One trillion miniCORE tokens were minted onto the EOA wallet. They were exchanged into ETH by the contract deployer. Mint transaction: https://etherscan.io/tx/0xeaa1d313b6be3a1f0608cc11524d7337dbdafe7b6a4d16a8fe169e8ee439ef23 Swap transaction,defi_rekt,https://de.fi/rekt-database?id=50,1
2020-11-27,Cover protocol,182745.0,0.0,182745.0,Ethereum,Lending,IF,Cyber-Operational,,Exit Scam/Rugpull/Rugpull,The contract deployer added initial liquidity at: https://etherscan.io/tx/0x35695ae8c956bbcbdd702171adc7233515bd4c3791b065ec00fa441cdecfb872 The liquidity was removed by the contract deployer at: https://etherscan.io/tx/0x259a237bcf504ef07b59259c4614f80e6b7ef88f39e5d50b782321011aa86c07 27.11.2020 The contract deployer added initial liquidity a second time at: https://etherscan.io/tx/0xb288e374836f0a0adf7d2dfecfb744e51cfd18f4cbc0b9641a2b7e5ae135517e The liquidity was removed by the contract deplo,defi_rekt,https://de.fi/rekt-database?id=184,1
2020-11-28,Zenith Finance,26354.0,0.0,26354.0,Ethereum,Other,IF,Cyber-Operational,,Exit Scam/Rugpull/Rugpull,"The project was holding the fundraising event, as stated in their Telegram community: https://archive.is/1c587 The address, mentioned in the Telegram post gathered ETH from the investors. Transaction list: https://bloxy.info/txs/transfers_to/0xdc553e9b6e4b771ab53aac159318dfd6693d3822?currency_id=1 The initial liquidity wasn't added. Stolen funds were distributed between some external wallets: https://bloxy.info/txs/transfers_from/0xdc553e9b6e4b771ab53aac159318dfd6693d3822?currency_id=1",defi_rekt,https://de.fi/rekt-database?id=179,1
2020-11-30,Saffron Finance,50000000.0,0.0,50000000.0,,Yield,EF,SC-Technical,,Contract Vulnerability,"DeFi asset mortgage platform Saffron Finance issued an announcement stating that Epoch 1 redemption errors caused by contract loopholes resulted in 50 million DAI deposits deposited by Epoch 1 being locked for 8 weeks. The team is currently working on an emergency fix to solve this problem and will transition to Epoch 2. Saffron Finance is a DeFi asset mortgage platform released by an anonymous team. The token is SFI, allowing liquidity providers to select customized risk exposures to obtain ret",slowmist,https://twitter.com/saffronfinance_/status/1333086689913425922,1
2020-11-30,SushiSwap,15000.0,0.0,15000.0,,DEX,CPBP,SC-Economic,,Price Manipulation,"The liquidity mining project SushiSwap (SUSHI) community governor 0xMaki announced in the Discord group that the SushiSwap vulnerability has been fixed, and the lost funds (approximately US$10,000) will be compensated from the SUSHI asset library. Previously, SushiSwap was attacked by a liquidity provider. The attacker obtained between 10,000 and 15,000 US dollars in a transaction. However, after this operation was discovered by 0xMaki, 0xMaki sent a transaction to the attacker with a message sa",slowmist,https://www.btcfans.com/en-us/flash/id-43549,1
2020-12-01,Compounder.Finance,80000000.0,0.0,80000000.0,,Yield,IF,Cyber-Operational,,Project owner internal operations,"At 3:00 pm on December 1st, Beijing time, the security technical team discovered through Skynet that the Compounder.Finance project located at the address of 0x0b283b107f70d23250f882fbfe7216c38abbd7ca has undergone multiple large-value transactions. After verification, it was found that these transactions were internal operations of Compounder.Finance project owners, transferring a large number of tokens to their own accounts. According to statistics, Compounder.Finance eventually lost a total o",slowmist,https://www.jinse.com/lives/209456.html,1
2020-12-01,Yearnspace,33988.0,0.0,33988.0,Ethereum,Yield,IF,Cyber-Operational,,Exit Scam/Rugpull/Rugpull,The contract deployer had permission to mint tokens as he added himself to the list of minters by invoking addMinter function: https://etherscan.io/tx/0xb3b881552cbf8c89e7b04bf3aea30a6a6cb1f1af284e11aab57c8e7ec8e4583f The owner called the mint function twice at the following transactions: https://etherscan.io/tx/0xaa5b1712a1ac562b0f240caf744f4c04909de295e40c8affca108a1079d29eeb https://etherscan.io/tx/0x95aac0cc7bf28a33dcdc9cd4cbbbe761e946cbff3fb241ab2aedcd5fe8b34183 The total supply was increas,defi_rekt,https://de.fi/rekt-database?id=202,1
2020-12-02,Compounder Finance,12000000.0,0.0,12000000.0,Ethereum,Yield,IF,Cyber-Operational,Rugpull,Drained Contracts,"Quick Summary Contract deployer exploited StrategyController smart contract, transferring funds to his wallet and hiding traces using Tornado Cash mixer. Details of the Exploit The contract deployer exploited the StrategyController smart contract by invoking the inCaseTokensGetStuck() function. This allowed him to transfer funds directly into his wallet. The exploit was carried out in several transactions. After acquiring the funds, the attacker used the Tornado Cash mixer to hide the traces of ","defi_rekt,defillama,rekt",https://api.llama.fi/hacks | https://de.fi/rekt-database?id=249 | https://rekt.news/leaderboard,3
2020-12-04,CoinSWOP,21049.0,0.0,21049.0,Ethereum,DEX,IF,Cyber-Operational,,Exit Scam/Rugpull/Rugpull,The contract owner invoked setMigrator () function at: https://etherscan.io/tx/0xf73a10ee956a010b5b1f3174f60ca02a5dce171808ad76f1ae9bc131259007f1 CoinSWOPMaster smart contract was set as migrator. The smart contract owner called migrate () functions 11 times to withdraw the user's LP tokens with the help of infinite approval. LP tokens were migrated to an unverified smart contract that received real LP tokens and returned fake ones. Then real LP tokens went to the contract deployer as the final ,defi_rekt,https://de.fi/rekt-database?id=251,1
2020-12-07,Farmland Network,892.0,0.0,892.0,Ethereum,Yield,IF,Cyber-Operational,,Exit Scam/Rugpull/Rugpull,"The hidden minting functionality was used to perform the exit scam. The contract deployer added initial liquidity at: https://etherscan.io/tx/0x932dab5bed3813997ecebe84dd5112ef0ef0202296b0091dd3b40df84e304afd The contract deployer increased the token's total supply by invoking initialSupply () function and minting 99,999,999.9 tokens: https://etherscan.io/tx/0xc7c01bd03ce963d4e4eb7bd48d364555bda9fc9b89a4d009cc9f6d28bb5e501c The contract deployer removed liquidity at: https://etherscan.io/tx/0x2f",defi_rekt,https://de.fi/rekt-database?id=261,1
2020-12-07,Reaper Finance,31237.0,0.0,31237.0,Ethereum,Yield,IF,Cyber-Operational,,Exit Scam/Rugpull/Rugpull,The contract deployer minted tokens onto his wallet: https://etherscan.io/tx/0x0a159a37c2e72014209033496cca2ed7ac43e486bdded4ba98ae8c5e3f1e81f1 Project tokens were distributed between different external wallets in the following transactions: https://etherscan.io/tx/0x62257b4152a800543c26eebd7be4cd8bc4b509d887915ec0f9bae448c5111efe https://etherscan.io/tx/0x0b169173716247129ab7f25e1859957f51c36c75d4191087df01ed2259199b98 https://etherscan.io/tx/0x7a0a0a61b54ca8fff839588a51a19f819e3eac61e6e419c490,defi_rekt,https://de.fi/rekt-database?id=263,1
2020-12-08,Vadia Finance,8992.0,0.0,8992.0,Ethereum,DEX,IF,Cyber-Operational,,Exit Scam/Rugpull/Rugpull,The contract deployer added initial liquidity at: https://etherscan.io/tx/0xdbc4f7a5d62f32243055a26d9ee43c2cb2f3d25951340a31f0f74d58ab53f03c The external wallet used hidden minting functionality under the approve () function to generate new tokens onto his wallet at: https://etherscan.io/tx/0xac95d899152692f7444ac79515dddd9f77d2dd4724eb021181084f3b1ec65a07 The minted tokens were sold by the external wallet at: https://etherscan.io/tx/0x96dc3c17a809513d43699b5f709009f2da99c6d807916051e6ebcbcb0c6d,defi_rekt,https://de.fi/rekt-database?id=133,1
2020-12-11,DEFIBase,378721.0,0.0,378721.0,Ethereum,Yield,IF,Cyber-Operational,,Exit Scam/Rugpull/Rugpull,"DEFIBase is a fork of the Base project. There was an error when calling the rebase function, which returned the current token price as opposed to the initial one. With a manual call to the price rebase method, the developers failed 280 transactions. The Telegram chat was muted for the community. 696 ETH was withdrawn from the general pool in a series of transactions. Victims' negative comments: https://etherscan.io/address/0xfda2dca8c4c421ceca5a9a03d20472457dbac1a3#comments",defi_rekt,https://de.fi/rekt-database?id=89,1
2020-12-11,YFFS Finance,130000.0,0.0,130000.0,Ethereum,Yield,IF,Cyber-Operational,,Exit Scam/Rugpull/Rugpull,"According to reports around 300 ETH (~$130,000) was raised in a private pre-sale that took place over the span of under a minute. The developer was aiming to deploy some of the ETH raised in the pre-sale into Uniswap, to allow speculators to bet on the coin. But when it came time to deploy these funds, the Telegram channel was deleted.",defi_rekt,https://de.fi/rekt-database?id=288,1
2020-12-12,CREW,6105.0,0.0,6105.0,Ethereum,Other,IF,Cyber-Operational,,Exit Scam/Rugpull/Rugpull,The project was holding a fundraising event: https://archive.is/8bDTt The presale contract: https://etherscan.io/address/0xD5862D568fee62E746633b58C9eA07b4a0e4F586 Raised funds (10.8 ETH) were distributed to the external address at: https://bloxy.info/txs/transfers_from/0xd5862d568fee62e746633b58c9ea07b4a0e4f586?currency_id=1,defi_rekt,https://de.fi/rekt-database?id=91,1
2020-12-14,DistX,197818.0,0.0,197818.0,Ethereum,Other,IF,Cyber-Operational,,Exit Scam/Rugpull/Rugpull,The contract deployer was holding unfair distribution of the tokens to the following addresses: https://etherscan.io/tx/0x163016f589616071fdcb16b15e89952b53166fd035803967b9d031b9dc775ec1 https://etherscan.io/tx/0x573466be671c66a1fd2d173b0214177b989f1bb9a53d01adbaebef3fd8bd65ae https://etherscan.io/tx/0xa71c693dc9b63ecdc9ecc1c89a23e6ab396d7410545adf9718b0a5c4605ab8f8 0xdf7: - added the initial liquidity to the pair using funds from the presale: https://etherscan.io/tx/0x36c132ed5ec15f8e834d67409b,defi_rekt,https://de.fi/rekt-database?id=144,1
2020-12-15,UnlimitedBase Finance,6283.0,0.0,6283.0,Ethereum,Yield,IF,Cyber-Operational,,Exit Scam/Rugpull/Rugpull,The contract deployer added initial liquidity at: https://etherscan.io/tx/0x2728c8260ab52626d5224f7e819dea30e0f1bf4d6c7be8e77b8f6144e6b4111e The hidden minting functionality was used under the renounceOwnership () function by the contract deployer: https://etherscan.io/tx/0x16326c6efb7d2863c27812bc0b122faba67042535fdc6771d5dcfc5ea8cfb26a The contract deployer sold minted tokens at: https://etherscan.io/tx/0x6188200af44104bde945ca0dcfaa260eee84c058896ff6df7f9e9e0aee86c31f,defi_rekt,https://de.fi/rekt-database?id=272,1
2020-12-17,Tetris Finance,217507.0,0.0,217507.0,,Yield,IF,Cyber-Operational,,Exit Scam/Rugpull/Rugpull,The contract deployer added initial liquidity at: https://www.bscscan.com/tx/0x932f162d0821bf6bf3345fee5336590156c14341b7597fc03ca912ca38bd8a39 The contract deployer used hidden migration functionality under the rewardUpdate () to transfer all LP tokens from the reward distribution contracts onto the own wallet at: https://www.bscscan.com/tx/0x26a4c4163fc5c459da79a89d8d2e6eb85108b484211bfb1fe838fd1b6614d497 https://www.bscscan.com/tx/0x0f1c4a132cd00035ef510a235c9ef1afba0abe2bceb99fd9fae1cf30be89,defi_rekt,https://de.fi/rekt-database?id=2577,1
2020-12-18,Warp Protocol,7800000.0,5800000.0,2000000.0,Ethereum,Lending,CPBP,SC-Economic,Ecosystem,Flashloan Price Oracle Attack,"rekt.news entry; audit=Hacken | Quick Summary Exploitation of WarpFinance via flash loans resulted in a loss of approximately $7.8 million. Details of the Exploit The attacker initiated the exploit by taking four different flash loans of 2.9M DAI + 344.8K WETH from dYdX and UniswapV2. They then deposited the dYdX flash loan into the UniswapV2 pair (WETH-DAI), minting 94.349K LP tokens in return. These tokens were transferred to WarpVaultLP as collateral. The attacker then swapped 341K WETH for 4","defi_rekt,defillama,rekt,slowmist",https://api.llama.fi/hacks | https://de.fi/rekt-database?id=823 | https://rekt.news/leaderboard | https://warpfinance.medium.com/warp-finance-exploit-summary-recovery-of-funds-5b8fe4a11898,4
2020-12-19,Solid Protocol,71555.0,0.0,71555.0,Ethereum,DEX,IF,Cyber-Operational,,Exit Scam/Rugpull/Rugpull,"On LinkedIn, the project team created accounts with fictitious images and identities. The contract deployer distributed tokens in big amounts between external wallets at: https://etherscan.io/tx/0x83dfa98a895d73f057c09642cc5fa214c8c05abec4fc9f3b0d9268fcd40dd868 https://etherscan.io/tx/0x64797cdc25feabc92af7cbf4a0644b80552fb5ccd1160d1b7df0474aa7e548a4 https://etherscan.io/tx/0xb8fa1eff25dd74c0ee5a2db5686f46df56f1e4214706c3dd396a360b311212b0 https://etherscan.io/tx/0xa20c511b169a385b0c58f908c014f3",defi_rekt,https://de.fi/rekt-database?id=87,1
2020-12-21,Sonic Swap,824.0,0.0,824.0,Ethereum,DEX,IF,Cyber-Operational,,Exit Scam/Rugpull/Rugpull,"The contract deployer invoked mint () to generate 100,000 tokens onto his wallet: https://etherscan.io/tx/0x7d8c79bb95d76a1738b7c7fafbdb4daa4e30460f84ee352b227662bcd3eda13a The contract deployer added initial liquidity at: https://etherscan.io/tx/0x5f168df68d307c5a180d9352c6f5bb37693f29731c859ebddc4f527dd12c5626 The liquidity was removed by the contract deployer at: https://etherscan.io/tx/0xcab94141109d8bdffb52730c7ac8080ad4f98d73cca23c456c4a6a9fc9f2f693",defi_rekt,https://de.fi/rekt-database?id=100,1
2020-12-23,Bank Protocol,16867.0,0.0,16867.0,Ethereum,Lending,IF,Cyber-Operational,,Exit Scam/Rugpull/Rugpull,"The project was represented by a fake team, whose members impersonated other people. The project was holding a fundraising event, using BKP_Sales smart contract. 28.63 ETH was gathered from the investors at the following transactions: https://bloxy.info/txs/transfers_to/0xafde309b21922dc45f20adfb659ef36ac984a454?currency_id=1 The liquidity wasn't added. The website and socials are down. Stolen funds were distributed between some regular wallets.",defi_rekt,https://de.fi/rekt-database?id=162,1
2020-12-26,Rapid Set Dollar,47505.0,0.0,47505.0,Ethereum,Stablecoin,IF,Cyber-Operational,,Exit Scam/Rugpull/Rugpull,The contract deployer invoked new implementation to the token contract that caused mint onto 5 separate addresses at: https://etherscan.io/tx/0x4a437898c476f8a2b7f0e499e05136753c6f779707cb5348412cd8cabb2326f0 Token recipients: 1. 0xe11b473534a14716957FE1B8B8ae3e1899fE3Dd5 (contract deployer himself) 2. 0x3d107BEd3CAd678650915103B5C29b79C2452263 3. 0xBb43A07316158799176C3ed54610942DbcaA8369 4. 0xF2EE8af24B05b84980B5E8Fc889C20Cc0Fcc5349 5. 0x228552b03bC47B7fF215BB00C74E6E321E6F51b3 1: - sold token,defi_rekt,https://de.fi/rekt-database?id=105,1
2020-12-29,Cover Protocol,9400000.0,3200000.0,6200000.0,Ethereum,Lending,EF,SC-Technical,Protocol Logic,Incentives Function Mistake,"Quick Summary Exploit in Blacksmith contract leads to theft of $4.4 million in $COVER tokens. Details of the Exploit The attacker exploited the Blacksmith contract by depositing BPT tokens, and then withdrawing them along with a large amount of $COVER tokens. The attacker continued to mint and sell $COVER tokens while the vulnerability was still present. In total, the attacker stole around $4.4 million of user funds. Grap Finance Deployer also exploited the same vulnerability, minting a large am","defi_rekt,defillama,rekt,slowmist",https://api.llama.fi/hacks | https://de.fi/rekt-database?id=2546 | https://rekt.news/leaderboard | https://www.coindesk.com/markets/2020/12/28/cover-protocol-attack-perpetrated-by-white-hat-funds-returned-hacker-claims/,4
2021-01-01,Pacific Protocol,23531.0,0.0,23531.0,Ethereum,Yield,IF,Cyber-Operational,,Exit Scam/Rugpull/Rugpull,The project was holding a fundraising event using Presale smart contract. Funds were gathered and transferred directly to the contract deployer's address: https://bloxy.info/txs/transfers_from/0x25c00eeb754a5f1b9f8e85a0e2deebd0a64cc489?currency_id=1 The contract deployer added initial liquidity using presale funds at: https://etherscan.io/tx/0x37b163636d3cf047f525963847b886837c31b0a0f084e64d6a2642a522f38e2a The liquidity was removed by the contract deployer at: https://etherscan.io/tx/0x5569f1c6,defi_rekt,https://de.fi/rekt-database?id=229,1
2021-01-01,Slicer Finance,14346.0,0.0,14346.0,Ethereum,Other,IF,Cyber-Operational,,Exit Scam/Rugpull/Rugpull,"A fair launch without adding initial liquidity from the contract deployer side. However, the contract deployer invoked the mint () function to generate new tokens onto his wallet at: https://etherscan.io/tx/0xcb78fcc59303212b3b7e285aa5eab7b240694b134d8ab249667a6dfabee02cf6 The minted tokens were sold by the contract deployer at: https://etherscan.io/tx/0xc43131391acbf68e40252ddc3b1e92b85ed4b6daa95d6f64a9b7d9480a800185",defi_rekt,https://de.fi/rekt-database?id=227,1
2021-01-03,Mocha Set Dollar,8780.0,0.0,8780.0,Ethereum,Stablecoin,IF,Cyber-Operational,,Exit Scam/Rugpull/Rugpull,"The contract deployer increased liquidity by utilizing funds from his Binance wallet. When the liquidity of the protocol grew after two days, the owner removed liquidity and transferred funds to his regular wallet. The website is unavailable, and the contract deployer took away 8.9 ETH. https://etherscan.io/tx/0x70514480e3ac84d07a0f8b0868fe35aff13fe7ee0f96f80fe13abdfc8f9e8049",defi_rekt,https://de.fi/rekt-database?id=205,1
2021-01-05,Ohohoh.io,6460.0,0.0,6460.0,Ethereum,Other,IF,Cyber-Operational,,Exit Scam/Rugpull/Rugpull,The contract deployer has minted tokens onto his wallet at: https://etherscan.io/tx/0xf4d022e0ea78529c0ef6d8b55e53728ef9ada395542282959529a6c7ceeb4861 The contract deployer added initial liquidity at: https://etherscan.io/tx/0x530ad85a3a87e5029955f4d0ffafb64329b9db633cd30666c3c0afee6253c4ad The contract deployer transferred tokens to the external address: https://etherscan.io/tx/0xc4eb2dc384e0c21f23398fb17341d84a2a2f299f5d74ed8d6d316c4bd25282f7 The recipient has sold tokens in multiple transacti,defi_rekt,https://de.fi/rekt-database?id=700,1
2021-01-05,Xdef finance,449690.0,0.0,449690.0,Ethereum,Yield,IF,Cyber-Operational,,Exit Scam/Rugpull/Rugpull,"Many users noticed that the project token's rebasing function was always negative. As a result, they were losing tokens in which they had invested. The project also made use of the mint function, which was managed via an EOA wallet: https://etherscan.io/tx/0x365a45f816c396f704938c77260968013e5ff38dc474a10a88f11459df33e100 Another warning flag is a proxy contract. The owner sold a large number of tokens at this transaction: https://etherscan.io/tx/0x16a0abbe9e32f668a2ee254c786da7878a0958aff9669fb",defi_rekt,https://de.fi/rekt-database?id=208,1
2021-01-06,Sifchain Finance,207718.0,0.0,207718.0,Ethereum,DEX,IF,Cyber-Operational,,Exit Scam/Honeypot/Honeypot,"The contract owner could disable the transfer function, which restricted users in selling their tokens. The contract deployer added initial liquidity at: https://etherscan.io/tx/0x43659257190ace6f1ac5a4168a5f3a06256fc8af987ccb1e6d72fd5d0e6be02c The liquidity was removed by the contract deployer at: https://etherscan.io/tx/0x079782c0f550ae66efd5d0e0c961b765df66edeb3cbbe1f5d1bc787fb42761db",defi_rekt,https://de.fi/rekt-database?id=176,1
2021-01-07,PolBase Cash,353807.0,0.0,353807.0,Ethereum,Stablecoin,IF,Cyber-Operational,,Exit Scam/Rugpull/Rugpull,"Quick Summary PolBase Cash was an algorithmic stable coin project that contained unverified smart contracts which empowered the contract deployer to withdraw funds from the operation. Investors were deprived of $350k. Details of the Exploit PolBase Cash an algorithmic stable coin project that boasted three coins. $PBC (PolBase Cash) was the dollar pegged stable coin. In order to enable stabilization mechanisms $PBB (PolBase Bonds) and $PBS (PolBase Share) were introduced, similar to the popular ",defi_rekt,https://de.fi/rekt-database?id=111,1
2021-01-09,Dipex,16957.0,0.0,16957.0,Ethereum,DEX,IF,Cyber-Operational,,Exit Scam/Rugpull/Rugpull,"The contract deployer added initial liquidity at: https://etherscan.io/tx/0x0277b502aa52ce719a8eb259b443d1118a492913025f3da125e5ce5d61b74edc The contract deployer locked liquidity at: https://etherscan.io/tx/0x6eead116e0ceccea3f1cf2ccaf29bc0e15487d4fa8055dfb77415a6440365254 The contract deployer invoked approveAndCall () function, which included an external wallet and addedValue&nbsp; amount as the input data: https://etherscan.io/tx/0x5b6f330b2180b53cc6655babf018d8ddceba6b8fba81c6c6471ec60add24",defi_rekt,https://de.fi/rekt-database?id=117,1
2021-01-13,Bio Farm,73244.0,0.0,73244.0,Ethereum,Yield,IF,Cyber-Operational,,Exit Scam/Rugpull/Rugpull,The contract deployer added initial liquidity at: https://etherscan.io/tx/0xb3796704bae8992ce88484d4bcf083197d6b13b0501cd1082b78e6a18f200ff0 The contract deployer sent minted tokens to the external address at: https://etherscan.io/tx/0xbdae09f00f78e3cc3520c5cb473e95c7d0b95201450c932b794965c48bd7d3c9 The external address added liquidity using received tokens at: https://etherscan.io/tx/0x507d8fcceddedb8a8b6152a780f03680b283231dd6f03ba5ed71666fdf52aef6 The liquidity was removed by the external add,defi_rekt,https://de.fi/rekt-database?id=224,1
2021-01-15,Cubic Finance,216694.0,0.0,216694.0,Ethereum,Yield,IF,Cyber-Operational,,Exit Scam/Rugpull/Rugpull,The project was holding a presale event at: https://app.bounce.finance/fixed-swap/5048 304 ETH were raised in total. 1. The contract deployer transferred tokens to the external wallet at: https://etherscan.io/tx/0x08779ce4a35d90939861e08fc470cdaf7bf946fb9fe2bddb4025f364fda805ec 2. The token recipient added initial and further liquidity at: https://etherscan.io/tx/0xcff977ee5e3184b1eb6d5a9b8710a28638a245b54fdf968c3c22d26ffa816858 https://etherscan.io/tx/0xb97cfbb3d5554cb05a92c43aa2f365add857ca902,defi_rekt,https://de.fi/rekt-database?id=226,1
2021-01-19,Saddle Finance,275735.0,0.0,275735.0,,DEX,EF,SC-Technical,,Exploit/Other/Other,"After the Saddle Finance official launch, some pools were arbitraged for millions within hours of launch. Example of transactions: https://etherscan.io/tx/0x299ff1ac7fcec4624ec63bd0192f3df1fc8ca48211e898ac9d6caa828a33de46 https://etherscan.io/tx/0x3c351cea655b8a50348e6ffa1bfff5b4ce68f99366cfad3d8a02ffb01f63138a Saddle Finance response: ""Some of the early transactions were executed with high slippage. From our initial investigation the smart contracts are functioning as expected, but individuals ","defi_rekt,rekt",https://de.fi/rekt-database?id=2714 | https://rekt.news/leaderboard,2
2021-01-21,Yearn Machine Learning,100367.0,0.0,100367.0,Ethereum,Yield,IF,Cyber-Operational,,Exit Scam/Rugpull/Rugpull,The project was holding a presale event using proxy: shorturl.at/nrtwT The liquidity wasn't added. The stolen Ether (90.30 ETH) was deposited into the Binance exchange: https://bloxy.info/txs/transfers_from/0x432cab608c3f72814e303692da5310b21e887c69?currency_id=1,defi_rekt,https://de.fi/rekt-database?id=239,1
2021-01-21,Rbase Finance,307098.0,0.0,307098.0,Ethereum,Yield,IF,Cyber-Operational,,Exit Scam/Rugpull/Rugpull,The project was holding the presale event. Funds were gathered directly on the EOA wallets: https://etherscan.io/txs?a=0x516b5abd608ef7bb1491dd1578ab110d51080907&amp;p=3 https://etherscan.io/txs?a=0xe849c544cf389bc6846db54f38a6e5070be33474&amp;p=2 The raised funds were transferred to the contract deployer at (550 ETH in total): https://etherscan.io/tx/0x5bb82b766b8b5c23f64a74bf058d3ad63c7115935cee0ee7bc065482cf189c88 https://etherscan.io/tx/0xfd73d9147b92373aa308579e1abf2cbe59a5c038be831de87f172,defi_rekt,https://de.fi/rekt-database?id=138,1
2021-01-22,Poz finance,56292.0,0.0,56292.0,Binance,Yield,IF,Cyber-Operational,,Exit Scam/Rugpull/Rugpull,"According to the pinned message in the project's announcement channel on Telegram, the project team was holding a pre-sale event at that moment: https://archive.is/BTpkP, where funds receiver was this Presale smart contract: https://bscscan.com/address/0x354f675d445c34d396e3bbfbbe15c714296b4d92 Presale smart contract transferred raised funds to the final recipient - the contract deployer wallet. This fact can be verified by the transaction list from 21.01.2021 (start of the presale event): https",defi_rekt,https://de.fi/rekt-database?id=67,1
2021-01-23,WOLF Protocol,30022.0,0.0,30022.0,Ethereum,Yield,IF,Cyber-Operational,,Exit Scam/Rugpull/Rugpull,Quick Summary The deployer of the WOLF Protocol exploited users by trapping liquidity providers through locking funds and minting $WFLP token to an EOA that was not blacklisted. This exploit netted the deployer approx. $30k in ill-gotten funds. Details of the Exploit The Wolf protocol promised to be a DeFi revolution offering staking and yield solutions on three different blockchains. The website boasted a fake team and a fake roadmap. The smart contract contained malicious rights that could onl,defi_rekt,https://de.fi/rekt-database?id=121,1
2021-01-26,Elastic Staking,208514.0,0.0,208514.0,Ethereum,Yield,IF,Cyber-Operational,,Exit Scam/Rugpull/Rugpull,The contract deployer minted tokens onto his wallet: https://etherscan.io/tx/0x5f767b81526aa89a6cf2e777fad52253335f94439183bddaa2da5a027c783b15 The contract deployer airdropped tokens to the community members at: https://etherscan.io/tx/0xe1faff1ce74c541bba1d2376603d028bc380dd88692e6a0f5fe6176c132631e3 https://etherscan.io/tx/0x563523b43b273418f6c0f0cf8e40b5c94b2a1722009d16e214c2226d2492fd64 https://etherscan.io/tx/0xc9c4771bc5c6915e4f2c045b2c57b25bc4b6a4965cda7d6bee94a0251140ed6c When the liqui,defi_rekt,https://de.fi/rekt-database?id=237,1
2021-01-28,PopcornSwap,2241690.0,0.0,2241690.0,Binance,DEX,IF,Cyber-Operational,,Exit Scam/Rugpull/Rugpull,"The address behind the exit scam: https://www.bscscan.com/address/0xFd6042Df3D74ce9959922FeC559d7995F3933c55 This address, marked as Phishing, got an unlimited allowance for transferring users' LP tokens from the Master Chef contract. The phishing address has withdrawn LP tokens onto his wallet by calling transferFrom () function into the Master Chef contract at: https://www.bscscan.com/tx/0xe214c0f71b5f270eff6006b05a469178425dc2e38de0123c16c16074b769cfb3 https://www.bscscan.com/tx/0x4bdb3728b94",defi_rekt,https://de.fi/rekt-database?id=116,1
2021-01-29,Binary Protocol,3924.0,0.0,3924.0,Ethereum,DEX,IF,Cyber-Operational,,Exit Scam/Rugpull/Rugpull,"The contract deployer used a hidden minting functionality under the function initialSupply (), which was invoked by the contract deployer 3 times: https://etherscan.io/tx/0x7467abb573c49a7f9afa29a0d086db87b05470132e5a3e4f1c32cee80293a521 https://etherscan.io/tx/0xf4b6c14069f1d9761c40c11f4132be2cc0361d86b2b069c551e51deadbc2293c https://etherscan.io/tx/0x672689de6495180d7301f9282dac828d6aad609d9a1fb7bb7f36b7a6623dc887 In the function input data, the recipient address of the minted tokens was this ",defi_rekt,https://de.fi/rekt-database?id=123,1
2021-01-30,Zap Finance,22461.0,0.0,22461.0,Binance,DEX,IF,Cyber-Operational,,Exit Scam/Rugpull/Rugpull,The contract deployer migrated the users' LP tokens by invoking depositReward () function at: https://bscscan.com/tx/0xad5c9ab2d67fe09046a30e0f53dc628c75506734d4ac96dc5290d9fb60e6dde4 https://bscscan.com/tx/0x82189550cf2160e1c6e2fc00b5f60a403c4ed362734ea4090f369bcad644a605 The liquidity was removed by the contract deployer at: https://bscscan.com/tx/0x50bfb24461dfb27e750f0ba4fa0f7754ec3a5d657c41cf9f41dbc7aead3a6b99 https://bscscan.com/tx/0xc00da145ac76c16eda42c7945c78b8dc8a9a509a9583a8d0a2b69316,defi_rekt,https://de.fi/rekt-database?id=113,1
2021-01-30,Tin Finance,137342.0,0.0,137342.0,Binance,Yield,IF,Cyber-Operational,,Exit Scam/Rugpull/Rugpull,"The project was holding a presale event using a separate smart contract: https://www.bscscan.com/address/0xe9e3864fd7f49a0b62ac68e99ed5da67ed7ab7f6#code The final recipient was the token contract deployer, he received funds at: https://www.bscscan.com/address/0x75b84a45fd046c01e3cd9ac725e991a8d28fe5f7#internaltx 3,064 BNB, gathered from the presale, were transferred to the external wallet at: https://www.bscscan.com/tx/0xc5899580b98933a1b3aae98216ed43c19da8589e3715ef113ac4392c2a55f99d The BNB re",defi_rekt,https://de.fi/rekt-database?id=221,1
2021-02-01,Multi Financial,258050.0,0.0,258050.0,,Other,IF,Cyber-Operational,,Exit Scam/Rugpull/Rugpull,"According to Binance Smart Chain investors, Multi Financial fled on February 1st, taking approximately 5000 BNB in one day. The compromised investor alleged that it had notified to the police and Binance had banned the project party's address.",defi_rekt,https://de.fi/rekt-database?id=2768,1
2021-02-02,Rfyield Finance,7193.0,0.0,7193.0,Ethereum,Yield,IF,Cyber-Operational,,Exit Scam/Rugpull/Rugpull,The contract deployer added initial liquidity at: https://etherscan.io/tx/0x9ecec12043a2d6e083e329c575a47b6f2965b4cb998197a9c0fdb6f45726428f The liquidity was removed by the contract deployer at: https://etherscan.io/tx/0xce29086ae06a7ba048277b2802667ad7111de061a1045c74f0333ed2c74bd76d,defi_rekt,https://de.fi/rekt-database?id=233,1
2021-02-05,Yearn Finance,11000000.0,1700000.0,9300000.0,Ethereum,Yield,CPBP,SC-Economic,Ecosystem,Flashloan Price Oracle Attack,"yVault calculates prices based on Curve 3Pool's current balances, allowing price distortion when pool imbalance is manipulated | rekt.news entry; audit=Unaudited | Yearn v1 yDAI vault was attacked and the attackers stole 2.8 million US dollars. Banteg, the core developer of Yearn finance, subsequently stated that the attacker received 2.8 million US dollars and vault lost 11 million US dollars. | Quick Summary An attacker exploited dYdX, Aave v2, Compound, and Curve in a complex flash loan attac","defi_rekt,defillama,kismp,rekt,slowmist",https://api.llama.fi/hacks | https://de.fi/rekt-database?id=796 | https://github.com/kismp123/DeFi-Security-Incident/blob/main/2021/2021-02-04_Yearn_yDAI_CurvePoolImbalance.md | https://rekt.news/leaderboard | https://twitter.com/iearnfinance/status/1357451290561937408,5
2021-02-08,Tranquility Defi,12702.0,0.0,12702.0,Ethereum,Yield,IF,Cyber-Operational,,Exit Scam/Rugpull/Rugpull,The contract deployer added initial liquidity at https://etherscan.io/tx/0xef3e733b7305057688bd87041c4e4b082f417dbab0cb1b17b447929202c01da9 The liquidity was removed multiple times by the contract deployer: https://bloxy.info/txs/calls_from/0xcf4c4d29932cae67ae1cbc9cca653d023a8406fa?signature_id=1137786&amp;smart_contract_address_bin=0x7a250d5630b4cf539739df2c5dacb4c659f2488d,defi_rekt,https://de.fi/rekt-database?id=106,1
2021-02-08,BT.Finance,1683635.5,0.0,1683635.5,Ethereum,Yield,CPBP,SC-Economic,,Exploit/Flash Loan Attack/Flash Loan Attack,"The transaction behind the attack: https://etherscan.io/tx/0x82f95242963ac274d63e78234cb71c156f3135c32037e7e5b4424a6043da2a9a The attacker's address: https://etherscan.io/address/0x358abccb4f5bb715482271890929fdabb3015878 The exploiter made a total profit of 31.87renBTC and 211 ETH, and used REN and Tornado.Cash to transfer assets anonymously. Deposits into Tornado Cash mixer: https://bloxy.info/txs/calls_from/0x358abccb4f5bb715482271890929fdabb3015878?signature_id=994162&amp;smart_contract_addr","defi_rekt,slowmist",https://de.fi/rekt-database?id=2547 | https://twitter.com/btdotfinance/status/1358989066814033920,2
2021-02-09,Growth DeFi,1350886.0,0.0,1350886.0,Ethereum,Yield,CPBP,SC-Economic,Ecosystem,Flashloan Price Oracle Attack,"The attacker's address: https://etherscan.io/address/0x5e05bc89ae5f21b48500d9685526e0dab421a04b The attacker created a fake token called AXZ and supplied rAXZZ/GRO liquidity. He then staked it in the contract and pulled out the other pair. The attacker: - swapped 0.001 WETH for ~0.0148 GRO: https://etherscan.io/tx/0x97373e454e0d5bc7b552de8075c33ea257f570bea519dc2c6220658257b304b5 - added ~0.0148 GRO and 100,000,000,000 AXXZ into Uniswap liquidity pair: https://etherscan.io/tx/0xa94c42b8d29036991","defi_rekt,defillama",https://api.llama.fi/hacks | https://de.fi/rekt-database?id=2548,2
2021-02-09,The Big Combo (Growth DeFi),1300000.0,0.0,1300000.0,,Yield,EF,SC-Technical,,,rekt.news entry; audit=Consensys Dilligence,rekt,https://rekt.news/leaderboard,1
2021-02-13,Alpha Finance,37500000.0,3700000.0,33800000.0,Ethereum,Lending,CPBP,SC-Economic,Ecosystem,Flashloan Pool Shares Exploit,"rekt.news entry; audit=Quantstamp, Peckshield | Quick Summary An attacker exploited a bug in Cream's Iron Bank, resulting in a loss of 13,244.63 WETH, 3.6M USDC, 5.6M USDT, and 4.26M DAI. Details of the Exploit The attacker manipulated the system by swapping ETH for UNI, supplying ETH + UNI to the Uniswap pool, and swapping ETH for sUSD on Uniswap. They then deposited sUSD to Cream’s Iron Bank, borrowed 1000e18 sUSD, deposited UNI-WETH LP to WERC20, and used it as collateral. The attacker then r","defi_rekt,defillama,rekt,slowmist",https://api.llama.fi/hacks | https://de.fi/rekt-database?id=733 | https://medium.com/cream-finance/alpha-homora-v2-exploit-post-mortem-344d277bdea6 | https://rekt.news/leaderboard,4
2021-02-14,Sakura DeFi,76480.0,0.0,76480.0,Ethereum,Lending,IF,Cyber-Operational,,Exit Scam/Rugpull/Rugpull,The contract deployer created a presale and transferred tokens to the presale smart contract at: https://etherscan.io/tx/0x0998d9c8fec27d29df3e0a12a25f4594d6612cded1c4eb90ecc90b4b757070f5 103.11 ETH were added to the initial liquidity while 44.19 ETH were transferred to the contract deployer's address: https://etherscan.io/tx/0x7ce4b606cd53a8a5d269a4d296f6bd6a337baa1355a9d7b21eaaa3be320ed3a1 The stolen funds were transferred through different external wallets and finally deposited to Binance exc,defi_rekt,https://de.fi/rekt-database?id=150,1
2021-02-15,Wallstreetswap Finance,2905021.0,0.0,2905021.0,Binance,Yield,IF,Cyber-Operational,,Exit Scam/Rugpull/Rugpull,"Quick Summary Wallstreetswap Finance rug pulled its investors by introducing a backdoor into its smart contracts, granting the project deployer to transfer of all LP positions at will. The exploit cost investors approx. $2,9 million in damages. Details of the Exploit Wallstreetswap Finance was a DEX on the Binance Smart Chain that offered the typical DEX services such as staking, farming, and swapping. The factory contract contains a line that approves both tokens' balances to the malicious acto",defi_rekt,https://de.fi/rekt-database?id=146,1
2021-02-25,Leverage X,399855.0,0.0,399855.0,Ethereum,Yield,IF,Cyber-Operational,,Exit Scam/Rugpull/Rugpull,The project was holding a fundraising event using TokenSale smart contracts: https://etherscan.io/address/0x0e98f782ea6e0e80a919801e35ed35013d3f26ad#code https://etherscan.io/address/0xefb433255a52c3080bd9b106245723cd37c24e97#code The final funds' recipient from the presale was the contract deployer: https://etherscan.io/address/0x0e98f782ea6e0e80a919801e35ed35013d3f26ad#internaltx https://etherscan.io/address/0xefb433255a52c3080bd9b106245723cd37c24e97#internaltx (469.83 ETH raised in total) The,defi_rekt,https://de.fi/rekt-database?id=137,1
2021-02-27,Yeld.finance,160000.0,0.0,160000.0,,Yield,CPBP,SC-Economic,,Flash loan attack,"The DAI pool of Yeld.finance, the DeFi revenue aggregator, was attacked by a lightning loan, resulting in a loss of 160,000 DAI, involving more than 10 users. Tether, TrueUSD and USDC were not affected. According to reports, Yeld’s problem is consistent with the previous Yearn.Finance DAI pool vulnerability problem. The official also stated that the affected users will be repaid with tokens, which will be rewarded with income from the DAI pool to make up for some of their losses. Later, Yeld.fin",slowmist,https://twitter.com/YeldF/status/1365623299552772096,1
2021-02-28,HoneySwap.Fi,3280848.0,0.0,3280848.0,Binance,DEX,IF,Cyber-Operational,,Exit Scam/Rugpull/Rugpull,"The attack description: 1. Deploying MasterChef 2. Setting MasterChef ownership to the unverified smart contract: https://bscscan.com/tx/0xdc7478ace40fdeca8791fb2a85ebc903f6b2d9a881d0b066280cb5a02d7ca13b 3. Unverified contract was set as the migrator: https://bscscan.com/address/0xf5b2f301d5936a4f72b5a6a159c20432cc9f563f 4. Calling migrate function on each pool, even without any tokens already staked, this call still grants an infinite amount of allowance to the current migrator, which is the un",defi_rekt,https://de.fi/rekt-database?id=143,1
2021-03-01,Cake Lock,310654.0,0.0,310654.0,Binance,Yield,IF,Cyber-Operational,,Exit Scam/Rugpull/Rugpull,"The project was holding a fundraising event using TokenSale smart contract: https://bscscan.com/address/0x571e95084f68c3d8cca3613439c8bae2963f6846#code The contract deployer was the final recipient of the funds from the presale: https://bscscan.com/address/0xd580f1de796eed2b7728c690e5e570eda336a8ec#internaltx After the presale, the initial liquidity was added by the contract deployer: https://bscscan.com/tx/0x13297002df3d72ca11574cb2279cea59de8eff65eea6cfefb3896fdeeb1a9106 The contract deployer ",defi_rekt,https://de.fi/rekt-database?id=141,1
2021-03-04,Meerkat Finance,31500000.0,0.0,31500000.0,BSC,Lending,IF,Cyber-Operational,Rugpull,Drained Contracts,"rekt.news entry; audit=Unaudited | Quick Summary Meerkat Finance was allegedly rug-pulled by its team or an external attacker for the amount of $31 million through proxy upgradable smart contracts. Details of the Exploit Meerkat Finance was a fork of the successful Alpaca Finance project. Essentially, Meerkat Finance was a lending and yield aggregation protocol offering its users yield through lending assets or pledging assets to the platform's vaults. The vaults would pursuit automated investme","defi_rekt,defillama,rekt,slowmist",https://api.llama.fi/hacks | https://de.fi/rekt-database?id=2368 | https://rekt.news/leaderboard | https://www.chainbs.com/article/2059798,4
2021-03-04,Mars Farm,37645.0,0.0,37645.0,Binance,Lending,IF,Cyber-Operational,,Exit Scam/Rugpull/Rugpull,The contract deployer minted tokens onto his wallet at: https://bscscan.com/tx/0x152671f89b7d42fe59b52bd602f757bc55c36d749bb22dec9bcb8503909b1c7b The contract deployer added initial liquidity at: https://bscscan.com/tx/0x52037a40a612d1fd259daa937d0f260ee7f37d21410aefdee48c889c71d4b475 Liquidity was removed by the contract deployer at: https://bscscan.com/tx/0xb74338b1d2e30a40a80748c6a9e4249c13082b5ba8ae6aea4a439801844ad986,defi_rekt,https://de.fi/rekt-database?id=62,1
2021-03-04,Thunder Finance,18558.0,0.0,18558.0,Binance,DEX,IF,Cyber-Operational,,Exit Scam/Rugpull/Rugpull,The contract deployer added initial liquidity at: https://bscscan.com/tx/0x01c0187ff78abbaa8badca00e265e1c39edd6fcf7e03893a1e6e6146cf5fd19a Liquidity was removed by the contract deployer at: https://bscscan.com/tx/0x368154f84c7e9c1937642971dcd4cf06f22ff9a608c697e7910c46792699c21c,defi_rekt,https://de.fi/rekt-database?id=47,1
2021-03-07,ChaddyFinance,12524.0,0.0,12524.0,Binance,Yield,IF,Cyber-Operational,,Exit Scam/Rugpull/Rugpull,"The contract deployer added initial liquidity at: https://bscscan.com/tx/0xebea55705b50553a58a8d4b9888821571c1129b3a9466cfb11c9ba917fdde537 The contract deployer removed liquidity at: https://bscscan.com/tx/0x5bc3700295df312c491cd3e3368e9fb63e0a752c4e6d67d0ad18b199f0c1eb0d In addition, the project was holding a fundraising event using a Proxy smart contract: https://bscscan.com/address/0x91889f13844b819251a88bb493fcffd640def1a9#internaltx The final token recipient was EOA, which then transferred",defi_rekt,https://de.fi/rekt-database?id=99,1
2021-03-07,MoltenSwap,121994.0,0.0,121994.0,Binance,DEX,IF,Cyber-Operational,,Exit Scam/Rugpull/Rugpull,"The Master Chef contract contains hidden functionality under the set () function, which was invoked multiple times by the contract deployer at: https://explorer.bitquery.io/bsc/txs/calls?internal=false&amp;contract=0xb9c56744f90f3b8f6da2650485846650c33e7070&amp;method=d9638422 Calling set () function led to the LP tokens transfer onto the external wallet, example transaction: https://bscscan.com/tx/0x3b8ed32a339123f0a7abf56abdfe32a86761c2bc2d00f1ebec6c472c4b53de91 (at the bottom of the list) The",defi_rekt,https://de.fi/rekt-database?id=112,1
2021-03-09,DODO AMM,2000000.0,3100000.0,0.0,Ethereum,DEX,CPBP,SC-Economic,Protocol Logic,Access Control Exploit,"DeFiHackLabs entry (Flashloan Attack) | rekt.news entry; audit=Unaudited | DVM.init() function lacks an `initialized` flag, allowing it to be called again at any time | The exploits targeted several DODO V2 Crowdpools, namely the WSZO, WCRES, ETHA, and FUSI pool. The DODO V2 Crowdpooling smart contract has a bug that allows the init () function to be called multiple times. This means that an exploiter can perform an attack with the following steps: 1. Exploiter creates a counterfeit token and in","defi_rekt,defihacklabs,defillama,kismp,rekt,slowmist",https://api.llama.fi/hacks | https://de.fi/rekt-database?id=2555 | https://dodoexhelp.zendesk.com/hc/en-us/articles/900004873746--3-1-million-assets-recovered-Crowdpooling-to-be-re-enabled-after-new-audits-next-week | https://github.com/SunWeb3Sec/DeFiHackLabs/blob/main/past/2021/README.md | https://github.com/kismp123/DeFi-Security-Incident/blob/main/2021/2021-03-09_DODO_FlashLoan_ReInit.md | https://rekt.news/leaderboard,6
2021-03-09,KoiSwap,19950.0,0.0,19950.0,Binance,DEX,IF,Cyber-Operational,,Exit Scam/Rugpull/Rugpull,"The contract deployer added the initial liquidity at: https://bscscan.com/tx/0xa5bad7abc32f5d50a965ee258a11c7ef8196681cb941a7051363551d4e85c812 The liquidity was removed by the contract deployer at: https://bscscan.com/tx/0x0c1e68fb68dad08e3b45a2be7b17513d8107809e6939da84847e97f4f0d6cfe3 In addition, the contract deployer sold tokens multiple time at: https://explorer.bitquery.io/bsc/txs/calls?caller=0xc0acd947e60cb9bd31fd9a6146842d4596a5d6c6&amp;contract=0x05ff2b0db69458a0750badebc4f9e13add608c",defi_rekt,https://de.fi/rekt-database?id=101,1
2021-03-10,DiceSwap,29780.0,0.0,29780.0,Binance,DEX,IF,Cyber-Operational,,Exit Scam/Rugpull/Rugpull,"The Master Chef contract contains hidden functionality under the set() function, which was invoked multiple times by the contract deployer at: https://explorer.bitquery.io/bsc/txs/calls?internal=false&amp;contract=0x08eee9c8d38804dcba77e66aab0deb5064c21370&amp;method=d9638422 Calling set() function led to the LP tokens and native tokens transfer onto the external wallet, example transaction: https://bscscan.com/tx/0x6a16dd9fcc7c6ec3d563096269f9f70eac5edd7d4b1a5ec1509fac62de3ecbf6 The liquidity w",defi_rekt,https://de.fi/rekt-database?id=102,1
2021-03-11,Rise Protocol,59164.0,0.0,59164.0,Ethereum,Yield,IF,Cyber-Operational,,Exit Scam/Rugpull/Rugpull,"The contract deployer added initial liquidity at: https://etherscan.io/tx/0xab9d2e399558ca7000f520586427cf15f8d93355540a6926c9b516460f2d293a https://etherscan.io/tx/0x2d49344f24fbba0609c55f5d426a9ac1c5a5ae6d9d1f463165d287ad7b82cd35 The liquidity was locked till February 12. When the liquidity was unlocked, the contract deployer removed it at: https://etherscan.io/tx/0x3697937bf8b399e98c219f3279b028c864197ed65529f6a28d8d77cdf5d60602 The part of tokens was sold by the contract deployer at: https:/",defi_rekt,https://de.fi/rekt-database?id=75,1
2021-03-12,True Seigniorage Dollar,16644.0,0.0,16644.0,Ethereum,Stablecoin,IF,Cyber-Operational,,Exit Scam/Rugpull/Rugpull,"From the project's Twitter publication: ""A malicious attacker has just utilized $TSD DAO to mint 11.8 billion tokens to his own account and sold all to Pancakeswap. Here is what happened: 1. Due to long Debt phase, people unbond from DAO because they no longer have rewards from expansion.. 2. Dev account has only 9% of the DAO. We failed once when proposing the Implementation to enable the crosschain bridge. In this case, Dev account does not have enough stack to vote against the attacker. 3. Wh",defi_rekt,https://de.fi/rekt-database?id=74,1
2021-03-13,SynLev,277897.0,0.0,277897.0,Ethereum,DEX,IF,Cyber-Operational,,Exit Scam/Rugpull/Rugpull,The removeLiquidity () function makes a call of the external function getSharePrice () in vaultHelper contract: https://etherscan.io/address/0xe0d6b68403d32dd659e452db880393df15fa00f2#code vaultHelper is a proxy contract with EOA owner - 0xa2e316cbfa81640ce509ab487867a136b75c83c4 The owner could set any address as price aggregator in vaultHelper calling proposeVaultPriceAggregator () A new aggregator (unverified contract) was provided in the transaction: https://etherscan.io/tx/0xc888619c64524f8,defi_rekt,https://de.fi/rekt-database?id=94,1
2021-03-15,LaserSwap Cash,1280809.0,0.0,1280809.0,Binance,DEX,IF,Cyber-Operational,,Exit Scam/Rugpull/Rugpull,"The contract deployer added initial liquidity at: https://bscscan.com/tx/0xf893069f583fea636b66688b9bbed194391eb2c52f5b704bb81c7976c5e100bf The contract deployer transferred LP tokens to the external wallet at: https://bscscan.com/tx/0xe2ef4781fac3093477ea974821751a6d33877c7a046fd08a3267caa639c46000 https://bscscan.com/tx/0x7c0f27015d5b2efc41036bcab1b874e46f45be5b81da9c966755fb4117dce46f The LP token recipient deposited tokens to the MasterChef, which was behind the upgradeable proxy contract. A",defi_rekt,https://de.fi/rekt-database?id=73,1
2021-03-15,DEUS Finance,3000000.0,0.0,3000000.0,Fantom,Lending,CPBP,SC-Economic,Ecosystem,Flashloan Price Oracle Attack,rekt.news entry; audit=Unaudited,"defillama,rekt",https://api.llama.fi/hacks | https://rekt.news/leaderboard,2
2021-03-15,TSD,7095340.0,0.0,7095340.0,,DEX,EF,SC-Technical,,Contract Vulnerability,"A cross-chain stablecoin (TSD) on ETH and BSC stated that malicious attackers used TSD DAO to mint 11.8 billion TSD tokens in their accounts and sold them all on Pancakeswap. The specific process is that True Seigniorage Dollar stated that the developer account only has 9% of the DAO, and the malicious attacker has gradually controlled 33% of the DAO with the accumulation of low prices, and then proposed an implementation plan and voted in favor. In the implementation, the attacker added code to",slowmist,https://tokenpost.com/Stablecoin-TSD-Comes-Under-Attack-With-118B-Coins-Minted-And-Sold-By-Hacker-7404,1
2021-03-16,Bep Finance,212432.0,0.0,212432.0,Binance,Yield,IF,Cyber-Operational,,Exit Scam/Rugpull/Rugpull,"The project was holding a fundraising event, this was stated as their Telegram announcement: https://archive.ph/QUjcL#selection-141.0-141.42 The external address was the recipient of the investors' funds. In total, 821.79 BNB was gathered during the fundraising event: https://explorer.bitquery.io/bsc/address/0x701aacd6bb09a0e10d39d67259e58e493faefe76 All the funds were distributed between some external wallets at the following transactions: https://bscscan.com/tx/0x4926be51f53d478dac8d2c0061d537",defi_rekt,https://de.fi/rekt-database?id=71,1
2021-03-16,Iron Finance,170000.0,0.0,170000.0,,Stablecoin,EF,SC-Technical,,Affected by Cloud Service Upgrade,"Recently, Iron Finance, a stablecoin mortgage platform based on Binance Chain, was attacked. Two vFarm liquidity pools (50% IRON—50% SIL pool; 50% IRON—50% BUSD pool) lost a total of 170,000 US dollars. Later, the official publication of the incident stated that: 1. The cause of the attack was due to the upgrade of the cloud service (FaaS) and the change in the reward rate integer, but the official team was not aware of the problem. Later, an attacker made a profit of 170,000 U.S. dollars by sel",slowmist,https://ironfinance.medium.com/iron-finance-vfarms-incident-post-mortem-16-march-2021-114e58d1eaac,1
2021-03-16,Dragonswap,28710.0,0.0,28710.0,Binance,DEX,IF,Cyber-Operational,,Exit Scam/Rugpull/Rugpull,"The exit scam was performed during the pre-sale event. The project announced the pre-sale in this post: https://archive.ph/z57Ow In total, the address 0xc35feddc3d5005d16fa0b081e381bb21c8c30683 has raised 176 BNB tokens. 35 BNB tokens were added to the initial liquidity at: https://bscscan.com/tx/0xb60da2e0a474f990c0ae8180af5c8671a042531c85c397e13e3753e1a8cba9e1 The rest was distributed between unknown external wallets, which can be verified with the following token flow: https://explorer.bitque",defi_rekt,https://de.fi/rekt-database?id=45,1
2021-03-19,NarutoSwap,24424.0,0.0,24424.0,Binance,DEX,IF,Cyber-Operational,,Exit Scam/Rugpull/Rugpull,The contract deployer minted tokens onto his wallet at: https://www.bscscan.com/tx/0x8309aa5d5a36dc0e95d7a2675c0bbb186feffa61a9d6905c3ddb3d3601ec664d The contract deployer transferred tokens to some external wallet at: https://www.bscscan.com/tx/0x25897a59a0a35dcbaa4733fa21ddf632386757689623c1ac152c8049a04c46f7 The recipient added initial liquidity at: https://www.bscscan.com/tx/0x86a373f78d7c0de2b04309d206d33b64807779cebd05038626779049c38b172a The liquidity was removed by the external wallet at,defi_rekt,https://de.fi/rekt-database?id=64,1
2021-03-20,Turtle Dex,2412305.0,0.0,2412305.0,BSC,DEX,IF,Cyber-Operational,Rugpull,Drained Contracts,"The project announced a fundraising event on their website. This fact can be verified by the link: https://web.archive.org/web/20210314092242/https://turtledex.io/private-sale Funds receiver was the official crowd-sale smart contract which gathered 8,999.99 BNB in total, but raised funds were automatically transferred to the bytecoded contract and then transferred to the last recipient finally - EOA wallet: https://www.bscscan.com/tx/0xba8c0e937aa6fa49cfff96b51235f7ca1725327a43bcc94b36a17138ec0f","defi_rekt,defillama",https://api.llama.fi/hacks | https://de.fi/rekt-database?id=63,2
2021-04-03,Bing Swap,10239.0,0.0,10239.0,Binance,Yield,IF,Cyber-Operational,,Exit Scam/Rugpull/Rugpull,"The project was holding a fundraising event using Bounce: https://app.bounce.finance/fixed-swap/4710 The project raised 30.93 BNB in total. Liquidity wasn't added. ""We are in hacking attack and lost all of funds, so please be patient"" in the announcement message: https://archive.is/JnuJX In addition, the project CEO's photo is fake. They used a real photo of the former prime minister of Ukraine, Yulia Timoshenko: https://archive.is/1AWQP",defi_rekt,https://de.fi/rekt-database?id=122,1
2021-04-04,ForceDAO,367000.0,367000.0,0.0,,Yield,EF,SC-Technical,,Exploit/Other/Other,ForceDAO was exploited by one white hat and four black hat hackers. The white hat hacker's address: https://etherscan.io/address/0xf88a427c5bf29acf58497c0088cbf7ca9836b7b2 The black hat #1 hacker's address: https://etherscan.io/address/0x9d9c3695c54601929cd72d34a52935268eb9b00b The black hat #2 hacker's address: https://etherscan.io/address/0xe29a07002c7be4299b51a2892799cc4a372994dd The black hat #3 hacker's address: https://etherscan.io/address/0x0608576ea47b265f1f16b8b8383d0508f703a0cb The bla,defi_rekt,https://de.fi/rekt-database?id=2703,1
2021-04-05,PolkaTrain,3000000.0,0.0,3000000.0,,DEX,EF,SC-Technical,,Exploit/Other/Other,"Around 3:00 a.m. UCT + 8 on April 5, 2021, the smart contract of Polkatrain was attacked by hackers during the LBP auction, 57000 DOT were stolen in the contract and turned away. The LBP contract has a swap function and a rebate mechanism. When users buy PLOT tokens through the swap function, they get a certain amount of rebates, and the rebates will be It is sent to the user by calling transferFrom in the _update function in the contract. Since the _update function does not set the maximum amou","defi_rekt,slowmist",https://de.fi/rekt-database?id=2772 | https://polkatrain-com.gitbook.io/polkatrian-en/the-response-for-hacker-attack-incident-from-polkatrain-team,2
2021-04-12,PancakeSwap,1800000.0,0.0,1800000.0,,DEX,EF,SC-Technical,,Exploit/Other/Other,"Since April 12th, 2021 a person who had access to a Binance Smart Chain account 0x35f16a46d3cf19010d28578a8b02dfa3cb4095a1 (PancakeSwap admin account) has stolen from PancakeSwap lottery pool 59,765 Cakes (equivalent of about $1,800,000). He used the exploit a few times. Shortly after the last theft, the lottery game was suspended, and this account was banned by PancakeSwap. The admin of PancakeSwap used his opportunity to manually call lottery contract methods such as: - function drawing(uint25","defi_rekt,slowmist",https://cryptopwnage.medium.com/1-800-000-was-stolen-from-binance-smart-chain-pancakeswap-lottery-pool-ca2afb415f9 | https://de.fi/rekt-database?id=2773,2
2021-04-19,EasyFi,59000000.0,0.0,59000000.0,Polygon,Lending,EF,SC-Technical,Infrastructure,Private Key Compromised (Unknown Method),"rekt.news entry; audit=Unaudited | Quick Summary EasyFi project's admin keys and mnemonics were stolen during the sophisticated remote attack. The hacker used keys to stole user's deposits in several protocol pools. Details of the Exploit The admin keys of the contract deployer were compromised by the attacker remotely. The attacker withdrew the user's deposits from the protocol pools, namely from the USDT/USDC/Matic/ETH/DAI markets. In addition, around 2.98 Million EASY were stolen from the pro","defi_rekt,defillama,rekt,slowmist",https://api.llama.fi/hacks | https://de.fi/rekt-database?id=2365 | https://rekt.news/leaderboard | https://twitter.com/ChainNewscom/status/1384336818959704064,4
2021-04-23,YZY DAO,106315.0,0.0,106315.0,Ethereum,Yield,IF,Cyber-Operational,,Exit Scam/Rugpull/Rugpull,"The contract deployer transferred ownership of the vault smart contract to the external address: https://etherscan.io/tx/0x5742ab0e29917b1078e64aa6ab1def4ae061e9f9dbd42a49b0afa83133a089cb The new owner was set as _daoTreasury in the vault smart contract: https://etherscan.io/address/0x0a5a0a14419f9db1da68cf2f550720e5df49d4fe#readContract The external wallet received tokens in the form of fees. In addition, he sold them in multiple transactions: https://etherscan.io/txsInternal?a=0xf01a907407413f",defi_rekt,https://de.fi/rekt-database?id=147,1
2021-04-27,NeedForSpeed Finance,82091.0,0.0,82091.0,Ethereum,Yield,IF,Cyber-Operational,,Exit Scam/Rugpull/Rugpull,Custom ERC20 Standard with malicious logic which allows blocking token transferring. The project was holding a fundraising event using Token Sale smart contract: https://etherscan.io/address/0x21c76e2a1c12ff97fa28ec3c0113233fee18d0b0#code The funds gathered from the token sale were transferred to the contract deployer: https://etherscan.io/tx/0x4f71d08fe123d6587ba51f4f5bfc7c8410adf207fbc14fb97614d36c2d1f8d0a &nbsp;All 125 ETH was used to add the initial liquidity at: https://etherscan.io/tx/0x12,defi_rekt,https://de.fi/rekt-database?id=140,1
2021-04-28,Uranium Finance,53600000.0,31000000.0,22600000.0,BSC,DEX,EF,SC-Technical,Protocol Logic,Math Mistake Exploit,"rekt.news entry; audit=Unaudited | Bug where the constant used in the K invariant check after `swap()` (1000) differs from the fee calculation constant (10000), causing K to effectively increase by 100x | DeFiHackLabs entry (Miscalculation) | Quick Summary Pair contracts in Uranium v2 had a bug due to which anyone could interact with them and withdraw almost all tokens due to a calculation error. Details of the Exploit Before interacting with Uranium, the attacker sent the minimum amount of each","defi_rekt,defihacklabs,defillama,kismp,rekt,slowmist",https://api.llama.fi/hacks | https://c.foresightnews.pro/news/detail/66454 | https://de.fi/rekt-database?id=2367 | https://github.com/SunWeb3Sec/DeFiHackLabs/blob/main/past/2021/README.md | https://github.com/kismp123/DeFi-Security-Incident/blob/main/2021/2021-04-28_Uranium_Finance_KInvariantMismatch.md | https://rekt.news/leaderboard,6
2021-04-30,Static,24143.0,0.0,24143.0,Ethereum,Yield,IF,Cyber-Operational,,Exit Scam/Rugpull/Rugpull,The contract deployer added initial liquidity at: https://etherscan.io/tx/0x34d65e026056cc5b74fc5c74f8806cff429e431eb25ad1a4757daa01085ecc95 The liquidity was locked by the contract deployer at: https://etherscan.io/tx/0x6315496970d0e751109c7fd56c6af1c0ea78aea5b94aea167da2e7883d873f68 LP tokens were transferred back to the contract deployer's address by calling withdraw () function at: https://etherscan.io/tx/0x4376c8f9200c84384a8a868f67e23976dfdb8aa8aaf294c9d8b8d84699949c52 The liquidity was re,defi_rekt,https://de.fi/rekt-database?id=168,1
2021-05-02,Spartan,30500000.0,0.0,30500000.0,BSC,DEX,CPBP,SC-Economic,Ecosystem,Flashloan Pool Shares Exploit,"rekt.news entry; audit=N/A | `removeLiquidity()` calculates withdrawal amounts using the current `balanceOf()` instead of synchronized reserve variables, making it manipulable via direct token donations | DeFiHackLabs entry (Logic Flaw) | Quick Summary Spartan Protocol was exploited due to a flawed liquidity share calculation in the protocol, allowing the attacker to drain funds from the pool. Details of the Exploit The attacker initiated the exploit by taking a flash loan of 10K WBNB. They then","defi_rekt,defihacklabs,defillama,kismp,rekt,slowmist",https://api.llama.fi/hacks | https://de.fi/rekt-database?id=2351 | https://github.com/SunWeb3Sec/DeFiHackLabs/blob/main/past/2021/README.md | https://github.com/kismp123/DeFi-Security-Incident/blob/main/2021/2021-05-02_Spartan_Protocol_SpotBalanceLPCalc.md | https://rekt.news/leaderboard | https://www.coindesk.com/markets/2021/05/02/binance-smart-chains-spartan-protocol-loses-30m-in-exploit/,6
2021-05-05,ValueDefi,10000000.0,0.0,10000000.0,BSC,DEX,EF,SC-Technical,Protocol Logic,Access Control Exploit,"rekt.news entry; audit=Unaudited | Quick Summary An attacker exploited a vulnerability in the pool of vBSWAP/BUSD LP, re-initialized the pool, took control, and drained the original stake token, resulting in a loss of 10,839.16 vBSWAP/BUSD LP. Details of the Exploit The attacker re-initialized the pool and set the operator role to himself and _stakeToken to HACKEDMONEY. He then took control of the pool and called the method governanceRecoverUnsupported() to drain the original stake token (vBWAP/","defi_rekt,defillama,kismp,rekt,slowmist",http://www.togater.com/584.html | https://api.llama.fi/hacks | https://de.fi/rekt-database?id=2354 | https://de.fi/rekt-database?id=2355 | https://github.com/kismp123/DeFi-Security-Incident/blob/main/2021/2021-05-07_ValueDeFi_AlpacaVault_BusinessLogic.md | https://medium.com/valuedefi/vstake-pool-incident-post-mortem-4550407c9714 | https://rekt.news/leaderboard,5
2021-05-08,Rari Capital,11000000.0,0.0,11000000.0,Ethereum,Lending,CPBP,SC-Economic,Protocol Logic,Price Oracle Attack,"rekt.news entry; audit=Quantstamp | ibETH (Alpha Finance) exposes a `work()` function that makes arbitrary external calls and updates `totalETH()` — the internal balance tracker Rari used to price ibETH collateral. Attacker crafted a `work()` call that inflated `totalETH()` without adding real ETH, raising the apparent ibETH price and enabling over-borrowing (protocol incompatibility / price manipulation, not reentrancy) | Quick Summary Rari Capital Ethereum Pool exploited through manipulation o","defi_rekt,defillama,kismp,rekt,slowmist",https://api.llama.fi/hacks | https://de.fi/rekt-database?id=2540 | https://github.com/kismp123/DeFi-Security-Incident/blob/main/2021/2021-05-08_RariCapital_ibETH_PriceManipulation.md | https://medium.com/rari-capital/5-8-2021-rari-ethereum-pool-post-mortem-60aab6a6f8f9 | https://rekt.news/leaderboard,5
2021-05-12,xToken,24000000.0,0.0,24000000.0,Ethereum,Derivatives,CPBP,SC-Economic,Ecosystem,Flashloan Price Oracle Attack,"rekt.news entry; audit=Peckshield | Quick Summary Exploitation of Synthetix's xSNXa contract led to a loss of 2.4k ETH, 781k BNT, and 407k SNX. Details of the Exploit The attacker initiated the exploit by borrowing a 61.8k ETH flash loan on dYdX. They then deposited 10k ETH to borrow 564k SNX on Aave and swapped 5.5k ETH for 700k SNX on SushiSwap. The attacker sold 1.2M SNX for 818 ETH on Uniswap v2, significantly reducing the SNX price. They then used only 0.12 ETH to mint 1.2B xSNXa, exploitin","defi_rekt,defillama,rekt,slowmist",https://api.llama.fi/hacks | https://de.fi/rekt-database?id=2369 | https://rekt.news/leaderboard | https://twitter.com/FrankResearcher/status/1392515198674681863,4
2021-05-17,FinNexus,7000000.0,0.0,7000000.0,,Derivatives,EF,SC-Technical,,Exploit/Access control/Access Control,"Quick Summary FinNexus platform was compromised by malware, leading to the minting and selling of over 323,000,000 FNX tokens by an unknown hacker. Details of the Exploit The attacker infiltrated the FinNexus system and managed to recover the private key to the ownership of the FNX token contract. They then transferred the ownership of the contract and proceeded to mint over 323,000,000 FNX. In less than an hour, the hacker sold the minted tokens on both centralized and decentralized exchanges, ","defi_rekt,slowmist",https://de.fi/rekt-database?id=2774 | https://medium.com/phoenix-finance/finnexus-statement-regarding-the-may-2021-hack-d69e1b7617dc,2
2021-05-17,bEarn,18000000.0,0.0,18000000.0,,Yield,EF,SC-Technical,,,rekt.news entry; audit=Unaudited,rekt,https://rekt.news/leaderboard,1
2021-05-17,BearnFi,11000000.0,0.0,11000000.0,BSC,Yield,CPBP,SC-Economic,Ecosystem,Flashloan Withdraw Logic Exploit,"Repeated deposit→emergencyWithdraw cycle on bVault pool 13 manipulates internal accounting to enable duplicate withdrawals | Quick Summary BvaultsBank was exploited through a flash loan attack, resulting in a loss of 8,016,006.09 BUSD. Details of the Exploit The attacker initiated the exploit by borrowing a flash loan of 7,804,239.11 BUSD from CREAM. This was deposited into BvaultsBank and sent to the associated BvaultsStrategy strategy, then to Alpaca Vault for yield. The Alpaca Vault minted 7,","defi_rekt,defillama,kismp,slowmist",https://api.llama.fi/hacks | https://bearndao.medium.com/bvaults-busd-alpaca-strategy-exploit-post-mortem-and-bearn-s-compensation-plan-b0b38c3b5540 | https://de.fi/rekt-database?id=2352 | https://github.com/kismp123/DeFi-Security-Incident/blob/main/2021/2021-05-16_bEarn_BUSD_DepositWithdrawLoop.md,4
2021-05-18,Venus,111000000.0,0.0,111000000.0,,Lending,CPBP,SC-Economic,,Exploit/Oracle Issue/Oracle Issue,"Quick Summary The Venus Protocol experienced a massive liquidation event, due to market circumstances and oracle problems Details of the Exploit Venus Protocol is an algorithmic-based money market system, that offers lending opportunities on Binance Smart Chain. The project experienced a big liquidation event. In comparison, the 0xef044206db68e40520 bfa82d45419d498b4bc7bf account lost about $66 million in net loss. Liquidators earned around $20 million profit; Sellers made approximately $55 mill","defi_rekt,slowmist",https://de.fi/rekt-database?id=2591 | https://quillhashteam.medium.com/200-m-venus-protocol-hack-analysis-b044af76a1ae,2
2021-05-19,Bunny,45000000.0,100000.0,44900000.0,BSC,Yield,CPBP,SC-Economic,Ecosystem,Flashloan Price Oracle Attack,"rekt.news entry; audit=Unaudited | `mintFor()` uses the AMM spot price of the WBNB-USDT V1 pool as an oracle when calculating BUNNY reward amounts — manipulable within a single block via large swaps | Quick Summary PancakeBunny's VaultFlipToFlip vault was exploited using 8 flash loans, leading to a skewed calculation of the BUNNY price and a loss of approximately $1B in BUNNY tokens. Details of the Exploit The attacker manipulated the price on various PancakeSwap pools using 8 flash loans, which","defi_rekt,defillama,kismp,rekt,slowmist",https://api.llama.fi/hacks | https://de.fi/rekt-database?id=723 | https://github.com/kismp123/DeFi-Security-Incident/blob/main/2021/2021-05-19_PancakeBunny_FlashLoan_OracleManipulation.md | https://pancakebunny.medium.com/hello-bunny-fam-a7bf0c7a07ba | https://rekt.news/leaderboard,5
2021-05-21,JulSwap,1500000.0,0.0,1500000.0,BSC (Binance Smart Chain),DEX,CPBP,SC-Economic,,Flash Loan,"`addBNB()` references the current contract BNB balance (spot) when calculating JUL mint amount, allowing mint manipulation via large BNB inflows | The JulSwap on the BSC chain was attacked by flash loans, and $JULB fell more than 95% in a short time. The transactions behind the attack: https://bscscan.com/tx/0x9af2d732eae43e06c8559ed58bf082c56ad2c3a0688e30987a49a44fa2e16979 https://bscscan.com/tx/0xc7ae52ae2728948a05a64e1a7cddec878c3256c413696cb7ada43084ccf70af9 https://bscscan.com/tx/0xb0b74d6a","defi_rekt,kismp",https://de.fi/rekt-database?id=2776 | https://github.com/kismp123/DeFi-Security-Incident/blob/main/2021/2021-05-21_JulSwap_FlashLoan_AddBNB_Manipulation.md,2
2021-05-22,Bogged Finance,3321050.0,0.0,3321050.0,Binance,DEX,CPBP,SC-Economic,,Exploit/Flash Loan Attack/Flash Loan Attack,"The attacker's address: https://bscscan.com/address/0x4622a1f3d05dcf5a0589c458136c231009b6a207 The transaction behind the attack: https://bscscan.com/tx/0xa9860033322aefa39538db51a1ed47cfae7e4b161254d53dbf735f1f16502710 The attacker: - took nine flash-swaps and added liquidity into the WBNB / BOG pool. Each flash-swap led to 47,770 BOG and the entire process consumed 88,159.43 WBNB with 83,440.57 LP tokens minted - staked the minted 83,440.57 WBNB / BOG LP tokens into the BOG token contract for ","defi_rekt,slowmist",https://boggedfinance.medium.com/bog-flash-loan-attack-what-happened-and-whats-next-token-migration-192a9d96b9b7 | https://de.fi/rekt-database?id=2541,2
2021-05-24,AutoShark,752023.0,0.0,752023.0,BSC,DEX,CPBP,SC-Economic,Ecosystem,Flashloan Incentive Rewards Exploit,The transaction behind the attack: https://bscscan.com/tx/0xfbe65ad3eed6b28d59bf6043debf1166d3420d214020ef54f12d2e0583a66f13 The attacker's address: https://bscscan.com/address/0xd9c7efe29f3e90ce3630ea1c665217c7ab298a3b The attacker: - added a small sum of deposit to the SHARK-BNB Vault: https://bscscan.com/tx/0x2a2003fb4c57c0e03dfbdda8eb695ef8f39022df30da977942d930fffbb8e125 - borrowed 100K BNB of flash loan from PancakeSwap - swapped 50K BNB into SHARK token and sent them alongside the rest 50,"defi_rekt,defillama,rekt,slowmist",https://api.llama.fi/hacks | https://de.fi/rekt-database?id=2587 | https://rekt.news/autoshark-rekt/ | https://rekt.news/leaderboard,4
2021-05-26,Merlin,615000.0,0.0,615000.0,BSC,Yield,EF,SC-Technical,Protocol Logic,Math Mistake Exploit,rekt.news entry; audit=Hacken | rekt.news entry; audit=Unaudited | The attacker: https://bscscan.com/address/0x400fa7edd10d480f034113f5e81bc1bb78c162fa The transaction behind the attack: https://bscscan.com/tx/0x8e20a1118a669d03b66c5eca2d937646bd855a998afb1e94b94ff6303456ff97 The attacker: - added a small sum of deposit to the LINK-BNB Vault at: https://bscscan.com/tx/0x3ce0be64e6daae35c8c5155d38148a2af3eaf8a9b26d5a8c4d7337dc86f475ac - sent 180 CAKE to the LINK-BNB Vault contract (leads to the h,"defi_rekt,defillama,rekt",https://api.llama.fi/hacks | https://de.fi/rekt-database?id=2489 | https://de.fi/rekt-database?id=2490 | https://rekt.news/leaderboard,3
2021-05-26,MerlinLabs,6800000.0,0.0,6800000.0,,Yield,CPBP,SC-Economic,,Flash loan attack,"MerlinLabs, the DeFi revenue aggregator, was attacked. The attack method was similar to that of PancakeBunny, which was attacked by lightning loan 5 days ago, and lost US$6.8 million.",slowmist,https://rekt.news/merlinlabs-rekt/,1
2021-05-27,Wild Credit,611963.0,611963.0,0.0,,Lending,EF,SC-Technical,,Exploit/Access control/Access Control,"The attacker's address: https://etherscan.io/address/0xb1af124c860f819bf8de7d4c459e5b31fecdb95e The transaction behind the attack: https://etherscan.io/tx/0xdbef3b393a64608756c284568217355f694a0e5c8edf80eac75ec087d642ce07 The exploited contract: https://etherscan.io/address/0x7b3b69eab43c1aa677df04b4b65f0d169fcdc6ca Wild Credit team left initialize() function in the LPTokenMaster contract public and reusable, so anyone can become the owner of the LP token contract. The hacker took ownership of t",defi_rekt,https://de.fi/rekt-database?id=2705,1
2021-05-28,BurgerSwap,7200000.0,0.0,7200000.0,BSC,DEX,CPBP,SC-Economic,Ecosystem,Flashloan Reentrancy Attack,"rekt.news entry; audit=Unaudited | Reentrancy via a fake token with a custom transferFrom() hook causes swap amounts to be calculated using stale reserve values before the internal swap completes | BurgerSwap, an automatic market maker on the BSC chain, suffered a lightning loan attack and lost nearly 7 million U.S. dollars. This attack is a problem in the BurgerSwap architecture. Since the Pair layer completely trusts the data of the PaltForm layer, it did not perform another check on its own, ","defi_rekt,defillama,kismp,rekt,slowmist",https://api.llama.fi/hacks | https://de.fi/rekt-database?id=763 | https://github.com/kismp123/DeFi-Security-Incident/blob/main/2021/2021-05-28_BurgerSwap_Reentrancy_StaleReserves.md | https://rekt.news/leaderboard | https://twitter.com/burger_swap/status/1398161871778115586,5
2021-05-29,Belt Finance,6300000.0,0.0,6300000.0,BSC,Yield,CPBP,SC-Economic,Ecosystem,Flashloan Price Oracle Attack,"rekt.news entry; audit=Haechi | Quick Summary Belt Finance suffered a flash loan attack exploiting the Ellipsis strategy, resulting in a loss of approximately $6.3 million. Details of the Exploit The attacker manipulated the value of a token within a liquidity pool by borrowing cryptocurrency using a flash loan. They exploited a bug in the integration of the Ellipsis strategy within Belt, causing an imbalance in the 3eps pool by swapping BUSD to USDT. This imbalance led to an overestimation of t","defi_rekt,defillama,rekt,slowmist",https://api.llama.fi/hacks | https://de.fi/rekt-database?id=760 | https://rekt.news/leaderboard | https://twitter.com/Mudit__Gupta/status/1398885049987043329,4
2021-06-02,PancakeHunny,3556093.5,0.0,3556093.5,BSC (Binance Smart Chain),DEX,EF,SC-Technical,,Balance Of,"mintFor() calculates mint amount using the contract's current balanceOf() instead of the received token amount, making it manipulable via direct transfer | The attacker's address: https://bscscan.com/address/0x0ef50be29c82ecf2158ec1886dc6692a2b0db411 The attacker: - WBNB was swapped to CAKE at PancakeSwap - sent CAKE to the HUNNY Minter contract - staked on CAKE-BNB Hive in PancakeHunny - HUNNY Minter was “tricked” to mint more HUNNY tokens, namely: using all the wallet balance to make HUNNYBNB ","defi_rekt,kismp",https://de.fi/rekt-database?id=2659 | https://github.com/kismp123/DeFi-Security-Incident/blob/main/2021/2021-06-02_PancakeHunny_BalanceOf_MintManipulation.md,2
2021-06-03,Delicacy DeFi,3725.0,0.0,3725.0,Binance,DEX,IF,Cyber-Operational,,Exit Scam/Rugpull/Rugpull,"The contract deployer added initial liquidity at: https://bscscan.com/tx/0x6a2a3aa0e0b4ffa334e83d40cc5b71aa2ae1abdf6b753fcc2b99cdbcd4b292f4 https://bscscan.com/tx/0x0256b9a5fa3cd5d4fa78783b1678277a0d5cdab8847076b7e9d3a1558b122cb1 The contract deployer locked the bigger part of LP tokens using CryptEx at: https://bscscan.com/tx/0x5655c9a321277689fc09085c0f2acd2e85a12f19faf3880a3cc3b2b2a33adcbb After the unlock, the liquidity was removed by the contract deployer at: https://bscscan.com/tx/0xfe6927",defi_rekt,https://de.fi/rekt-database?id=43,1
2021-06-05,PolyButterfly,1500000.0,0.0,1500000.0,Polygon,DEX,IF,Cyber-Operational,,Exit Scam/Rugpull/Rugpull,"The contract deployer changed the ownership of the MasterChef contract to the malicious one: https://polygonscan.com/tx/0x0d788beecd8b2213eab7d707d654b2aec95576fb24c8d330bc073c7e680556f0 The contract deployer removed funds from the MasterChef contract at: https://polygonscan.com/tx/0x35a8ac07c8918430638d3565d64c8abb8d0372996fafc194a03e3984ab76c563 Stolen funds were sold on ETH. | On June 5, 2021, PolyButterfly, a decentralized financial protocol based on Polygon, disappeared. Its website has bee","defi_rekt,slowmist",https://de.fi/rekt-database?id=2477 | https://u.today/beware-polygon-matic-flooded-with-rug-pulls,2
2021-06-08,GainSwap,8000000.0,0.0,8000000.0,,DEX,IF,Cyber-Operational,,Rug Pull,"At around 4:00 a.m. on June 8, the GainSwap project, which had been online for less than 12 hours, suddenly swept away nearly $8 million in digital assets pledged by users, closed the website access, and then entered a state of losing contact and running away. This is also Heco. One of the projects with the largest amount of running away on the show. In January 2022, according to the public security information of Chizhou City, Anhui Province, the police in Chizhou City recently cracked a case o",slowmist,https://www.chaincatcher.com/article/2069096,1
2021-06-10,EVODeFi,1367873.5,0.0,1367873.5,,Yield,CPBP,SC-Economic,,Exploit/Flash Loan Attack/Flash Loan Attack,"Quick Summary EvoDefi was exploited by attackers using a flash loan. The attacker made away with 455 $GEN roughly worth $1.8 million. Details of the Exploit EvoDefi, a cross-chain platform offering a large suite of products on the BSC chain, Polygon and the multi-chain bridge was attacked, and the price of its token GEN fell from $3.81 to $1.28. A total of 455,576.855 GEN was lost, which is about $1M. Due to design faults in the update logic of the function in the MasterChef contract, the part o","defi_rekt,slowmist",https://de.fi/rekt-database?id=2698 | https://medium.com/@Knownsec_Blockchain_Lab/knownsec-blockchain-lab-evodefi-attack-event-analysis-e1cba8a789ce,2
2021-06-14,Zapper,2500000.0,2500000.0,0.0,,Bridge,EF,SC-Technical,,Exploit/Other/Other,"The team of whitehat hackers (AndreiKei and VV) identified a loophole in the old Polygon bridge smart contract, which could lead to the possible exploit and lost of the users funds. The vulnerability allows possible attacker to transfer tokens from users’ accounts, for which they had previously granted unlimited approval, via the Zap. This was possible due to a function, which executes external swaps and Zaps (via 0x, Paraswap, etc), accepting non-validated calldata : (bool success, ) = swapTarg",defi_rekt,https://de.fi/rekt-database?id=2742,1
2021-06-16,Alchemix V2,6500000.0,0.0,6500000.0,Ethereum,Lending,EF,SC-Technical,Protocol Logic,Borrow Logic Exploit,"rekt.news entry; audit=Unaudited | Incorrect yield distribution calculation in the alETH vault's TransmuterB strategy. The contract over-credited yield to user debt repayment positions, allowing users to claim more collateral than the protocol had actually earned from the underlying Yearn ETH vault. | The DeFi lending agreement Alchemix alETH pool is suspected to have a loophole, and users can raise collateralized ETH when they have outstanding alETH debts. Alchemix released an alETH pool accide","defi_rekt,defillama,kismp,rekt,slowmist",https://api.llama.fi/hacks | https://de.fi/rekt-database?id=2986 | https://github.com/kismp123/DeFi-Security-Incident/blob/main/2021/2021-06-16_AlchemixV2_StrategyBug_ETH.md | https://rekt.news/leaderboard | https://twitter.com/DefiantNews/status/1405152562110599171,5
2021-06-19,Visor Finance,504845.0,504845.0,0.0,,Yield,EF,SC-Technical,,Exploit/Access control/Access Control,"The attacker had obtained access to an account that managed some of the Hypervisor admin functions. The attacker was able to withdraw funds from deposits that had not yet been allocated to LP positions. The withdraw amounted to $500k. Treasury funds were used to restore the token amounts withdrawn to each user, restoring position values. | The Visor Finance smart contract, a DeFi liquidity protocol based on Uniswap V3, was withdrawn with 230 ETH in an emergency, and the attacker gained access to","defi_rekt,slowmist",https://de.fi/rekt-database?id=2696 | https://visorfinance.medium.com/visor-beta-incident-report-1b2521b9266,2
2021-06-20,PolyDEX,505572.0,0.0,505572.0,,DEX,EF,SC-Technical,,Exploit/Other/Other,"The attacker's address: https://polygonscan.com/address/0x8a0a1eb0bae23e4e95608e3aad7fa25b0d907c6c The transaction behind the attack: https://polygonscan.com/tx/0x6b3f057683083d7f0a25e4d3898ca68308cfe2335878143466f84b3003ebe3a2 The attacker performed the re-entrance attack on the Token Locker smart contract. The contract itself does not have an issue with standard ERC20, but since the PLX token is ERC777 standard, there will be tokenReceived () callback event every time method transfer () trigge","defi_rekt,slowmist",https://de.fi/rekt-database?id=2753 | https://polydex.medium.com/plx-locker-smart-contract-incident-post-mortem-75342124a3e8,2
2021-06-21,Impossible Finance,452828.5,0.0,452828.5,Binance,DEX,CPBP,SC-Economic,,Exploit/Flash Loan Attack/Flash Loan Attack,"The attacker's address: https://bscscan.com/address/0x8e0d334a77614a7ce089c9246e9b1d7c7172ef02 The transactions behind the attack: https://explorer.bitquery.io/bsc/txs/calls?internal=false&amp;contract=0xc7ca5478a41d58e73f0487b0f4084b6120aa11e6&amp;method=641ccd83 The attacker: - borrowed 233.3 BNB of flash loan from PancakeSwap - swapped 65,140 IF tokens - created a fake token called AAA (BBB) https://bscscan.com/token/0x9892dd7a51a09c970e2a925e3baf2107bc8dac74 - created LP with the fake token ","defi_rekt,slowmist",https://de.fi/rekt-database?id=2542 | https://decrypt.co/74105/binance-smart-chain-defi-project-impossible-finance-hacked,2
2021-06-22,Eleven Finance,4500000.0,4200000.0,300000.0,BSC,DEX,CPBP,SC-Economic,Ecosystem,Flashloan Burn Function Exploit,"emergencyBurn() burns vault shares without withdrawing actual LP from MasterChef, enabling double-withdrawal of LP via a subsequent withdraw() call | rekt.news entry; audit=Unaudited | The attacker's address: https://bscscan.com/address/0xc71e2f581b77de945c8a7a191b0b238c81f11ed6 The transaction behind the attack: https://bscscan.com/tx/0x6450d8f4db09972853e948bee44f2cb54b9df786dace774106cd28820e906789 The attacker: - borrowed a flash loan from PancakeSwap with 953,869.62 BUSD, which is returned ","defi_rekt,defillama,kismp,rekt,slowmist",https://api.llama.fi/hacks | https://de.fi/rekt-database?id=2697 | https://elevenfinance.medium.com/eleven-finance-nrv-vault-exploit-and-loss-of-funds-a-post-mortem-437a79ded743 | https://github.com/kismp123/DeFi-Security-Incident/blob/main/2021/2021-06-21_ElevenFinance_EmergencyBurn_NoWithdraw.md | https://rekt.news/leaderboard,5
2021-06-23,StableMagnet,27000000.0,24000000.0,3000000.0,BSC,DEX,IF,Cyber-Operational,Rugpull,Drained Contracts and User Wallets,"rekt.news entry; audit=Techrate | Quick Summary StableMagnet was rugpulled for over 27,000,000 $USD. The scammer used an unverified contract to transfer approved tokens. Details of the Exploit The exit scam started from this transaction: https://bscscan.com/tx/0xf0ba46c8a20e1e75ad382e42c509bf71393e1b3b90326165c747a5d3cc5d967c As a result, 8M USDT, 7.2M USDC, and 7M BUSD were taken from the StableMagnet 3Pool via an unverified source code. The unverified SwapUtil library did not only contain code","defi_rekt,defillama,rekt,slowmist",https://api.llama.fi/hacks | https://de.fi/rekt-database?id=2350 | https://rekt.news/leaderboard | https://www.banklesstimes.com/news/2022/01/30/ethical-hacker-helps-recover-millions-lost-in-stablemagnet-rug-pull/,4
2021-06-24,SharedStake,500000.0,0.0,500000.0,,Derivatives,IF,Cyber-Operational,,Exploit/Access control/Access Control,"Some members of the SharedStake core team claimed that a SharedStake insider, who was given access to the bug report of critical timelock vulnerability by the SharedStake team, appears to have used the vulnerability to exploit the SharedStake contracts four times for approximately $500,000 on June 19 and June 23. SharedStake rogue insider tests exploit on mainnet: https://etherscan.io/tx/0x9400daa8711b4326e7b3bb7a4874099e5c7fe801c8b1488ff91bd6e5de332c9f SharedStake rogue insider exploits more ti","defi_rekt,slowmist",https://de.fi/rekt-database?id=2777 | https://medium.com/immunefi/sharedstake-insider-exploit-postmortem-17fa93d5c90e,2
2021-06-25,xWin Finance,275799.5,0.0,275799.5,BSC (Binance Smart Chain),Yield,EF,SC-Technical,,subscription-incentive-mechanism,"DeFiHackLabs entry (subscription-incentive-mechanism) | The attacker's address: https://bscscan.com/address/0xb63f0d8b9aa0c4e68d5630f54bfefc6cf2c2ad19 The transaction behind the attack: https://bscscan.com/tx/0xba0fa8c150b2408eec9bbbbfe63f9ca63e99f3ff53ac46ee08d691883ac05c1d The attacker: - flash loaned 76,000 BNB from Fortube Bank - swapped 37999.99 BNB for 95.409 xWin tokens via PancakeSwap V1 BNB+xWin Pool due to an invalid slippage control in the xWinFundP::_swapBNBToTokens () function - dep","defi_rekt,defihacklabs,kismp,slowmist",https://de.fi/rekt-database?id=2695 | https://github.com/SunWeb3Sec/DeFiHackLabs/blob/main/past/2021/README.md | https://github.com/kismp123/DeFi-Security-Incident/blob/main/2021/2021-06-26_xWin_SlippageControl_Bypass.md | https://peckshield.medium.com/xwin-finance-incident-root-cause-analysis-71d0820e6bc1,4
2021-06-28,Safe Dollar,248000.0,0.0,248000.0,Polygon,Stablecoin,EF,SC-Technical,Protocol Logic,Incentive Rewards Exploit,"The attacker's address: https://polygonscan.com/address/0x8a0a1eb0bae23e4e95608e3aad7fa25b0d907c6c The attack transaction: https://polygonscan.com/tx/0x76c722c7bd90f6db0ad28692f86336007626e938ba7b1fcae98e9b404e66b210 The re-entrance attack on the Token Locker smart contract was performed, Safe Dollar share tokens were affected. The contract itself does not have an issue with standard ERC20, but since the PLX token is ERC777 standard, there will be tokenReceived () callback event every time metho","defi_rekt,defillama,kismp,rekt,slowmist",https://api.llama.fi/hacks | https://de.fi/rekt-database?id=2356 | https://de.fi/rekt-database?id=2357 | https://github.com/kismp123/DeFi-Security-Incident/blob/main/2021/2021-06-28_SafeDollar_SDO_FlashSwapReward.md | https://rekt.news/leaderboard | https://www.coindesk.com/markets/2021/06/28/stablecoin-safedollar-hit-by-cyberattack/,5
2021-06-29,Merlin,330000.0,0.0,330000.0,BSC,Yield,EF,SC-Technical,Protocol Logic,Incentive Rewards Exploit,"The hacking of the revenue aggregator Merlin Lab stems from a logical loophole in MerlinStrategyAlpacaBNB. The contract mistakenly uses the BNB transferred by the beneficiary as mining revenue, which makes the contract issue more MERL as a reward. After repeated operations, the attacker made a profit of 300,000 US dollars. | The attacker's address: https://bscscan.com/address/0x2bADa393e53D0373788d15fD98CB5Fb1441645BD ""Via the smart contract, a hacker deposited 0.1WBNB into the vault and then ma","defi_rekt,defillama,rekt,slowmist",https://api.llama.fi/hacks | https://de.fi/rekt-database?id=2491 | https://rekt.news/leaderboard | https://twitter.com/RugDocIO/status/1409821481941540866,4
2021-06-29,THORChain,6300000.0,0.0,6300000.0,Ethereum,Bridge,EF,SC-Technical,,False top-up,"THORChain, a decentralized cross-chain transaction protocol, tweeted that a malicious attack against THORChain was discovered. THORChain nodes have responded and isolated defenses. The capital loss caused by this attack was US$140,000, but THORChain stated that user funds will not be affected. The fund pool will be used to make up for the leaked funds. The team stated that the path of the attack was that EthBifrost had a logical error in processing the same symbol as ETH. THORChain claimed that ","defi_rekt,rekt,slowmist",https://de.fi/rekt-database?id=2552 | https://de.fi/rekt-database?id=2553 | https://rekt.news/leaderboard | https://twitter.com/THORChain/status/1409637636638011395 | https://twitter.com/THORChain/status/1415813696857591813 | https://twitter.com/THORChain/status/1418360743523618825 | https://www.coinvoice.cn/news_flashes/8328,3
2021-07-02,XDX Swap,5000000.0,5000000.0,0.0,,DEX,EF,SC-Technical,,Exploit/Other/Other,"The XDX Swap (DDEX) on the Heco chain’s cross-chain decentralized exchange DDEX was attacked on July 2. The attacker received 85.17 ETH (about $176,000) and transferred it to the Ethereum network. There appeared to be a backdoor in the DDEX code. With the help and collaboration from DDEX, Star Labs, and the HECO White Hat Security Alliance, XDX Swap has recovered the majority of the funds involved in this incident, totaling more than $5M.",defi_rekt,https://de.fi/rekt-database?id=2779,1
2021-07-02,ChainSwap,4000000.0,0.0,4000000.0,Ethereum,Bridge,EF,SC-Technical,,Exploit/Other/Other,"The attacker's wallet: https://etherscan.io/address/0x941a9e3b91e1cc015702b897c512d265fae88a9c#tokentxns For cross-chain transfers, each token has its own proxy contract, with the implementation pointing to the Factory contract. The hacker used the Factory contract's receive () method. The attacker was required to pay a fee of 0.005 ETH in _chargeFee . There are no real authentication checks, and just one signature is necessary. To get around this, the attacker simply signed signatures with new ","defi_rekt,defihacklabs,kismp,rekt,slowmist",https://chain-swap.medium.com/chainswap-exploit-11-july-2021-post-mortem-6e4e346e5a32 | https://chain-swap.medium.com/chainswap-post-mortem-and-compensation-plan-90cad50898ab | https://de.fi/rekt-database?id=2583 | https://de.fi/rekt-database?id=2584 | https://github.com/SunWeb3Sec/DeFiHackLabs/blob/main/past/2021/README.md | https://github.com/kismp123/DeFi-Security-Incident/blob/main/2021/2021-07-10_Chainswap_ETH_SignatureReuse.md | https://rekt.news/leaderboard,5
2021-07-03,Haven Protocol,8186549.0,0.0,8186549.0,,Stablecoin,EF,SC-Technical,,Exploit/Other/Other,"Quick Summary Haven Protocol (XHV) suffered three serious attacks in late June, leading to the minting of 203,000 xUSD, 13.5 xBTC, an unknown amount of XHV, and 9 million xUSD. Details of the Exploit Haven Protocol, a privacy-centric DeFi protocol based on Monero, was subjected to three major attacks in late June. The first two attacks on June 24 resulted in the minting of 203,000 xUSD and 13.5 xBTC. On June 27, a vulnerability in the conversion verification of xAsset allowed an unknown amount o","defi_rekt,slowmist",https://de.fi/rekt-database?id=2780 | https://havenprotocol.medium.com/haven-protocol-technical-overview-of-june-2021-exploits-6f4573fbf216,2
2021-07-04,RAI Finance,414013.0,414013.0,0.0,,Yield,EF,SC-Technical,,Exploit/Other/Other,"To connect the liquidity between ERC20 and BSC, RAI Finance has been using Chainswap to ensure the liquidity between both blockchains. RAI Finance reserved 2.9M RAIs to an address 0x9D4D377cFd6466Fe03e3cCbB266DC0ac235CcDe3, and this address automatically approves the spent access to the Chainswap’s bridge contract. The Chainswap smart contract for RAI spend access has been exploited on Jul-03–2021 12:39:18 AM +UTC, from the contract address 0x0e128fb9f266f0cfedeb3b789f6fd4af50d51b84 which has ac","defi_rekt,slowmist",https://de.fi/rekt-database?id=2781 | https://medium.com/rai-finance/hacker-has-returned-part-of-the-rai-stolen-due-to-a-loophole-in-the-chainswap-contract-9b1161eafc51,2
2021-07-10,Anyswap,7903859.0,0.0,7903859.0,,Bridge,EF,SC-Technical,,Exploit/Access control/Access Control,"rekt.news entry; audit=Unaudited | Quick Summary Anyswap cross-chain liquidity pools v3 were exploited due to a deduced private key, resulting in a loss of 2,398,496.02 USDC and 5,509,222.73 MIM. Details of the Exploit The attacker managed to deduce the private key to the MPC account in reverse, which allowed them to exploit Anyswap's cross-chain liquidity pools v3. The attack was performed across multiple chains including Ethereum, BSC, and Fantom. Block Data Reference The attacker's address: h","defi_rekt,rekt",https://de.fi/rekt-database?id=2693 | https://rekt.news/leaderboard,2
2021-07-11,DAO ventures,39443.0,0.0,39443.0,,Bridge,EF,SC-Technical,,Exploit/Other/Other,"DAOventures has been using ChainSwap to move $DVG between Ethereum and Binance Smart Chain. ChainSwap was exploited and a number of projects that partnered with them got affected. On DAOventures’ side, the hacker removed 300k $DVG worth $40k from ChainSwap and sold them on Uniswap. The transactions the hackers have made: https://etherscan.io/tx/0x348cfdb0817c0a7a6d3b17d0250ef2b72f24b2b7375e76a26f220910f3a1086c",defi_rekt,https://de.fi/rekt-database?id=2783,1
2021-07-11,DoraFactory,42373.0,0.0,42373.0,,Bridge,EF,SC-Technical,,Exploit/Other/Other,"ChainSwap was cracked by the hacker. DORA tokens on ChainSwap bridges were affected. 7872 DORA tokens were stolen from the ChainSwap bridge smart contract and they were immediately sold on Uniswap. Most of the tokens were assets owned by the Foundation, and they were used to create cross-chain liquidities. | According to official sources, Dora Factory, a multi-chain service infrastructure based on Polkadot, suffered a contract vulnerability in the cross-chain asset bridge ChainSwap. The 7,872 DO","defi_rekt,slowmist",https://de.fi/rekt-database?id=2785 | https://twitter.com/DoraFactory/status/1414158149615964160,2
2021-07-11,DAFI Protocol,200000.0,0.0,200000.0,,Yield,EF,SC-Technical,,Exploit/Other/Other,"The ChainSwap bridge hack resulted in the sale of about $200,000 in DAFI tokens. In response to the hack, DAFI Protocol asked its community members to immediately withdraw their liquidity from Uniswap and the LP program. | According to official sources, DAFI Protocol, an on-chain incentive protocol, stated that DAFI worth 200,000 US dollars was sold due to the “cross-chain asset bridge ChainSwap attack”. DAFI Protocol requests the community to withdraw liquidity from Uniswap and LP plans until f","defi_rekt,slowmist",https://de.fi/rekt-database?id=2782 | https://twitter.com/DafiProtocol/status/1414031232137052163,2
2021-07-11,Umbrella Network,505060.0,0.0,505060.0,,Other,EF,SC-Technical,,Exploit/Other/Other,"The hackers attacked Chainswap’s contracts and stole a little over 3 million $UMB tokens on ETH from the Chainswap vault, which was the entirety of the UMB tokens available there. The hackers also managed to mint an additional 20 million in UMB tokens on the BSC side but did not manage to sell them before all UMB tokens there were frozen. The transactions the hackers have made: https://docs.google.com/spreadsheets/d/1KxLpMvhypikrcNph7NAimeFdyPbRK1rrw-6yAcREqa4/edit?usp=sharing",defi_rekt,https://de.fi/rekt-database?id=2784,1
2021-07-11,OptionRoom,800000.0,762003.0,37997.0,,Bridge,EF,SC-Technical,,Exploit/Other/Other,"OptionRoom has been affected due to the ChainSwap hack. ""As such, we had no other way to withdraw and secure the community liquidity other than by selling into the pool. This enabled us to mitigate the financial damages of the hack, reducing a potential $800,000 loss into a $38,000 loss. All the funds recovered from the emergency actions we took were added back as liquidity on PancakeSwap, and all liquidity providers were recompensed directly to their wallets.""",defi_rekt,https://de.fi/rekt-database?id=2786,1
2021-07-13,DeFiPie,269315.0,0.0,269315.0,,Yield,EF,SC-Technical,,Exploit/Other/Other,The hacker's address on Ethereum: https://etherscan.io/address/0xf6f43f77ef9e561dcb2997d8e7ec1d685b6c0fe1 BSC: https://bscscan.com/address/0xf6f43f77ef9e561dcb2997d8e7ec1d685b6c0fe1 Polygon: https://polygonscan.com/address/0xce1f4b4f17224ec6df16eeb1e3e5321c54ff6ede The transaction behind the attack on the BSC: https://bscscan.com/tx/0x45f6f792638d114f31f6608dca4c79b1216bd5c7c45218a5fd8f1c2e309c6d75 The hacker: - created a token contract (X token) with a modified transfer function: https://ethers,defi_rekt,https://de.fi/rekt-database?id=2752,1
2021-07-14,ApeRocket,1130000.0,0.0,1130000.0,BSC,Yield,CPBP,SC-Economic,Ecosystem,Flashloan Incentive Rewards Exploit,The attacker's address: https://bscscan.com/address/0x53d07afa123702469ab6cf286e9ff7033a7eff65 The transaction behind the attack: https://bscscan.com/tx/0x701a308fba23f9b328d2cdb6c7b245f6c3063a510e0d5bc21d2477c9084f93e0 The attacker: - borrowed 1.6M CAKE ($21.8M) of flash loan from PancakeSwap - added 509K CAKE of deposit to the CAKE vault. Got the majority share (99.5%) of the vault - sent 1.1M CAKE to the CAKE vault contract - called harvest () and getReward () on the CAKE vault - with the rat,"defi_rekt,defillama,slowmist",https://aperocket.medium.com/moving-forward-24b9ae22c428 | https://api.llama.fi/hacks | https://de.fi/rekt-database?id=2657 | https://de.fi/rekt-database?id=2658,3
2021-07-15,Thorchain DEX,6500000.0,0.0,6500000.0,Ethereum,DEX,EF,SC-Technical,Protocol Logic,Over-ride Logic Exploit,,defillama,https://api.llama.fi/hacks,1
2021-07-16,Bunny,2400000.0,2395931.0,4069.0,BSC,Yield,CPBP,SC-Economic,Ecosystem,Flashloan Incentive Rewards Exploit,"rekt.news entry; audit=Unaudited | Quick Summary PancakeBunny's VaultFlipToFlip vault was exploited using 8 flash loans, leading to a skewed calculation of the BUNNY price and a loss of approximately $1B in BUNNY tokens. Details of the Exploit The attacker manipulated the price on various PancakeSwap pools using 8 flash loans, which skewed the calculation of the BUNNY price in the VaultFliptoFlip vault. They borrowed WBNB from seven different PancakeSwap pools and USDT from Fortube Bank, deposit","defi_rekt,defillama,rekt,slowmist",https://api.llama.fi/hacks | https://de.fi/rekt-database?id=2651 | https://pancakebunny.medium.com/polybunny-post-mortem-compensation-42b5c35ce957 | https://rekt.news/leaderboard,4
2021-07-19,Array Finance,516391.0,0.0,516391.0,,Yield,CPBP,SC-Economic,,Exploit/Flash Loan Attack/Flash Loan Attack,"The attacker: https://etherscan.io/address/0x13370353f69665f36eb0a708f828c50dc23604af The transaction behind the attack: https://etherscan.io/tx/0xa17bbc7c9ab17aa88fdb5de83b41de982845e9c9c072efff6709dd29febf0daa The attacker: - flash loaned DAI, USDC, WETH, WBTC on Aave - invoked the buy() function of Array Finance. The attacker gained 430 ARRAY tokens minted by Array Finance using 45.91 WETH - invoked the joinPool() function of a closed source contract (Array Collater - 0xa800cda5f3416a6fb64ef9",defi_rekt,https://de.fi/rekt-database?id=2747,1
2021-07-28,PolyYeld Finance,250000.0,0.0,250000.0,,Yield,EF,SC-Technical,,Exploit/Other/Other,"Quick Summary PolyYeld finance introduced a transfer fee, which was inconsistent with its masterchef contract. The resulting vulnerability was exploited by an attacker for $250k. Details of the Exploit PolyYeld Finance is a yield aggregator protocol on the Polygon network. PolyYield introduced the $xYELD token, a deflationary token in order to support its yield aggregator services. A fee was applied on the transfers of the $xYELD token. The PolyYeld Masterchef contract was not designed to suppor",defi_rekt,https://de.fi/rekt-database?id=2589,1
2021-07-30,Levyathan,1500000.0,0.0,1500000.0,BSC,Yield,EF,SC-Technical,Infrastructure,Private Key Compromised (Stored Publicly),DeFiHackLabs entry ((I) Lost keys and minting (II) Vulnerable emergencyWithdraw) | rekt.news entry; audit=Unaudited | The Levyathan developers left the private keys to a wallet with minting capability available on Github. The attacker's address: https://bscscan.com/address/0x7507f84610f6d656a70eb8cdec044674799265d3 The minting transaction: https://bscscan.com/tx/0x86ddfd9864199ea78c1e6dc2a83c033f5900e00d3826cd39044a0ef7fcd2135e The attacker sold tokens at: https://bscscan.com/tx/0xe3faf5bfab37bf,"defi_rekt,defihacklabs,defillama,rekt,slowmist",https://api.llama.fi/hacks | https://de.fi/rekt-database?id=2551 | https://github.com/SunWeb3Sec/DeFiHackLabs/blob/main/past/2021/README.md | https://rekt.news/leaderboard | https://www.bsc.news/post/levyathan-falls-casualty-to-unlimited-mint-exploit-despite-certik-audit,5
2021-08-03,Popsicle Finance,20000000.0,0.0,20000000.0,Ethereum,Yield,CPBP,SC-Economic,Ecosystem,Flashloan Incentive Rewards Exploit,"rekt.news entry; audit=Peckshield | Quick Summary Popsicle Finance suffered an exploit due to a bug in the collectFees() function, allowing the attacker to withdraw rewards without holding PLP tokens. The attacker stole a total of 2.56K WETH, 96.2 WBTC, 160K DAI, 5.39M USDC, 4.98M USDT, and 10.5K UNI. Details of the Exploit The attacker created three contracts, one of which was used to launch the attack, while the other two were used to invoke the collectFees() function to fetch the rewards. The","defi_rekt,defillama,rekt,slowmist",https://api.llama.fi/hacks | https://de.fi/rekt-database?id=2421 | https://popsiclefinance.medium.com/popsicle-finance-post-mortem-after-fragola-hack-f45b302362e0 | https://rekt.news/leaderboard,4
2021-08-04,Casper DeFi,172411.0,190383.0,0.0,,Yield,EF,SC-Technical,,Exploit/Other/Other,"In the official post mortem, the project team says that their Solidity developer left the minting possibility in the contract constructor. Their Solidity developer is the contract deployer as well: https://ftmscan.com/address/0xe6a025845e9ab116a135dbaec6de0f521219782b The contract deployer invoked the mint () function in the following transactions: https://ftmscan.com/tx/0xf296baf2e970316949e6910b54decbea52aaabc94447cb52fcbca6049205f29d https://ftmscan.com/tx/0x4d02eac3127a00c673f0ce314d5565931e",defi_rekt,https://de.fi/rekt-database?id=2597,1
2021-08-04,Wault Finance,865000.0,0.0,865000.0,Binance,Yield,CPBP,SC-Economic,,Exploit/Flash Loan Attack/Flash Loan Attack,The attacker: https://bscscan.com/address/0x886358f9296de461d12e791bc9ef6f5a03410c64 The transaction behind the attack: https://bscscan.com/tx/0x31262f15a5b82999bf8d9d0f7e58dcb1656108e6031a2797b612216a95e1670e The attacker: - flash loaned 16.8M WUSD from WSwap’s WUSD-USDT pool and redeemed it for 15M USDT and 106M WEX - flash loaned 40M USDT from PCS’s WBNB-USDT pool - swapped a part of the flash loaned USDT to WEX before the price is pumped - staked the flash loaned USDT to WUSDMaster contract.,"defi_rekt,slowmist",https://de.fi/rekt-database?id=2488 | https://twitter.com/Wault_Finance/status/1422759668317925376,2
2021-08-08,Zerogoki,670000.0,0.0,670000.0,,Derivatives,CPBP,SC-Economic,,Exploit/Other/Other,"Zerogoki was attacked by way of compromising the price oracle. The attacker provided a price oracle signed by legitimate private keys, which contained a crafted number of tokens to be swapped. However, the reason why the attacker could construct a valid signature is unknown. The attacker's address: https://etherscan.io/address/0xaef46df5efe3173f17b878f3345cf6e79c30680d The transaction behind the attack: https://etherscan.io/tx/0x81e5f7158b7ef59f45864e34375bd52bb8227f51ef970fe07ec2abf1d421acf8 In","defi_rekt,slowmist",https://de.fi/rekt-database?id=2736 | https://twitter.com/bachonchain/status/1424263990402715648,2
2021-08-10,Punk Protocol,8925000.0,0.0,8925000.0,Ethereum,Lending,EF,SC-Technical,Smart Contract Language,Delegatecall Exploit,"rekt.news entry; audit=Unaudited | Quick Summary Punk Protocol suffered a loss due to a missing Modifier in the initialize() function of the CompoundModel code, allowing an attacker to manipulate the function and withdraw assets directly to their wallet. Details of the Exploit The attacker exploited a vulnerability in the initialize() function of the CompoundModel code, which lacked an ""initializer"" Modifier. This allowed the attacker to manipulate the function, despite it being connected to an ","defi_rekt,defillama,rekt,slowmist",https://api.llama.fi/hacks | https://de.fi/rekt-database?id=2558 | https://medium.com/punkprotocol/punk-finance-fair-launch-incident-report-984d9e340eb | https://rekt.news/leaderboard,4
2021-08-10,Poly Network,611000000.0,602189570.0,8810430.0,"Ethereum,BSC,Polygon",Bridge,EF,SC-Technical,Protocol Logic,Access Control Exploit,"rekt.news entry; audit=Unaudited | `verifyHeaderAndExecuteTx()` does not block calls to the `EthCrossChainData` contract, allowing cross-chain messages to replace the keeper public key and transfer arbitrary funds | Quick Summary Polynetwork was hacked for $602M. The attacker used Proxy smart contracts on 3 chains. Details of the Exploit Polynetwork is a DeFi platform. The project was hacked for 602,189,570 $USD in various assets. The attacker used unverified Proxy smart contracts on 3 chains. A","defi_rekt,defihacklabs,defillama,kismp,rekt,slowmist",https://api.llama.fi/hacks | https://de.fi/rekt-database?id=2543 | https://en.wikipedia.org/wiki/Poly_Network_exploit | https://github.com/SunWeb3Sec/DeFiHackLabs/blob/main/past/2021/README.md | https://github.com/kismp123/DeFi-Security-Incident/blob/main/2021/2021-08-10_PolyNetwork_CrossChain_AccessControl.md | https://rekt.news/leaderboard,6
2021-08-11,Maze Protocol,4000000.0,3800000.0,200000.0,,Lending,EF,SC-Technical,,Exploit/Other/Other,The attackers exploited a leak inside the lending protocol that allowed them to initiate loans under users’ collateral. The examples of the attacker’s transaction: https://www.bscscan.com/tx/0x2a389d058977f0327839ddf5fc3a56b025e937fed67137e0259dce1eb02f1355 https://www.bscscan.com/tx/0x636c682937831ce4585ab8bb547801508688393070bd03010485f8fc86935fc8 The project’s contract was attacked by the following addresses: 1. 0x330bF950Ab2Fb1f8Ed039a50b1a92478714a6c7c 2. 0x4f5BC3866858bF892118aC675e015286C,defi_rekt,https://de.fi/rekt-database?id=2559,1
2021-08-13,Neko Network,2200000.0,0.0,2200000.0,,Lending,EF,SC-Technical,,Contract Vulnerability,"The Neko Network, a lending protocol on the Binance Smart Chain (BSC), was attacked. The attacker used vulnerabilities in the protocol to mortgage assets in the name of the user and sent the borrowed funds directly to the attacker’s own address. All asset pools on the Neko Network have been frozen to avoid changes. Multiple attacks occur. Due to the setting of the time lock, it takes 24 hours to develop the fund pool and allow users to raise funds in the pool. Neko Network is a product developed",slowmist,https://blog.mazeprotocol.com/neko-hacking-incident-report-e46cdf179fd9,1
2021-08-13,Acala Network,1600000.0,0.0,1600000.0,Acala,Stablecoin,EF,SC-Technical,Protocol Logic,Incentives Function Mistake,rekt.news entry; audit=Out of scope,"defillama,rekt",https://api.llama.fi/hacks | https://rekt.news/leaderboard,2
2021-08-14,FASTSWAP,290738.0,0.0,290738.0,,DEX,EF,SC-Technical,,Exploit/Other/Other,"The attacker: https://bscscan.com/address/0xfd544b216bf23f4051281f13836c040feefd0921, as was stated by the project team in the tweet: https://archive.is/4MRMN tokenMigrate () function was called by the address which probably was saved to MasterChef in the constructor () initialization into private variable migrateAddress . Since the caller of the tokenMigrate () function was address 0x193D4D22A8610Da6A89b36a1C938778D268D15ef, he was able to invoke LP and token migrations multiple times at: https",defi_rekt,https://de.fi/rekt-database?id=2572,1
2021-08-15,Ref Finance,3202539.0,3202539.0,0.0,,DEX,EF,SC-Technical,,Exploit/Other/Other,"On August 14 at around 11 am UTC, the Ref Finance dev team deployed a hotfix to an issue surrounding the Ref Finance contracts. Prior to the fix, users that unstaked all of their tokens from the farm contract were unable to remove the deposited liquidity from the pool. This occurred due to the users’ NEAR account being unregistered from the LP token contract, a feature unique to NEAR tokens that generally aids the user experience. While the hotfix solved that issue, it contained a new issue that","defi_rekt,slowmist",https://de.fi/rekt-database?id=2741 | https://twitter.com/finance_ref/status/1426649258812448774,2
2021-08-17,SurgeBNB,4000000.0,0.0,4000000.0,BSC,DEX,CPBP,SC-Economic,Ecosystem,Flashloan Reentrancy Attack,,defillama,https://api.llama.fi/hacks,1
2021-08-18,Pinecone Finance,200000.0,0.0,200000.0,,Yield,EF,SC-Technical,,Exploit/Other/Other,"The attackers' addresses: https://bscscan.com/address/0x472a2c88c1a5f794eb80706e587d4a120d9be255 https://bscscan.com/address/0x430ad7e178d3e00145f35c041c7f486d7e8a4c7e https://bscscan.com/address/0xfc6682db7e9f57882e8b18ebc9adc7a19f770494 The transaction behind the attack: https://bscscan.com/tx/0xe23ffa079edd975b5bd48503757040b7aa60e63d66972419fd56f4404c6d4da1 The root cause is a false deposit bug in the staking logic of Pinecone finance. In particular, the affected vault counts as valid deposi",defi_rekt,https://de.fi/rekt-database?id=2588,1
2021-08-19,Solend,16000.0,16000.0,0.0,,Lending,EF,SC-Technical,,Exploit/Other/Other,"An attacker attempted to exploit the Solend smart contract. They subverted an insecure auth check on the UpdateReserveConfig() function to make accounts with borrows liquidatable and set the borrow APY to 250% for all markets. The attempt to steal funds was detected and stopped by the Solend team in time such that no funds were stolen. A handful of users (5) were liquidated by Solend's liquidator, but those users were refunded out of the liquidator's undue earnings (~16K USD). The attacker's add","defi_rekt,slowmist",https://de.fi/rekt-database?id=2740 | https://twitter.com/solendprotocol/status/1428611597941891082,2
2021-08-19,Luna Yield,6704917.0,4025900.0,2679017.0,Solana,Yield,IF,Cyber-Operational,,Rug Pull,"The Solana chain has experienced its first carpet pull. Luna Yield ($LUNY) is a revenue aggregator launched through the Solana launchpad &quot;SolPad&quot;, which has disappeared and is a variety of digital currencies worth about 6.7 million U.S. dollars. Luna Yield advertises itself as a legal project that can aggregate and optimize yield agriculture for its users; it is even supported by the famous Solana-based project launchpad &quot;SolPad&quot;, which enables projects that submit &quot;qual","defi_rekt,slowmist",https://coingeek.com/solana-sees-first-rug-pull-luna-yield-disappears-with-6-7m-in-digital-currency/https://coingeek.com/solana-sees-first-rug-pull-lu | https://de.fi/rekt-database?id=2600,2
2021-08-25,Dot Finance,429724.0,0.0,429724.0,,Yield,EF,SC-Technical,,Exploit/Other/Other,"Team announcement: ""Someone took advantage of an opening that was set in our contracts in preparation for a future PINK farm on PancakeSwap. The user deposited CAKE tokens and made the system believe the farm existed. The deposited tokens was mistaken by the vault as yield which was rewarded back to him as PINK tokens when he withdraw his funds. By the time we disabled all of our contracts, this person had managed to withdraw tokens, which he later on sold on the market. Dot Finance Team identif","defi_rekt,slowmist",https://de.fi/rekt-database?id=2739 | https://medium.com/@Knownsec_Blockchain_Lab/knowsec-blockchain-lab-dot-finance-flash-loan-security-incident-analysis-98f7b5707a15,2
2021-08-27,Wault Finance,803000.0,0.0,803000.0,BSC (Binance Smart Chain),Yield,EF,SC-Technical,,W U S D,"WEX staking swaps inside `redeem()` were executed repeatedly without slippage protection, causing cumulative distortion of WEX/USDT AMM reserves",kismp,https://github.com/kismp123/DeFi-Security-Incident/blob/main/2021/2021-08-27_WaultFinance_WUSD_PriceManipulation.md,1
2021-08-29,xToken,4500000.0,0.0,4500000.0,Ethereum,Derivatives,CPBP,SC-Economic,Ecosystem,Flashloan Price Oracle Attack,"Quick Summary The exploitation of Synthetix and Bancor protocols led to a loss of $24.5M in ETH, BNT, SNX, and xBNTa tokens. Details of the Exploit The attacker initiated the exploit by borrowing a 61.8k ETH flash loan from dYdX. They then deposited 10k ETH to borrow 564k SNX on Aave and swapped 5.5k ETH for 700k SNX on SushiSwap. The attacker sold 1.2M SNX for 818 ETH on Uniswap v2, significantly reducing the SNX price. They then used only 0.12 ETH to mint 1.2B xSNXa, because the protocol buys ","defi_rekt,defillama,rekt,slowmist",https://api.llama.fi/hacks | https://de.fi/rekt-database?id=2595 | https://medium.com/xtoken/xsnx-post-mortem-666d35071f38 | https://rekt.news/leaderboard,4
2021-08-30,CREAM Lending,18800000.0,0.0,18800000.0,Ethereum,Lending,CPBP,SC-Economic,Ecosystem,Flashloan Reentrancy Attack,"rekt.news entry; audit=Unaudited | DeFiHackLabs entry (Flashloan Attack + Reentrancy) | Quick Summary Cream Finance got exploited through a vulnerability hidden in the borrow() function, which was repeatedly utilized for reentrancy attacks. The attacker made away with approx. $36 million. Details of the Exploit Cream (Crypto Rules Everything Around Me) Finance is a decentralized lending protocol designed for institutions, protocols and people in order to access financial services. The risk for r","defi_rekt,defihacklabs,defillama,rekt,slowmist",https://api.llama.fi/hacks | https://de.fi/rekt-database?id=2596 | https://github.com/SunWeb3Sec/DeFiHackLabs/blob/main/past/2021/README.md | https://medium.com/cream-finance/c-r-e-a-m-finance-post-mortem-amp-exploit-6ceb20a630c5 | https://rekt.news/leaderboard,5
2021-09-03,Siren,3450000.0,0.0,3450000.0,Polygon,Derivatives,EF,SC-Technical,Smart Contract Language,Reentrancy,,defillama,https://api.llama.fi/hacks,1
2021-09-10,AFKSystems Finance,2017053.0,0.0,2017053.0,,Yield,IF,Cyber-Operational,,Exit Scam/Rugpull/Rugpull,The EOA address deployed unverified smart contract at: https://polygonscan.com/tx/0x371b8da1ef6fae5613025d6d3ac85b4eb989cabf91909ace8a7aaa81ec341eb5 This smart contract interacted with different MasterChef contracts: https://polygonscan.com/tx/0xa4dafd21de907f594344876dd43977e2f03ab541085495ea5010a0c5d53fe470 https://polygonscan.com/tx/0x5a27947b4af14f897d35bc4457c4a00a1a3b3002db1b7552d680b7bb0e028de9 https://polygonscan.com/tx/0x758ca2462da1fba081c50e5e82abcf26225321ad409d9f2b0ae8623d61541e8b h,defi_rekt,https://de.fi/rekt-database?id=2627,1
2021-09-12,Zabu Finance,3200000.0,0.0,3200000.0,Avalanche,Yield,CPBP,SC-Economic,Protocol Logic,Flashloan Exploit,"The attacker: https://cchain.explorer.avax.network/address/0x9ed2D048e90CfFa5e4A778678CBc3acb8A3Abf86/transactions The transaction behind the attack: https://cchain.explorer.avax.network/tx/0x8b3042e55a63f39bb388240a089cf4d51e59abe7cb0bff303c6dbb19eaeb75ac/token-transfers The hack was due to the lack of deflationary token support in the MasterChef contract. By repeated deposits and withdrawals with the MasterChef, the attacker frequently triggers the tax collection, which led to the exploit. The","defi_rekt,defillama,kismp,slowmist",https://api.llama.fi/hacks | https://de.fi/rekt-database?id=2626 | https://github.com/kismp123/DeFi-Security-Incident/blob/main/2021/2021-09-27_ZABU_FlashSwap_FarmReward_Drain.md | https://www.coindesk.com/tech/2021/09/13/avalanche-based-zabu-finance-exploited-in-32m-hack/,4
2021-09-15,NowSwap,1000000.0,0.0,1000000.0,Ethereum,DEX,EF,SC-Technical,Protocol Logic,Inconsistent Value in Code,"The attacker's address: https://etherscan.io/address/0x5676e585bf16387bc159fd4f82416434cda5f1a3 The transaction behind the exploit: https://etherscan.io/tx/0xf3158a7ea59586c5570f5532c22e2582ee9adba2408eabe61622595197c50713 NowSwap hack was made possible by an error when updating the smart contract’s code. &nbsp;The original code of the contract contained a value, K, of 1,000 in three different places. &nbsp;The update to the code changed this value in two places but not the third. This third loc","defi_rekt,defillama,slowmist",https://api.llama.fi/hacks | https://de.fi/rekt-database?id=2730 | https://twitter.com/PuPuThrashing/status/1438058002817323009,3
2021-09-16,SushiSwap,2993606.0,2993606.0,0.0,,DEX,EF,SC-Technical,,Exploit/Other/Other,"The exploiter: https://etherscan.io/address/0x3ddd8b6d092df917473680d6c41f80f708c45395 Sushiswap's launchpad MISO was attacked from the front end side. The anonymous contractor of the Sushiswap GitHub uploaded malicious code, which replaced the auction's wallet with the exploiter's wallet. Commit author was under the AristoK3 nickname. The exploiter's wallet was funded from exchanges like Binance, FTX. The transaction where the funds were withdrawn: https://etherscan.io/tx/0x78d6355703507f88f209",defi_rekt,https://de.fi/rekt-database?id=2634,1
2021-09-17,DefiBox,24412.0,0.0,24412.0,,DEX,EF,SC-Technical,,Exploit/Other/Other,"Defibox discovered an abnormal exchange situation of the EOS-EMOON trading pair on September 16th. After an emergency investigation, the swap contract was suspended on September 17th, and it was reopened on the morning of September 17th after auditing and multiple signings were completed. This exchange abnormality is caused by the incompatibility between the Defibox Swap contract and the EMOON contract. Before the event, the number of pots was 482636464535179.88 EMOON/4866.1494 EOS. When the con",defi_rekt,https://de.fi/rekt-database?id=2737,1
2021-09-17,Sushi MISO (DutchAuction),3000000.0,0.0,3000000.0,Ethereum,DEX,EF,SC-Technical,,Dutch Auction,"Attacker injected an init() callback into the deployment script, replacing the auction wallet address with the attacker's address",kismp,https://github.com/kismp123/DeFi-Security-Incident/blob/main/2021/2021-09-17_SushiMiso_DutchAuction_AccessControl.md,1
2021-09-20,Vee.Finance,35000000.0,0.0,35000000.0,,Lending,EF,SC-Technical,,Contract Vulnerability,"According to official sources, the loan agreement Vee.Finance officially released an explanation about the attack. The content is as follows: On September 20, the Vee.Finance team noticed multiple abnormal transfers. After further monitoring, a total of 8804.7 ETH and 213.93 BTC were stolen (total Worth more than 35 million U.S. dollars). The attacker&#39;s address is: 0xeeeE458C3a5eaAfcFd68681D405FB55Ef80595BA. After investigation, the suspected attacker launched the attack through the above ad",slowmist,https://twitter.com/VeeFinance/status/1440102406499356675,1
2021-09-21,Vee Finance,34000000.0,0.0,34000000.0,Avalanche,Lending,CPBP,SC-Economic,Ecosystem,Flashloan Price Oracle Attack,"rekt.news entry; audit=Slowmist | Quick Summary A malicious smart contract was deployed to interact with one of the protocol smart contracts, leading to the withdrawal of funds. Details of the Exploit The attacker deployed a smart contract with malicious logic that interacted with one of the protocol smart contracts. Both contracts are unverified. The funds were then withdrawn through a series of transactions. The stolen WBTC and WETH were bridged to Ethereum and are still held on the attacker's","defi_rekt,defillama,rekt",https://api.llama.fi/hacks | https://de.fi/rekt-database?id=2638 | https://rekt.news/leaderboard,3
2021-09-29,Compound V2,80000000.0,0.0,80000000.0,Ethereum,Lending,EDPM,Cyber-Operational,Protocol Logic,Math Mistake Exploit,"rekt.news entry; audit=Unaudited | Quick Summary Compound's new proposal caused a loss of 237,000 $COMP tokens due to the smart contract issue Details of the Exploit Compound's governance Proposal 62 changed the distribution in the Comptroller contract to liquidity suppliers and borrowers from a previous 50:50 split to new governance proposed ratios: https://compound.finance/governance/proposals/62 However, the Comptroller contract contains a bug, causing some users to receive too much COMP. The","defi_rekt,defillama,rekt,slowmist",https://api.llama.fi/hacks | https://de.fi/rekt-database?id=2663 | https://rekt.news/compound-rekt/ | https://rekt.news/leaderboard | https://twitter.com/compoundfinance/status/1441097386449719301,4
2021-10-04,pNetwork,12850000.0,0.0,12850000.0,"BSC,Bitcoin",Bridge,EF,SC-Technical,Protocol Logic,Log Spoofing,"Quick Summary pBTC-on-BSC cross-chain bridge was exploited, resulting in the theft of 277 BTC. Details of the Exploit The attacker targeted multiple pTokens bridges, but only the pBTC-on-BSC cross-chain bridge was affected. The attacker was funded with BNB from a Binance exchange wallet to cover gas fees for the deployment of contracts with malicious logic. These smart contracts created a series of event logs, including both legitimate and faulty peg-out requests. Due to a bug in the Rust code s","defi_rekt,defillama",https://api.llama.fi/hacks | https://de.fi/rekt-database?id=2640,2
2021-10-06,My Farm Pet,31417.0,0.0,31417.0,,Yield,CPBP,SC-Economic,,Exploit/Flash Loan Attack/Flash Loan Attack,"Quick Summary A flashloan attack was made on the My Farm Pet project with a profit of $31k gained by the attacker Details of the Exploit My farm pet is a blockchain farming game, where anyone can buy and own virtual farms. The attacker created a contract in which there was a flashloan function to perform arbitration on the marketplace between versions V2 and V3. The attacker used 340k $BUSD to exchange for 22k $MYFARMPET, of which 1k were used to buy 70k $ChickenFood on My Farm Pets Marketplace ","defi_rekt,slowmist",https://de.fi/rekt-database?id=3090 | https://www.tuoniaox.com/news/p-517619.html,2
2021-10-08,Mirror,90000000.0,0.0,90000000.0,Terra,Derivatives,BDSF,Blockchain-Infrastructure,Infrastructure,Outdated Oracle Exploit,rekt.news entry; audit=Unaudited | Quick Summary Terra's Mirror Protocol was exploited for ~$90 million by a hacker. The attack went unnoticed for 7 months before a Terra community member called FatManTerra identified the exploit. Details of the Exploit The Mirror Protocol was a synthetic assets protocol that allowed users to deposit USTC or LUNAC with a lockup period in order to mint synthetic stocks and commodities. The protocol allowed user to utilize both short and long strategies. The short,"defi_rekt,defillama,rekt",https://api.llama.fi/hacks | https://de.fi/rekt-database?id=3030 | https://rekt.news/leaderboard,3
2021-10-14,Indexed Finance,16000000.0,0.0,16000000.0,Ethereum,Yield,CPBP,SC-Economic,Ecosystem,Flashloan Price Oracle Attack,"rekt.news entry; audit=Unaudited | Quick Summary The DEFI5 and CC10 index tokens were exploited using flash loans, resulting in a loss of approximately $156 million. Details of the Exploit The attacker targeted the DEFI5 and CC10 index tokens using flash loans of other assets in the pool to buy out UNI, which decreased the extrapolated value due to the delay in updating UNI’s weight decrease. The pool was valued at 29,851 SUSHI ($300k) after executing the updateMinimumBalance function with the g","defi_rekt,defihacklabs,defillama,kismp,rekt,slowmist",https://api.llama.fi/hacks | https://de.fi/rekt-database?id=2679 | https://github.com/SunWeb3Sec/DeFiHackLabs/blob/main/past/2021/README.md | https://github.com/kismp123/DeFi-Security-Incident/blob/main/2021/2021-10-15_IndexedFinance_ReweightManipulation.md | https://ndxfi.medium.com/indexed-attack-post-mortem-b006094f0bdc | https://rekt.news/leaderboard,6
2021-10-17,Glide Finance,300000.0,0.0,300000.0,,DEX,EF,SC-Technical,,Exploit/Other/Other,"Glide was exploited and funds were drained from the pair contracts. The team claims, that they made a fee parameter change post-audit and failed to update a number from 1000 to 10000 on the contract. This resulted in a ~$300k loss. | Glide Finance, a DeFi protocol built on the Elastos ecosystem, tweeted that a contract loophole was exploited to siphon money out of the matching contract for a loss of approximately $300,000 because the team changed the fee parameters after an audit but did not upd","defi_rekt,slowmist",https://de.fi/rekt-database?id=2681 | https://twitter.com/GlideFinance/status/1449775133992755206,2
2021-10-20,PancakeHunny,1984749.0,0.0,1984749.0,,Yield,CPBP,SC-Economic,,Exploit/Other/Other,"The attacker's address: https://bscscan.com/address/0x731821d13414487ea46f1b485cfb267019917689 The contract used for the attack: https://bscscan.com/address/0xa5312796dc20add51e41a4034bf1ed481b708e71 The attacker: - took a 53.25 BTC flash loan from Cream Finance - used 53.25 BTC to get a 2,717,107 TUSD loan from Venus - manipulated the price of BNB/TUSD Pool on PancakeSwap - used 50 different contracts, deployed earlier to deposit 38,250 TUSD into HUNNY TUSD Vault - redeemed 2842.16TUSD and mint",defi_rekt,https://de.fi/rekt-database?id=2682,1
2021-10-21,Polygon Plasma Bridge,2000000.0,0.0,2000000.0,,Bridge,EF,SC-Technical,,Double Spend Attack,"Bug bounty platform Immunefi says white hat hacker Gerhard Wagner submitted a critical vulnerability affecting the Polygon Plasma Bridge on October 5, 2021 that allows attackers to withdraw their burn transactions from the bridge multiple times for up to 223 times. About $850 million is at risk, and an attack with just $100,000 would result in a loss of $22.3 million. Polygon confirmed the bug and immediately began fixing the underlying issue, which was resolved within a week. Polygon agreed to ",slowmist,https://medium.com/immunefi/polygon-double-spend-bug-fix-postmortem-2m-bounty-5a1db09db7f1,1
2021-10-23,Alpha Finance Lab,170704.0,170704.0,0.0,,Yield,BDSF,Blockchain-Infrastructure,,Exploit/Other/Other,"Alpha Finance team received a user report regarding abnormal position value loss in Alpha Homora V2 on Ethereum after the position was opened. Looking at the transaction details, the slippage control values correctly reflected the 1% tolerance, but the LP value still did not conform. The problem: a Miner Extractable Value (MEV) bot inspected the transaction, bundled the transactions such that the bot could make financial profits, and sent these transactions privately to a particular group of min",defi_rekt,https://de.fi/rekt-database?id=2733,1
2021-10-27,CREAM Lending,130000000.0,0.0,130000000.0,Ethereum,Lending,CPBP,SC-Economic,Ecosystem,Flashloan Price Oracle Attack,"rekt.news entry; audit=Unaudited | Collateral value calculated using yUSD vault's `pricePerShare()` as a spot value — manipulable within a single block via recursive mint/borrow | DeFiHackLabs entry (Price Manipulation) | Quick Summary The flash loan attack happened on CreamFinance for the second time. Funds were stolen for a total of 130,000,000 $USD. Details of the Exploit The attacker: - borrowed $500m DAI from Maker - deposited to yDAI into yUSD Curve pool (yDAI/yUSDC/yUSDT/yTUSD) - deposite","defi_rekt,defihacklabs,defillama,kismp,rekt,slowmist",https://api.llama.fi/hacks | https://de.fi/rekt-database?id=2684 | https://github.com/SunWeb3Sec/DeFiHackLabs/blob/main/past/2021/README.md | https://github.com/kismp123/DeFi-Security-Incident/blob/main/2021/2021-10-27_Cream_Finance2_OracleManipulation_RecursiveBorrow.md | https://medium.com/cream-finance/post-mortem-exploit-oct-27-507b12bb6f8e | https://rekt.news/leaderboard,6
2021-10-29,AnubisDAO,60000000.0,0.0,60000000.0,Ethereum,Stablecoin,IF,Cyber-Operational,Rugpull,Drained Contracts,"Quick Summary AnubisDAO was hacked, and 13,597 $ETH was drained before the sale round ends Details of the Exploit The project was holding fundraising using the Copper fair launch auction. AnubisDAO named itself as a fork of OlympusDAO. All deposited $ETH was withdrawn from the Balancer Vault into the EOA wallet, before a couple of hours left for the sale round finish. Block Data Reference Stealing transaction: https://etherscan.io/tx/0x551890a877c57cf19ddcb312c0a9962029225373daf2815f3720b723bd79","defi_rekt,defillama",https://api.llama.fi/hacks | https://de.fi/rekt-database?id=2686,2
2021-10-29,AutoShark Finance,2000000.0,0.0,2000000.0,,DEX,CPBP,SC-Economic,,Flash loan attack,"The DeFi protocol AutoShark Finance on the Binance Smart Chain was attacked by hackers in a series of transactions, and the hackers made a profit of US$2 million (the protocol loss may be even greater). Previously, AutoShark was attacked by a flash loan in May, and the currency price crashed. AutoShark responded that it would issue a new token, JAWS, to compensate damaged users. Since then, AutoShark was attacked by lightning loan again in early October, and hackers made a profit of approximatel","defi_rekt,slowmist",https://de.fi/rekt-database?id=2687 | https://twitter.com/peckshield/status/1454026801869590529,2
2021-10-30,Boy X Highspeed,139545227.5,0.0,139545227.5,,Lending,EF,SC-Technical,,Exploit/Access control/Access Control,"Quick Summary BXH protocol was attacked by a private key compromise, and more than 130,000,000 $USD worth of assets stolen Details of the Exploit BXH DeFi lending protocol was attacked by private key disclosure, by gaining control over the target smart contract, the attacker withdrew all funds at the following transaction: https://bscscan.com/tx/0x6466cad9ad300054f0d560db5619a299f67883ad51b6aeafad3061d09674ac84 Funds recipient (attacker's contract) transferred all funds directly into the attacke","defi_rekt,slowmist",https://de.fi/rekt-database?id=2688 | https://twitter.com/BXH_Blockchain/status/1454366374353010695,2
2021-11-03,Vesper Finance,3003942.0,0.0,3003942.0,Ethereum,DEX,CPBP,SC-Economic,Protocol Logic,Oracle Manipulation,"The attacker's address: https://etherscan.io/address/0xa3f447feb0b2bddc50a44ccd6f412a5f98619264 The attacker: - received ~100 ETH from Tornado Cash to ensure his privacy: https://etherscan.io/tx/0x1423391a93b283e9a001d5faee292cb82c55d04f021c53f7eda0f600665f8cba - swapped 56.81 ETH to 254,783 USDC -swapped 232,509 USDC to 222,403 VUSD on the Uniswap v3 - added liquidity into ""infinity"" price range using 0 VUSD and 0.1 USDC: https://etherscan.io/tx/0x89d0ae4dc1743598a540c4e33917efdce24338723b0fabf","defi_rekt,defillama,slowmist",https://api.llama.fi/hacks | https://de.fi/rekt-database?id=2690 | https://medium.com/vesperfinance/on-the-vesper-lend-beta-rari-fuse-pool-23-exploit-9043ccd40ac9,3
2021-11-04,Ploutoz (DOP Token),365000.0,0.0,365000.0,BSC (Binance Smart Chain),DEX,CPBP,SC-Economic,,D O P,"AMM spot price from Twinidex/PancakeSwap used for DOP collateral valuation — manipulable within a single block via large swaps | The attacker's address: https://bscscan.com/address/0x2f618493b9ff77d61426e4dbf3b844666a6b315e The transaction behind the attack: https://bscscan.com/tx/0x7fe46c2746855dd57e18f4d33522849ff192e4e26c74835799ba8dab89099457 The attacker: - flash loaded 1,000,400 BUSD from PancakeSwap BNB/BUSD pair - swapped 1,000,00 BUSD for 570,234 DOP tokens to push the price up - swappe","defi_rekt,kismp,slowmist",https://de.fi/rekt-database?id=2700 | https://github.com/kismp123/DeFi-Security-Incident/blob/main/2021/2021-11-04_Ploutoz_DOP_FlashLoan_OracleManipulation.md | https://twitter.com/peckshield/status/1463113809111896065?s=21,3
2021-11-05,Ooki,55000000.0,0.0,55000000.0,"Polygon,BSC",Lending,EF,SC-Technical,Infrastructure,Private Key Compromised (Phishing),"rekt.news entry; audit=Unaudited | Quick Summary The private key controlling BSC and Polygon deployments was compromised, allowing attackers to transfer ownership of the core bZx contracts and withdraw users' deposited collateral. Details of the Exploit The attackers initiated the exploit by transferring ownership of the core bZx contracts. This was done by invoking the target contract with a method through a fallback function with delegatecall. This allowed the attackers to withdraw users' depo","defi_rekt,defillama,rekt,slowmist",https://api.llama.fi/hacks | https://bzx.network/blog/prelminary-post-mortem | https://de.fi/rekt-database?id=2691 | https://rekt.news/leaderboard,4
2021-11-07,ChainSwap,4400000.0,0.0,4400000.0,"Ethereum,BSC",Bridge,EF,SC-Technical,Protocol Logic,Exploit Weak Authentication Check,,defillama,https://api.llama.fi/hacks,1
2021-11-11,Curve Finance,30000000.0,0.0,30000000.0,,Stablecoin,CPBP,SC-Economic,,Governance Attack,"The stablecoin transaction protocol Curve caused losses to users who provided USDM liquidity due to the &quot;governance attack&quot; of the USDM stablecoin protocol Mochi. At present, Curve has dealt with urgently to avoid a wider range of losses. Previously, the Mochi project party purchased Convex&#39;s CVX tokens, voted to increase the USDM pool rewards to increase the liquidity of USDM and other assets, and then converted a large amount of USDM tokens owned by the project party into DAI aft",slowmist,https://twitter.com/AndreCronjeTech/status/1458588862998003713,1
2021-11-13,Blizzard,1109632.0,0.0,1109632.0,,Yield,IF,Cyber-Operational,,Exploit/Other/Other,"The insider attack was performed by 2 team members: front-end and back-end developers. Developers had access to the key contracts as they were members of a multisignature account, which requires only 2 signs. 1. Whitehat reported found bug in the vault contracts to the Immunefi team 2. Whitehat received bug bounty and the core team of Blizzard asked the back-end developer to remove retired vaults, put 0 reward rate and disable deposits. 3. Front-end and back-end started testing new vaults: https",defi_rekt,https://de.fi/rekt-database?id=2692,1
2021-11-14,Nerve Finance,585882.0,0.0,585882.0,,DEX,CPBP,SC-Economic,,Exploit/Other/Other,"The attacker: https://bscscan.com/address/0xd5476194bdc298b6981f5414b693363f94d69228 The transaction behind the attack: https://bscscan.com/tx/0xea95925eb0438e04d0d81dc270a99ca9fa18b94ca8c6e34272fc9e09266fcf1d The attacker: - borrowed 50,000 BUSD using a flash loan from Fortube - swapped 50,000 BUSD for 50,351 fUSDT from Ellipsis - invoked the swap function of MetaSwap to swap 50,351 fUSDT for 36,959 Nerve 3-LP with a relatively big slippage - invoked the removeLiquidityOneCoin() function of Ner",defi_rekt,https://de.fi/rekt-database?id=2721,1
2021-11-20,Formation.Fi,100000.0,0.0,100000.0,,Yield,EF,SC-Technical,,Exploit/Other/Other,The attacker: https://etherscan.io/address/0x89640eb6c8d72606d6a0fff45415bff0ab0e3ae1 The transaction behind the attack: https://etherscan.io/tx/0x5c9ac39ca05e51147d60156f085e650370a1e930f9f615f758fecb31deafb6ab The attack contract: https://etherscan.io/address/0xb5aef637d77648c4b937d1be5f6a036f52b1711e Affected contracts: https://bscscan.com/address/0xe2ee850d72d02b3d827b98847d332add0d3f0012 https://etherscan.io/address/0x62931dece3411ada1038c09cd01baa11db08334b The farming contract has been us,"defi_rekt,slowmist",https://de.fi/rekt-database?id=2720 | https://formation-fi.medium.com/greetings-formation-fi-community-supporters-investors-and-friends-b09d673cda8a,2
2021-11-24,dYdX,211001.0,0.0,211001.0,,Derivatives,EF,SC-Technical,,Exploit/Other/Other,Affected contract: https://etherscan.io/address/0x53773fE5ff4451c896127Dd2c91b8dE7ac51Ba2C Timeline: Nov 27 05:21. The dydX team received a report from a member of a trading firm regarding a vulnerability in the dYdX deposit proxy contract. Nov 27 06:40. The dYdX team confirmed the bug. They asked samczsun and Georgios from Paradigm to join them in the war room as they respond to the vulnerability. Nov 27 06:50. The dYdX and Paradigm teams together decided the best course of action is to execute,"defi_rekt,slowmist",https://de.fi/rekt-database?id=2731 | https://dydx.exchange/blog/deposit-proxy-post-mortem,2
2021-11-25,ElectronDAO,728653.0,0.0,728653.0,,Stablecoin,IF,Cyber-Operational,,Exit Scam/Rugpull/Rugpull,"The project was holding a fundraising event using smart contract: https://polygonscan.com/token/0xd54b5a3b333a2aaf4521835fdf465af9df4e8130 Funds were received directly on the mentioned contract in the exchange of tokens: https://polygonscan.com/tokentxns?a=0xd54b5a3b333a2aaf4521835fdf465af9df4e8130&amp;p=16 After the creation of the initial liquidity, tokens were removed from the pair together with fundraised DAI: https://polygonscan.com/tx/0x2ef9d9840e3de8242b728205b51f365644f5cb85358fdae2ca473",defi_rekt,https://de.fi/rekt-database?id=2701,1
2021-11-25,Snowdog,18100000.0,0.0,18100000.0,Avalanche,Stablecoin,IF,Cyber-Operational,Rugpull,Drained Contracts,"rekt.news entry; audit=Unaudited | This weekend, the biggest rug pull in Avalanche history shocked the network and its users. SDOG is the first meme coin launched on Avalanche, with a price of up to 10 million U.S. dollars, and the team admitted that they &quot;smashed it up.&quot; On the other hand, however, what they called a &quot;game theory experiment&quot; went wrong. Snowdog DAO is the protocol behind the SDOG token, and as of press time, its value has lost more than 90%. This is a comple","defillama,rekt,slowmist",https://api.llama.fi/hacks | https://cryptosrus.com/snowdog-rug-pull-rocks-avalanche-what-happened/ | https://rekt.news/leaderboard,3
2021-11-26,SnowdogDAO,30000000.0,0.0,30000000.0,,Stablecoin,IF,Cyber-Operational,,Exit Scam/Rugpull/Rugpull,"Quick Summary Insider trading was suspected in Snowdog's buyback event for their native token SDOG, leading to early sales before access was opened to all users. Details of the Exploit The project planned a buyback event for their native token SDOG. To avoid frontrunning and bots' activity and prevent token sales, the team behind Snowdog restricted early sales through direct contract interaction by using challengePassed modifier inside the contract pair. However, three addresses, suspected to be","defi_rekt,slowmist",https://de.fi/rekt-database?id=2699 | https://www.mon-livret.fr/le-premier-memecoin-lance-sur-avalanche-se-termine-en-arnaque-de-30-millions-de-dollars.html,2
2021-11-26,Visor Finance,974168.0,0.0,974168.0,,Yield,CPBP,SC-Economic,,Exploit/Flash Loan Attack/Flash Loan Attack,The attacker's address 1: https://etherscan.io/address/0x89640eb6c8d72606d6a0fff45415bff0ab0e3ae1 The attacker's address 2: https://etherscan.io/address/0xf434edf6b19e7310a7bea05ad3df6c086fd3a98e The transactions behind the flash loan attack (exploiter 1): https://etherscan.io/tx/0x5c9ac39ca05e51147d60156f085e650370a1e930f9f615f758fecb31deafb6ab https://etherscan.io/tx/0xc2104896231ed5ad66e880f046d9973a0b85e28d5534f3e7213bbb41e83f7316 https://etherscan.io/tx/0x07f39ed1cb3c2e1426236344d3d35dd7d79,"defi_rekt,slowmist",https://de.fi/rekt-database?id=2702 | https://twitter.com/GammaStrategies/status/1464702295153774594,2
2021-11-26,Lever,652941.4745,0.0,652941.4745,,Lending,EF,SC-Technical,,Exploit/Other/Other,"The attacker: https://bscscan.com/address/0x1bd2c35424bcb28b79ff75b540bbe0c84902f76b The transaction behind the attack: https://bscscan.com/tx/0xb5365a299c07c81670e52934893793ad7c225a5cf30b641e20b451b2b5815593 Attack contract A: https://bscscan.com/address/0x5f92949a14e92d42ac182b27e1541fca4ca13f4e Attack contract B: https://bscscan.com/address/0x3790c9b5a9b9d9aa1c69140a5f01a57c9b868e1e Steps: - attack contract A flash loaded 2,100 BNB from PancakeSwap and deposited 2000 BNB on Lever’s BNB vault","defi_rekt,slowmist",https://de.fi/rekt-database?id=2719 | https://levernetwork.medium.com/full-report-of-the-lever-hack-ee508cf7488c,2
2021-11-30,MonoX,31200000.0,0.0,31200000.0,"Ethereum,Polygon",DEX,CPBP,SC-Economic,Protocol Logic,Swap Function Exploit,"rekt.news entry; audit=Halborn, Peckshield | `swapExactTokenForToken(MONO→MONO)` self-swap was permitted, inflating the MONO price indefinitely before draining USDC | DeFiHackLabs entry (Price Manipulation) | The automatic market maker protocol MonoX was hacked. In this attack, approximately US$18.2 million worth of WETH and 10.5 million US dollars of MATIC were stolen. Other stolen tokens included WBTC, LINK, GHST, DUCK, MIM and IMX. The total loss was approximately 31 million U.S. dollars. | Q","defi_rekt,defihacklabs,defillama,kismp,rekt,slowmist",https://api.llama.fi/hacks | https://de.fi/rekt-database?id=2710 | https://github.com/SunWeb3Sec/DeFiHackLabs/blob/main/past/2021/README.md | https://github.com/kismp123/DeFi-Security-Incident/blob/main/2021/2021-11-30_MonoSwap_SelfSwap_PriceManipulation.md | https://medium.com/monoswap/exploit-post-mortem-33921a779b43 | https://rekt.news/leaderboard,6
2021-12-01,CollectCoin,1071931.0,0.0,1071931.0,,DEX,EF,SC-Technical,,Exploit/Other/Other,"The attacker's address: https://bscscan.com/address/0xbb1d1d435d8c2238cc65a0f427034440b00ef1d2 The transaction behind the attack: https://bscscan.com/tx/0x85778af13373250cd7d2a09903128c086e76bbbb5adc61b3df74ae8b126abfd8 The deployed contract involved in the attack: https://bscscan.com/address/0x9be506b15a45757e1fb36e978ecadb415aaba9e0 The attacker: - swapped 1 BNB on 2,860 CLCT on PancakeSwap - invoked public burn () and pumped CLCT price - sold 2,860 CLCT for 1,661 BNB Stolen funds were deposit",defi_rekt,https://de.fi/rekt-database?id=2711,1
2021-12-02,Badger DAO,120000000.0,0.0,120000000.0,Ethereum,Yield,EF,SC-Technical,Infrastructure,Cloudflare Key Compromised,"rekt.news entry; audit=Unaudited | Attacker obtained a Cloudflare API key giving write access to BadgerDAO's frontend CDN. Malicious JavaScript was injected that intercepted user Web3 transactions and prepended unauthorized `approve()` calls granting the attacker unlimited token allowances. Subsequent `transferFrom()` calls drained approved token balances from affected users. | Quick Summary BadgerDAO lost 120,000,000 $USD worth of assets due to dApp exploit Details of the Exploit BadgerDAO is a","defi_rekt,defillama,kismp,rekt,slowmist",https://api.llama.fi/hacks | https://badger.com/technical-post-mortem | https://de.fi/rekt-database?id=2712 | https://github.com/kismp123/DeFi-Security-Incident/blob/main/2021/2021-12-02_BadgerDAO_FrontEndInject_ETH.md | https://rekt.news/leaderboard,5
2021-12-02,Saddle Finance 2,11000000.0,0.0,11000000.0,,DEX,EF,SC-Technical,,,rekt.news entry; audit=Unaudited,rekt,https://rekt.news/leaderboard,1
2021-12-08,8ightDAO,1750000.0,0.0,1750000.0,Harmony,Stablecoin,EF,SC-Technical,Infrastructure,Private Key Compromised (Unknown Method),"The project's team stated: ""Our private key got compromised and the funds have been transferred out of the treasury."" As a result, the address that received access control withdrew: - 490,170 DAI https://explorer.harmony.one/tx/0x7a9aeca34468a667fd1cc045d12245b424fcaf65ab97c54cb09ac0f48b9af964 - 378,417 DAI - 10,843 LP https://explorer.harmony.one/tx/0x0af0e8ea2af54429ba84f1e645725b6c6b0844fccc7fa4e2f69dc580a2dc70b2 - 12,362 USDT https://explorer.harmony.one/tx/0x71a8fa404b7d8b4776397dedb5c7aa90","defi_rekt,defillama,rekt,slowmist",https://api.llama.fi/hacks | https://coincodecap.com/8ight-finance-hacked-all-funds-in-treasury-withdrawn-due-to-leak-of-the-private-key | https://de.fi/rekt-database?id=2723 | https://rekt.news/leaderboard,4
2021-12-08,Pizza,5181544.0,0.0,5181544.0,,Lending,EF,SC-Technical,,Exploit/Other/Other,"Quick Summary Exploitation of eCurve Tripool resulted in abnormal issuance of LP tokens and significant asset loss. Details of the Exploit The attacker cyclically deposited stablecoins into eCurve Tripool using a malicious contract, leading to abnormal issuing of eCurve Tripool LP tokens. The attacker then transferred 12,000,000 TRIPOOL into their EOA address (itsspiderman1). The attacker deposited these tokens into lend.pizza as collateral and drained all assets from lending, transferring them ","defi_rekt,slowmist",https://de.fi/rekt-database?id=2724 | https://pizza-finance.medium.com/a-brief-review-on-the-12-08-spiderman-hacking-incident-8739c23322ab,2
2021-12-11,Gelato Network,744000.0,0.0,744000.0,,DEX,BDSF,Blockchain-Infrastructure,,Contract Vulnerability,"Smart contract automation tool Gelato Network tweeted: &quot;We have been alerted to a critical vulnerability in Sorbet Finance&#39;s G-UNI router contract. This vulnerability only affects users interacting with the Sorbet UI.&quot; Gelato Network released a security incident investigation report, saying that white hat hackers transferred a total of $27 million in assets to ensure the safety of user assets, but there were still $744,000 of funds that were maliciously attacked by MEV. The project",slowmist,https://medium.com/gelato-network/sorbet-finance-vulnerability-post-mortem-6f8fba78f109,1
2021-12-14,Brinc Finance,1101784.0,0.0,1101784.0,,Yield,EF,SC-Technical,,Exploit/Other/Other,"The address marked as ""hacker"" on Etherscan: https://etherscan.io/address/0x6B0b61323F6d77ef8A1a35D11FA877631d8f67Bb 1. The contract deployer of the staking contract invoked transferOwnership () at: https://etherscan.io/tx/0x09ae252d00122864070461e78810a3b91c4fb64076f72eb6dba775a80ca00df4 2. The newOwner was set to ""hacker's"" address: https://etherscan.io/address/0x6B0b61323F6d77ef8A1a35D11FA877631d8f67Bb 3. The contract deployer of the staking contract upgraded implementation of the contract at","defi_rekt,rekt",https://de.fi/rekt-database?id=2728 | https://rekt.news/leaderboard,2
2021-12-15,WePiggy,400000.0,0.0,400000.0,,Lending,EF,SC-Technical,,Exploit/Other/Other,"WePiggy-OEC protocol experienced a short-term error in the CHE oracle, causing the CHE price in WePiggy to be much higher than the market price, and resulting in abnormal liquidations for users who borrowed CHE assets. Based on prices at the time of the incident, the total loss of user assets was approximately US$400,000. The price of CHE surged from the normal US$0.28 to a maximum of US$33,486,904.70 All abnormal liquidating transactions: https://www.oklink.com/zh-cn/oec/tx/0xe9651ee34f1141a26f","defi_rekt,slowmist",https://de.fi/rekt-database?id=2750 | https://wepiggy-com.medium.com/incident-report-for-che-market-of-wepiggy-oec-protocol-679b218e9314,2
2021-12-18,Grim Finance,30000000.0,0.0,30000000.0,Fantom,Yield,CPBP,SC-Economic,Ecosystem,Flashloan Reentrancy Attack,"rekt.news entry; audit=Solidity Finance | `depositFor()` is reenterable when calling `transferFrom()` on an external token — 7 nested reentrant calls via a malicious token contract | DeFiHackLabs entry (Flashloan & Reentrancy) | Quick Summary Grim Finance's GrimBoostVault was exploited due to a reentrancy bug, allowing the attacker to mint large amounts of GB tokens and withdraw more SPIRIT-LP tokens than they deposited. Details of the Exploit The attacker initiated the exploit by taking a flash","defi_rekt,defihacklabs,defillama,kismp,rekt,slowmist",https://api.llama.fi/hacks | https://de.fi/rekt-database?id=2743 | https://github.com/SunWeb3Sec/DeFiHackLabs/blob/main/past/2021/README.md | https://github.com/kismp123/DeFi-Security-Incident/blob/main/2021/2021-12-18_Grim_Finance_Reentrancy_DepositFor.md | https://rekt.news/leaderboard | https://twitter.com/financegrim/status/1472357770846519312,6
2021-12-21,Gamma,8200000.0,0.0,8200000.0,Ethereum,Yield,EF,SC-Technical,Protocol Logic,Access Control Exploit,"rekt.news entry; audit=Unaudited | RewardsHypervisor.deposit() trusted the return value of the recipient's owner(), allowing an attacker contract to return an arbitrary address as owner and drain others' vVISR | DeFiHackLabs entry (Reentrancy) | The attacker: https://etherscan.io/address/0x8efab89b497b887cdaa2fb08ff71e4b3827774b2 The transaction behind the attack: https://etherscan.io/tx/0x69272d8c84d67d1da2f6425b339192fa472898dce936f24818fda415c1c1ff3f Exploited contract: https://etherscan.io/a","defi_rekt,defihacklabs,defillama,kismp,rekt",https://api.llama.fi/hacks | https://de.fi/rekt-database?id=2745 | https://github.com/SunWeb3Sec/DeFiHackLabs/blob/main/past/2021/README.md | https://github.com/kismp123/DeFi-Security-Incident/blob/main/2021/2021-12-21_Visor_Finance_DepositUnprotected.md | https://rekt.news/leaderboard,5
2021-12-21,Bent Finance,1750000.0,0.0,1750000.0,Ethereum,Yield,IF,Cyber-Operational,Protocol Logic,User Balances Manually Updated,rekt.news entry; audit=Unaudited | Quick Summary Bent Finance became a victim to an insider's exploit. The exploiter extracted approx. $USD 1.75M in value from the project. Details of the Exploit Bent Finance is a staking and farming platform that optimizes returns from the curve protocol. The Bent Finance team was in the process of migrating its contracts to a multisig wallet hereby effectively addressing internal security issues. Only days before the migration a developer on the team hardcoded,"defi_rekt,defillama,rekt",https://api.llama.fi/hacks | https://de.fi/rekt-database?id=2744 | https://rekt.news/leaderboard,3
2021-12-21,Nerve Bridge,80000.0,0.0,80000.0,BSC (Binance Smart Chain),Bridge,EF,SC-Technical,,Meta Swap,"`remove_liquidity_one_coin()` allowing `min_amount=0` and no restriction on repeated calls within the same block, causing accumulated pool imbalance through sequential MetaSwap + 3Pool interactions",kismp,https://github.com/kismp123/DeFi-Security-Incident/blob/main/2021/2021-12-21_NerveBridge_MetaSwap_PriceManipulation.md,1
2021-12-28,Eco DeFi,794041.0,0.0,794041.0,,Yield,EF,SC-Technical,,Exploit/Access control/Access Control,"The attacker: - swapped 0.02 WBNB to 12.368 XRP - deposited 12.368 XRP to the pool 0xc406 https://bscscan.com/address/0xc4068f463d9cb722b936e0194847ab3a86de4dab - minted 60,975,194,844 eXRP share tokens - set admin ( newAdmin ()) in Unitroller contract (0x6f5edd47b34ceb6506c85c15108b12b3c2cf919e) to the malicious contract (0x8043bfe3793597f6e74cebe495b471c27f80a179) - new owner called setPriceOracle () and changed oracle address from 0xf074b445e3b5858eea1e58fe5fe716ae33b69528 to malicious one 0x",defi_rekt,https://de.fi/rekt-database?id=2758,1
2021-12-30,SashimiSwap,258400.0,0.0,258400.0,,DEX,CPBP,SC-Economic,,Exploit/Flash Loan Attack/Flash Loan Attack,The attacker's address: https://etherscan.io/address/0xa8189407a37001260975b9da61a81c3bd9f55908 The transactions behind the attack : https://etherscan.io/tx/0x713c2ce2cb424eb746083c25b7e48c368bb64f587c2d77b5c474a307a79bf069 https://bscscan.com/tx/0xdf719d2535be32e302c1670a7453bdf648101a43b412e44d9e7e3e3754cc3387 https://hecoinfo.com/tx/0xecde0b3821a8d250810db91d7ef82acced1eaf28324807bdbdfd755537366438 The attacker used a bug in the calculations that are different from Uniswap. Due to fact that a,"defi_rekt,slowmist",https://de.fi/rekt-database?id=2766 | https://sashimisashimi5.medium.com/statement-on-hackers-attack-322ab6a5c31d,2
2021-12-31,Vesper Finance,1000000.0,0.0,1000000.0,,Lending,CPBP,SC-Economic,,Oracle Attack,"Vesper Finance tweeted that its No. 23 lending pool Vesper Lend beta launched on the interest rate agreement Fuse has been attacked again. The attacker manipulated an oracle and depleted the beta test borrowing pool of DAI, ETH, WBTC, and USDC of approximately $1 million. This is not an attack on the Vesper contract, no VSP or VVSP is threatened. Vesper has banned the lending of all tokens in Beta Vesper Lend Rari Pool #23, and also switched the oracle from VUSD/USDC to VUSD/ETH (Uni v3). Prior ",slowmist,https://twitter.com/VesperFi/status/1476713007526957065,1
2022-01-01,Tinyman Pools,2000000.0,0.0,2000000.0,,DEX,EF,SC-Technical,,Contract Vulnerability,"An attack occurred at Tinyman Pools on January 1 /2, algorand-based automated market maker (AMM) Tinyman tweeted. The attack exploits a previously unknown hole in the contract and allows the attacker to extract assets from a pool to which he has no access. So far, attacks have been executed on multiple pools, but not all of them have been attacked.",slowmist,https://tinymanorg.medium.com/technical-report-1-first-insights-cbc12109ef08,1
2022-01-01,Tinyman,3000000.0,0.0,3000000.0,,DEX,EF,SC-Technical,,Exploit/Other/Other,"The attacker's address: https://algoexplorer.io/address/RJROFHHDTCMDRCPYSBKN2ATSKZAPOPEV3KWR3IQEOIZMMZCPMMCEUTXGG4 The account’s first attack was this transaction group: https://algoexplorer.io/tx/group/KbOlFc02lRAonvc4yfgpI%2FfkNrlP2FDHGX1ESAF2lvs%3D A weakness in the project's smart contract code permitted the Tinyman hack. When a user invokes the protocol's burn function, they should be rewarded with two different tokens: https://docs.tinyman.org/design-doc The value of each token is determin",defi_rekt,https://de.fi/rekt-database?id=2763,1
2022-01-04,Arbix Finance,10000000.0,0.0,10000000.0,BSC,Yield,IF,Cyber-Operational,Rugpull,Drained Contracts,"rekt.news entry; audit=Certik | Quick Summary Arbitrum (ARBX) contract exploited due to onlyOwner function, leading to the minting and dumping of 10M ARBX tokens. Details of the Exploit The ARBX contract contained a mint() function with onlyOwner, which was exploited to mint 10M ARBX tokens to 8 different addresses. Approximately 4.5M ARBX were minted in a single transaction and subsequently dumped by the recipient. The users' assets were drained from several pools, with the stolen funds being b","defi_rekt,defillama,rekt,slowmist",https://api.llama.fi/hacks | https://de.fi/rekt-database?id=2759 | https://rekt.news/leaderboard | https://rekt.news/zh/arbix-rekt/,4
2022-01-07,Stobox Exchange,166306.0,0.0,166306.0,,DEX,EF,SC-Technical,,Exploit/Access control/Access Control,"The contract deployer's address of Stobox Token was hacked or compromised. After receiving control over the address ownership, the hacker removed liquidity from the Uniswap pair at: https://etherscan.io/tx/0xbc2aeebfe154fffe96983b4663ea69dec37ef9465691a915444a76384e1df352 In addition, the amount of Stobox token which was holding on the deployer's address was transferred to the external address: https://etherscan.io/tx/0xe2e8a45e87458fa513e00eb44fd192dafa6e5f4b816a99f19e6144a377df5414 The token r",defi_rekt,https://de.fi/rekt-database?id=2765,1
2022-01-14,Float Protocol,1440724.0,249692.0,1191032.0,,Yield,CPBP,SC-Economic,,Exploit/Oracle Issue/Oracle Issue,"Quick Summary Float Protocol's pool was exploited via Oracle Manipulation which led to a loss of 1,440,724 $USD.&nbsp; Details of the Exploit Float Protocol is a staking and earning platform running on the Ethereum chain. The protocol's Rari 90 pool was exploited via Oracle Manipulation, which allowed the attacker to gain 1,440,724 $USD worth of assets including $FRAX, $FEI, and $DAI. The attack started with 47 $ETH withdrawn from TornadoCash and then used to buy $FLOAT tokens from the UniV3 poo",defi_rekt,https://de.fi/rekt-database?id=3391,1
2022-01-18,Anyswap (Multichain),3000000.0,0.0,3000000.0,Ethereum Mainnet,Bridge,EF,SC-Technical,,Permit Signature Replay,"`anySwapOutUnderlyingWithPermit()` processed permit parameters (v=0, r/s empty) without validation, enabling unauthorized transfer of other users' WETH",kismp,https://github.com/kismp123/DeFi-Security-Incident/blob/main/2022/2022-01-18_Anyswap_PermitSignatureReplay.md,1
2022-01-18,Multichain (Anyswap),2063206.5,2522800.0,0.0,,Bridge,EF,SC-Technical,,Insufficient Token Validation,"DeFiHackLabs entry (Insufficient Token Validation) | On Jan 18, Multichain urged users to remove approvals for six cross-chain tokens (WETH, PERI, OMT, WBNB, MATIC, AVAX), while the users haven’t revoked WETH approval were exploited (WETH 602.69 total affected). The whitehat hacker returned 259 ETH at: https://etherscan.io/tx/0x2bbd6a6a0d4d56db0b231465f56c5fca9d11e874109277a576b69f2acf1ee7a9","defi_rekt,defihacklabs",https://de.fi/rekt-database?id=2794 | https://github.com/SunWeb3Sec/DeFiHackLabs/blob/main/past/2022/README.md,2
2022-01-18,Crosswise,257868.0,0.0,257868.0,,DEX,EF,SC-Technical,,Exploit/Other/Other,"The transaction behind the attack: https://bscscan.com/tx/0xd02e444d0ef7ff063e3c2cecceba67eae832acf3f9cf817733af9139145f479b The attacker's address: https://bscscan.com/address/0x748346113b6d61870aa0961c6d3fb38742fc5089 The attack was made possible by the public disclosure of a privileged function, which is subsequently used to set the trustedForwarder and further hijack the Crosswise MasterChef owner permission. The attacker: - called setTrustedForwarder () function to change trustedForwarder -",defi_rekt,https://de.fi/rekt-database?id=2802,1
2022-01-26,Mercenary,760000.0,0.0,760000.0,,DEX,IF,Cyber-Operational,,Exit Scam/Rugpull/Rugpull,"The contract deployer removed liquidity at: https://bscscan.com/tx/0x53deb909bc12ca29ff132caf8ad50a81e794f8618d8a4fd3116977fef04234c7 The contract deployer started to mint tokens several times, the example transactions: https://bscscan.com/tx/0xbdd7c46caa1f9fdbd22bc9716f014179b51d5ea59af8f6b332122600dea1318a https://bscscan.com/tx/0xabc092e8f8da2ae389487a0f348a856ec3479e9651557cc99634641d283e2626 The contract deployer sold tokens several times, the example transactions: https://bscscan.com/tx/0x","defi_rekt,slowmist",https://de.fi/rekt-database?id=2803 | https://twitter.com/PeckShieldAlert/status/1486305364018556928%7Ctwgr%5E%7Ctw,2
2022-01-28,Qubit,80000000.0,0.0,80000000.0,BSC,Bridge,EF,SC-Technical,Protocol Logic,Transfer Logic Exploit,"The `deposit()` function treated the zero address (0x0000...0000) as a valid whitelisted token, allowing xETH to be minted on BSC without any ETH being transferred | Quick Summary Qubit Finance lending protocol was hacked due to smart contract vulnerability. The hacker minted $xETH tokens to steal 80,000,000 worth of $BNB Details of the Exploit &nbsp; Qubit Finance is DeFi protocol for lending and borrowing on both Ethereum and Binance SmartChain. The protocol confirmed a hack on Twitter, 206,80","defi_rekt,defihacklabs,defillama,kismp,rekt,slowmist",https://api.llama.fi/hacks | https://de.fi/rekt-database?id=2805 | https://github.com/SunWeb3Sec/DeFiHackLabs/blob/main/past/2022/README.md | https://github.com/kismp123/DeFi-Security-Incident/blob/main/2022/2022-01-27_Qubit_DepositZeroAddressWhitelist.md | https://medium.com/@QubitFin/protocol-exploit-report-305c34540fa3 | https://rekt.news/leaderboard,6
2022-02-02,Portal,323000000.0,326000000.0,0.0,Solana,Bridge,EF,SC-Technical,Protocol Logic,Signature Exploit,"rekt.news entry; audit=Neodyme | Quick Summary The Wormhole bridge was compromised by an attacker that bypassed the verification process and made away with 120,000 $WETH. Details of the Exploit 1. The attacker minted 120,000 wETH on Solana: https://solscan.io/tx/2zCz2GgSoSS68eNJENWrYB48dMM1zmH8SZkgYneVDv2G4gRsVfwu5rNXtK5BKFxn7fSqX9BvrBc1rdPAeBEcD6Es 2. The attacker redeemed 93,750 wETH for ETH worth $254 million onto the Ethereum: https://etherscan.io/tx/0x24c7d855a0a931561e412d809e2596c3fd861cc","defi_rekt,defillama,kismp,rekt",https://api.llama.fi/hacks | https://de.fi/rekt-database?id=2814 | https://github.com/kismp123/DeFi-Security-Incident/blob/main/2022/2022-02-02_Wormhole_SignatureVerificationBypass_ETH.md | https://rekt.news/leaderboard,4
2022-02-03,KLAYswap,1830000.0,0.0,1830000.0,,DEX,EF,SC-Technical,,Malicious Code Injection Attack,"A South Korean DeFi project, KLAYswap stated it was hacked and lost over 2.2 billion won, or about $1.83 million, in the incident. The hacker modified the third-party JavaScript link on the front end of KLAYswap, causing the user to download malicious malware when accessing the KLAYswap page. This enabled funds to be transferred to the hacker&#39;s wallet address when conducting token-related transactions . During this time, 407 suspicious transactions were found in 325 wallets linked to this in",slowmist,https://medium.com/klayswap/klayswap-incident-report-feb-03-2022-f20ba2d8e4dd,1
2022-02-04,DePo,1723632.0,0.0,1723632.0,,Yield,EF,SC-Technical,,Exploit/Access control/Access Control,"The exploiter: https://etherscan.io/address/0x6ffe6e183571139636b9479ca65cf99edc6be215 The exploiter was a public team member and the deployer of this MasterChef contract: https://etherscan.io/address/0x1ca1a5937d73f74f89764c3835d6796e4e1c8314#code He was able to invoke emergencyRewardWithdraw() to steal DEPO tokens, the example transactions: https://etherscan.io/tx/0xd47dfe0b9df5d7f7796d54ac7dd4e118a236074b3d512ef5fd05a27a4957a6b7 https://etherscan.io/tx/0x8ac9a06a8de7b5167cf94388d761797955b108",defi_rekt,https://de.fi/rekt-database?id=2817,1
2022-02-04,TECRA,642756.0,0.0,642756.0,,DEX,EF,SC-Technical,,Exploit/Other/Other,"The exploiter's address: https://etherscan.io/address/0xb19b7f59c08ea447f82b587c058ecbf5fde9c299 The transaction behind the exploit: https://etherscan.io/tx/0x81e9918e248d14d78ff7b697355fd9f456c6d7881486ed14fdfb69db16631154 The attacker: - approved a big number of tokens to the Uniswap pool - bought 101 TCR from the pool - used the loophole to burn the TCR owned by the pool, increasing the TCR price - used the bought TCR to take away a lot of USDT Wrong implementation: &nbsp; &nbsp; function bur",defi_rekt,https://de.fi/rekt-database?id=2822,1
2022-02-05,Meter.io Bridge,4375000.0,0.0,4375000.0,Moonriver (MOVR),Lending,EF,SC-Technical,,Bridge Native Token Confusion,"When calling `swapExactTokensForTokens()`, native tokens (BNB/ETH) and wrapped tokens (WBNB/WETH) were not distinguished, allowing withdrawal of arbitrary amounts | The attacker's address: https://etherscan.io/address/0x8d3d13cac607B7297Ff61A5E1E71072758AF4D01 The attacker minted a substantial amount of BNB and WETH tokens, draining the bridge reserve of its BNB and wETH before all bridge transactions could be halted by Meter. This case also impacted the Hundred Finance on Moonriver. Meter_io Pa","defi_rekt,kismp,slowmist",https://de.fi/rekt-database?id=2818 | https://github.com/kismp123/DeFi-Security-Incident/blob/main/2022/2022-02-05_Meter_BridgeNativeTokenConfusion.md | https://twitter.com/Meter_IO/status/1490103308421255168,3
2022-02-06,Meter,7700000.0,0.0,7700000.0,Ethereum,Bridge,EF,SC-Technical,Protocol Logic,Deposit Function Exploit,rekt.news entry; audit=Unaudited | DeFiHackLabs entry (Bridge),"defihacklabs,defillama,rekt",https://api.llama.fi/hacks | https://github.com/SunWeb3Sec/DeFiHackLabs/blob/main/past/2022/README.md | https://rekt.news/leaderboard,3
2022-02-06,Hundred Finance,3300000.0,0.0,3300000.0,,Lending,EF,SC-Technical,,Exploit/Other/Other,Hundred Finance lending protocol was affected due to the Meter bridge exploit. The exploiter of Meter.io dumped BNB.bsc assets several times at: https://moonriver.moonscan.io/tx/0x14dc9ed2bd8f2e6e2aef00d82001eccdc07037373adb6de7f14e5e45469be504 https://moonriver.moonscan.io/tx/0x4afa30ee32b139918b02aa0932b89ca3d27d71e08bcb243cd508c48848ab63bf https://moonriver.moonscan.io/tx/0x5a87c24d0665c8f67958099d1ad22e39a03aa08d47d00b7276b8d42294ee0591 https://moonriver.moonscan.io/tx/0x9d6623969cf711a8327c,defi_rekt,https://de.fi/rekt-database?id=2821,1
2022-02-07,EarnHub,244938.0,0.0,244938.0,,Yield,EF,SC-Technical,,Exploit/Other/Other,"The exploiter's address: https://bscscan.com/address/0x3d98aee279c82d8178b87d9d4dc442d65224dacc Attacker contract A: https://bscscan.com/address/0x89011932e486fc3548f82c279eb502ba7b4ad55f Attacker contract B: https://bscscan.com/address/0xf7acfa1ce0e235e7072fa76bd0dc3c3e519bdfe5 The root of the issue: The makeHop() function allowed shareholders to shift their funds through different staking pools in a gas-efficient manner. This feature was intended to be implemented on the next dApp update, howe",defi_rekt,https://de.fi/rekt-database?id=2820,1
2022-02-08,Superfluid,10850000.0,0.0,10850000.0,Polygon,Other,EF,SC-Technical,Protocol Logic,CTX Exploit,"rekt.news entry; audit=Peckshield | Quick Summary Superfluid protocol was exploited which lead to a loss of project funds for roughly 20,000,000 $USD. Details of the Exploit Superfluid is a streaming protocol for real-time crypto transfers. On February 8, 2022, an attacker exploited Superfluid’s host contract by passing in faulty calldata, which allowed them to create distribution indexes spoofing several different accounts that held Super-tokens. This vulnerability enabled the attacker to move ","defi_rekt,defillama,rekt,slowmist",https://api.llama.fi/hacks | https://de.fi/rekt-database?id=2825 | https://medium.com/superfluid-blog/08-02-22-exploit-post-mortem-15ff9c97cdd | https://rekt.news/leaderboard,4
2022-02-10,Dego Finance,10000000.0,0.0,10000000.0,"Ethereum,BSC,Cronos",Yield,EF,SC-Technical,Infrastructure,Private Key Compromised (Unknown Method),"Quick Summary Hacker compromised contract deployer's key, withdrew all funds, removed liquidity, and transferred assets to external wallets. Details of the Exploit The hacker managed to compromise the contract deployer's key. This gave them access to all funds which they promptly withdrew. They then proceeded to remove liquidity from the contract. The funds were then transferred to the hacker's external wallet. A part of the stolen funds was also transferred to another external wallet. The DEGO ","defi_rekt,defillama,rekt,slowmist",https://api.llama.fi/hacks | https://de.fi/rekt-database?id=2823 | https://degofinance.medium.com/to-dego-community-summary-of-the-event-after-a-thorough-investigation-and-efforts-5315a98d9984 | https://rekt.news/leaderboard,4
2022-02-14,Titano,1949111.0,0.0,1949111.0,,Stablecoin,EF,SC-Technical,,Exploit/Other/Other,"The contract owner of MultipleWinners called _awardTickets() function to mint 32,000,000 TicketTitano at: https://bscscan.com/tx/0x848280d0e054b0f1a04356bdf29cff390d9a982a6f709ae5df45a6f32f5bce6c The owner called StakePrizePool.withdrawInstantlyFrom () to burn TicketTitano tokens and withdraw Titano tokens. The owner sold the withdrawn Titano tokens for 4,828 BNB in several transactions: https://bscscan.com/address/0xad9217e427ed9df8a89e582601a8614fd4f74563#internaltx",defi_rekt,https://de.fi/rekt-database?id=2827,1
2022-02-14,BNB42,2602079.0,0.0,2602079.0,,Yield,IF,Cyber-Operational,,Exit Scam/Rugpull/Rugpull,"The address involved in the scam: https://bscscan.com/address/0x9b74fde50f3fcd3a02fafea6a187092630d6eb8f The address involved in the scam deployed the unverified contract which contained withdraw () function that allows only the owner to withdraw the entire total BNB (eth.balance(this.address) wei) to the owner’s address. The contract deployer invoked withdraw() to transfer 6,445.42 BNB onto own address at: https://bscscan.com/tx/0x749215ebe457aa681194684401257fe8fb44daecb9f50a077b12c71e83cf9414",defi_rekt,https://de.fi/rekt-database?id=2828,1
2022-02-17,Animoca Brands Metaverse,84631.0,0.0,84631.0,,DEX,IF,Cyber-Operational,,Exit Scam/Rugpull/Rugpull,"Animoca Brands issued a scam alert about a new ERC-20 token “Animoca Brands Metaverse” on Uniswap V2 that fraudulently claims to be associated with Animoca Brands and uses the symbol “Animoca” The contract deployer added initial liquidity at: https://etherscan.io/tx/0x01eed379470a32acdb899b71fa5a3c6437f165c78032270c5a9fccab334f8289 The contract deployer used his funds to buy fake Animoca tokens at multiple transactions. Finally, the liquidity was removed by the contract deployer at: https://ethe",defi_rekt,https://de.fi/rekt-database?id=2832,1
2022-02-18,TecraSpace (TCR Token),639222.0,0.0,639222.0,Ethereum Mainnet,DEX,CPBP,SC-Economic,,Burn From Price Manipulation,"Used `burnFrom()` to burn TCR from the Uniswap pool, then called `sync()` to force-update pool reserves, manipulating the TCR/USDT spot price to extract arbitrage profit",kismp,https://github.com/kismp123/DeFi-Security-Incident/blob/main/2022/2022-02-18_TecraSpace_BurnFromPriceManipulation.md,1
2022-02-19,Gold Mine Finance,800000.0,0.0,800000.0,,Yield,IF,Cyber-Operational,,Rug Pull,Rugdoc.io tweeted that the Fantom ecological project Gold Mine Finance has rug pull.,slowmist,https://twitter.com/rugdocio/status/1494737976819163139?s=21,1
2022-02-23,Flurry Finance,293000.0,0.0,293000.0,,Yield,CPBP,SC-Economic,,Exploit/Other/Other,"The attacker's address: https://bscscan.com/address/0x0f3c0c6277ba049b6c3f4f3e71d677b923298b35 The malicious token contract: https://bscscan.com/address/0xb7a740d67c78bbb81741ea588db99fbb1c22dfb7 The attacker deployed a malicious token contract, which is also used as the attack contract, and created a PancakeSwap pair for the token and BUSD. The attacker made a flash loan from the Rabbit Bank contract and called the execute function on StrategyLiquidate: https://bscscan.com/address/0x5085c49828b","defi_rekt,slowmist",https://de.fi/rekt-database?id=2838 | https://twitter.com/CertiKCommunity/status/1496263106485444608,2
2022-03-03,Treasure,1400000.0,0.0,1400000.0,Arbitrum,Yield,EF,SC-Technical,Protocol Logic,Buy Function Exploit,rekt.news entry; audit=Unaudited,"defillama,rekt",https://api.llama.fi/hacks | https://rekt.news/leaderboard,2
2022-03-03,TheCatWorld,39471.0,0.0,39471.0,,Yield,IF,Cyber-Operational,,Exit Scam/Rugpull/Rugpull,The project was holding presale on the PinkSale platform: https://www.pinksale.finance/#/launchpad/0xC2A65ef69Ae72BD2c66A4158516A61E3f1EF3cfd?chain=BSC The contract deployer withdrew liquidity from the sale contract: https://bscscan.com/tx/0xbe7eb82b44b5356d094fea2764f976cd550a6e72e1c14818b25d248a30c7e3d4,defi_rekt,https://de.fi/rekt-database?id=2851,1
2022-03-05,Bacon Protocol,1000000.0,957166.0,42834.0,Ethereum Mainnet,Stablecoin,EF,SC-Technical,,Reentrancy,"DeFiHackLabs entry (Reentrancy) | The exploiter's address: https://etherscan.io/address/0x7c42f2a7d9ad01294ecef9be1e38272c84607593 The transaction behind the exploit: https://etherscan.io/tx/0x7d2296bcb936aa5e2397ddf8ccba59f54a178c3901666b49291d880369dbcf31 The hack is made possible due to a reentrancy bug in the lend () routine so that the exploiter can get more lending credits via re-entering the lend () routine. The contract exploit led to sending 957,166 USDC out of the protocol. A second ex","defi_rekt,defihacklabs,kismp",https://de.fi/rekt-database?id=2840 | https://github.com/SunWeb3Sec/DeFiHackLabs/blob/main/past/2022/README.md | https://github.com/kismp123/DeFi-Security-Incident/blob/main/2022/2022-03-06_BaconProtocol_Reentrancy.md,3
2022-03-07,SkyLands,159136.0,0.0,159136.0,,Yield,IF,Cyber-Operational,,Exit Scam/Rugpull/Rugpull,The protocol was holding NFT presale on PinkSale platform: https://www.pinksale.finance/#/launchpad/0x5a626dD78FFba94237B00Fd354Ff328EB1c9aD82?chain=BSC All gathered funds 417.31 BNB were withdrawn by the contract deployer: https://bscscan.com/address/0xad8970026ea0f76ffdf758c61c5af6d383341392#internaltx,defi_rekt,https://de.fi/rekt-database?id=2845,1
2022-03-09,Fantasm Finance,2600000.0,0.0,2600000.0,Fantom,Stablecoin,EF,SC-Technical,Protocol Logic,Missing Condition Check,"The `mint()` function accepted native FTM via `msg.value` but the deposit check compared it against an FSM token amount without proper equivalence validation, allowing minting with zero FTM deposited; a secondary decimal scaling error in the xFTM output calculation compounded the over-minting | DeFiHackLabs entry (Business logic in mint()) | The exploiter's address: https://ftmscan.com/address/0x47091e015b294b935babda2d28ad44e3ab07ae8d The exploiter: - deployed contract to trigger the exploit ht","defi_rekt,defihacklabs,defillama,kismp",https://api.llama.fi/hacks | https://de.fi/rekt-database?id=2842 | https://github.com/SunWeb3Sec/DeFiHackLabs/blob/main/past/2022/README.md | https://github.com/kismp123/DeFi-Security-Incident/blob/main/2022/2022-03-09_Fantasm_DecimalErrorMinting.md,4
2022-03-13,Paraluni Masterchef,1700000.0,0.0,1700000.0,BSC,Yield,CPBP,SC-Economic,Ecosystem,Flashloan Reentrancy Attack,"During `depositByAddLiquidity()`'s use of externally supplied tokens to create a Pancake LP, the malicious token's transfer hook allowed reentrancy, enabling duplicate withdrawal via `withdrawAndRemoveLiquidity()` | DeFiHackLabs entry (Flashloan & Reentrancy) | The exploiter: https://bscscan.com/address/0x94bc1d555e63eea23fe7fdbf937ef3f9ac5fcf8f The example transaction behind the exploit: https://bscscan.com/tx/0x70f367b9420ac2654a5223cc311c7f9c361736a39fd4e7dff9ed1b85bab7ad54 The hack is made p","defi_rekt,defihacklabs,defillama,kismp,slowmist",https://api.llama.fi/hacks | https://de.fi/rekt-database?id=2843 | https://github.com/SunWeb3Sec/DeFiHackLabs/blob/main/past/2022/README.md | https://github.com/kismp123/DeFi-Security-Incident/blob/main/2022/2022-03-13_Paraluni_ReentrancyDepositLP.md | https://twitter.com/peckshield/status/1502815435498176514,5
2022-03-15,"Agave DAO, Hundred Finance",11700000.0,0.0,11700000.0,,Lending,EF,SC-Technical,,,rekt.news entry; audit=Unaudited,rekt,https://rekt.news/leaderboard,1
2022-03-15,Hundred Finance,6200000.0,0.0,6200000.0,Gnosis Chain,Lending,CPBP,SC-Economic,Ecosystem,Flashloan Reentrancy Attack,"DeFiHackLabs entry (ERC667 Reentrancy) | Reentrancy via Gnosis Chain ERC677 token `onTokenTransfer` hook, enabling additional borrows before collateral state update (same date and same vulnerability as Agave) | Quick Summary Exploitation of reentrancy vulnerability in xDAI token's architecture allows attackers to borrow assets significantly more valuable than the provided collateral. Details of the Exploit The attacker exploited the xDAI token's architecture which includes the function callAfter","defi_rekt,defihacklabs,defillama,kismp,slowmist",https://api.llama.fi/hacks | https://de.fi/rekt-database?id=2849 | https://github.com/SunWeb3Sec/DeFiHackLabs/blob/main/past/2022/README.md | https://github.com/kismp123/DeFi-Security-Incident/blob/main/2022/2022-03-15_HundredFinance_ERC677ReentrancyLending.md | https://twitter.com/HundredFinance/status/1503754916300476420,5
2022-03-15,Agave,5500000.0,0.0,5500000.0,Gnosis Chain,Lending,CPBP,SC-Economic,Ecosystem,Flashloan Reentrancy Attack,"Reentrancy via the `onTokenTransfer` callback of Gnosis Chain bridge tokens (ERC677), enabling additional borrows before the health factor is updated | DeFiHackLabs entry (ERC667 Reentrancy) | The attacker's address: https://blockscout.com/xdai/mainnet/address/0xD041Ad9aaE5Cf96b21c3ffcB303a0Cb80779E358/transactions The attacks were made possible due to the xDAI token's architecture, which includes the function callAfterTransfer (), which creates a reentrancy vulnerability. Using flash loans as c","defi_rekt,defihacklabs,defillama,kismp,slowmist",https://api.llama.fi/hacks | https://de.fi/rekt-database?id=2850 | https://github.com/SunWeb3Sec/DeFiHackLabs/blob/main/past/2022/README.md | https://github.com/kismp123/DeFi-Security-Incident/blob/main/2022/2022-03-15_Agave_ERC677ReentrancyLending.md | https://twitter.com/Agave_lending/status/1503725275917565954,5
2022-03-15,DEUS Finance,3012162.5,0.0,3012162.5,,Stablecoin,CPBP,SC-Economic,,Exploit/Flash Loan Attack/Flash Loan Attack,"The attacker's address: https://ftmscan.com/address/0x1ed5112b32486840071b7cdd2584ded2c66198dd The transaction behind the attack: https://ftmscan.com/tx/0xe374495036fac18aa5b1a497a17e70f256c4d3d416dd1408c026f3f5c70a3a9c The hack is made possible due to the flash loan-assisted manipulation of the price oracle that takes the price from the pair of StableV1 AMM - USDC/DEI. The attacker: - flash loaned 9,739342 DEI via SPIRIT-LP_USDC_DEI - flash loaded 24,772,798 DEI out of the sAMM-USDC/DEI pair (u","defi_rekt,slowmist",https://de.fi/rekt-database?id=2844 | https://twitter.com/peckshield/status/1503632734299701250,2
2022-03-17,Umbrella Network (UMB Staking),700000.0,0.0,700000.0,Ethereum Mainnet,Yield,EF,SC-Technical,,Staking Underflow Drain,"Missing underflow check in the `withdraw(amount)` function during `_balances[user] - amount` computation, allowing any address with zero staked balance to withdraw large amounts | The hacker attacked Umbrella Network's reward pools, causing $700,000 to be siphoned from both BNB Chain and Ethereum. On March 20, 2022, Umbrella Network revealed that the LP tokens staked in their Polar Stream staking contracts on Ethereum and BNB Chain had been drained from both contracts. According to reports, the ","defi_rekt,kismp,slowmist",https://de.fi/rekt-database?id=2856 | https://github.com/kismp123/DeFi-Security-Incident/blob/main/2022/2022-03-17_Umbrella_StakingUnderflowDrain.md | https://twitter.com/UmbNetwork/status/1505529412695076868,3
2022-03-20,Li.finance,592500.0,0.0,592500.0,Ethereum Mainnet,Bridge,EF,SC-Technical,,Contract Vulnerability,"According to official reports, attackers exploited Li.finance’s smart contracts and managed to steal around $600,000 (currently worth $587,500 or 205 ETH) from 29 wallets. Attackers took various tokens from users’ wallets, including USDC, MATIC, RPL, GNO, USDT, MVI, AUDIO, AAVE, JRT, and DAI. The project team has found the vulnerability and created a fix, compensating most of the affected users in less than 18 hours. | `swapAndStartBridgeTokensViaCBridge()` passed each entry of the swap array as","defihacklabs,kismp,slowmist",https://blog.li.finance/20th-march-the-exploit-e9e1c5c03eb9 | https://github.com/SunWeb3Sec/DeFiHackLabs/blob/main/past/2022/README.md | https://github.com/kismp123/DeFi-Security-Incident/blob/main/2022/2022-03-20_LiFi_ArbitrarySwapCallExploit.md,3
2022-03-21,OneRing Finance,1452336.12,0.0,1452336.12,Fantom,Yield,CPBP,SC-Economic,,Flash Loan Vault Price Manipulation,"Share issuance in `depositSafe()` is calculated using `pricePerShare()` based on the current block's `totalAssets` (spot balance), enabling profit through a large deposit followed by immediate withdrawal within the same transaction | DeFiHackLabs entry (Flashloan & Price Oracle Manipulation) | The attacker's wallet: https://ftmscan.com/address/0x12efed3512ea7b76f79bcde4a387216c7bce905e The exploit contract: https://ftmscan.com/address/0x6a6d593ed7458b8213fa71f1adc4a9e5fd0b5a58 The transaction be","defi_rekt,defihacklabs,kismp,slowmist",https://de.fi/rekt-database?id=2853 | https://github.com/SunWeb3Sec/DeFiHackLabs/blob/main/past/2022/README.md | https://github.com/kismp123/DeFi-Security-Incident/blob/main/2022/2022-03-21_OneRing_FlashLoanVaultPriceManipulation.md | https://medium.com/oneringfinance/onering-finance-exploit-post-mortem-after-oshare-hack-602a529db99b,4
2022-03-23,Cashio,48000000.0,0.0,48000000.0,Solana,Stablecoin,EF,SC-Technical,Protocol Logic,Collateral Validation Exploit,"rekt.news entry; audit=Unaudited | Cashio's mint function did not validate that the collateral LP token accounts passed by the user were officially registered in the protocol — an attacker could pass arbitrary accounts they created, which were accepted as valid collateral, allowing unlimited CASH minting without real backing | Quick Summary Cashio protocol was exploited due to incorrect collateral validation during minting, which has led to infinite minting. Details of the Exploit The validation","defi_rekt,defillama,kismp,rekt,slowmist",https://api.llama.fi/hacks | https://de.fi/rekt-database?id=2859 | https://github.com/kismp123/DeFi-Security-Incident/blob/main/2022/2022-03-23_Cashio_FakeCollateral_SOL.md | https://rekt.news/leaderboard | https://twitter.com/i/web/status/1506571243067224064,5
2022-03-23,Ronin Bridge,624000000.0,155800000.0,468200000.0,Ethereum,Bridge,EF,SC-Technical,Infrastructure,Private Key Compromised (Social Engineering),"rekt.news entry; audit=Unaudited | 5 of 9 validator keys were compromised (4: Sky Mavis, 1: Axie DAO), satisfying the multisig quorum (5/9) required by `withdrawERC20For()` to drain the bridge | DeFiHackLabs entry (Bridge) | Quick Summary The Ronin bridge has been exploited for 173,600 Ethereum and 25.5M USDC. Details of the Exploit &nbsp; The Ronin Network, an Ethereum-based sidechain hosts the prominent play-to-earn game Axie Infinity. The project team discovered that on March 23rd that Sky Ma","defi_rekt,defihacklabs,defillama,kismp,rekt,slowmist",https://api.llama.fi/hacks | https://de.fi/rekt-database?id=2879 | https://github.com/SunWeb3Sec/DeFiHackLabs/blob/main/past/2022/README.md | https://github.com/kismp123/DeFi-Security-Incident/blob/main/2022/2022-03-23_Ronin_CompromisedValidatorSignatures.md | https://rekt.news/leaderboard | https://roninblockchain.substack.com/p/community-alert-ronin-validators?s=w,6
2022-03-24,PYE,2600000.0,0.0,2600000.0,,DEX,IF,Cyber-Operational,,Exploit/Other/Other,"PYE smart contract was exploited in a bunch of transactions. The example transaction: https://bscscan.com/tx/0x3823a6841b025e871928306de1805d994366bc8d283494a8f15d0884e67fe2b1 The exploit occurred because of the lack of ""k invariant verification"" in the swap () routine, meaning that a caller verification was removed in the PYESwapPair. There are suspicions that this was an insider job. The part of the stolen funds was deposited into the Tornado Cash mixer on the BNB chain, the rest was bridged t",defi_rekt,https://de.fi/rekt-database?id=2987,1
2022-03-26,Auctus,726000.0,0.0,726000.0,,Derivatives,EF,SC-Technical,,Arbitrary Call,DeFiHackLabs entry (Arbitrary Call),defihacklabs,https://github.com/SunWeb3Sec/DeFiHackLabs/blob/main/past/2022/README.md,1
2022-03-27,Revest Finance,2005000.0,0.0,2005000.0,Ethereum,Lending,EF,SC-Technical,Smart Contract Language,Reentrancy,"rekt.news entry; audit=Solidity Finance | During `withdrawFNFT()` execution, an ERC1155 `onERC1155Received` callback is triggered; within this callback, `depositAdditionalToFNFT()` can be reentered to inflate FNFT balances at minimal cost | DeFiHackLabs entry (Reentrancy) | An example of the transaction: https://etherscan.io/tx/0x613b2de3bb9043884a219296eeb1ada8c47b5a0262b9c68ca06ffd2de3a5d9f5 The exploiter's address: https://etherscan.io/address/0xef967ece5322c0d7d26dab41778acb55ce5bd58b The at","defi_rekt,defihacklabs,defillama,kismp,rekt,slowmist",https://api.llama.fi/hacks | https://de.fi/rekt-database?id=2988 | https://github.com/SunWeb3Sec/DeFiHackLabs/blob/main/past/2022/README.md | https://github.com/kismp123/DeFi-Security-Incident/blob/main/2022/2022-03-27_Revest_FNFTReentrancyMint.md | https://rekt.news/leaderboard | https://twitter.com/RevestFinance/status/1507968623792607233,6
2022-03-30,BasketDAOOrg,1200000.0,0.0,1200000.0,,Yield,EF,SC-Technical,,Contract Vulnerability,"According to BasketDAOOrg&#39;s official Twitter, there is a vulnerability in BMIZapper, which caused users to lose about 1.2 million US dollars.",slowmist,https://twitter.com/BasketDAOOrg/status/1509009439315034115,1
2022-03-31,Ola Finance,4335000.0,0.0,4335000.0,Fuse,Lending,EF,SC-Technical,Smart Contract Language,Reentrancy,"Ola Finance on the Fuse chain published a blog post on the hacking incident, stating that the attack lost approximately $4.67 million, including 216,964.18 USDC, 507,216.68 BUSD, 200,000 fUSD, 550.45 WETH, 26.25 WBTC, and 1,240,000.00 FUSE. The attack uses a reentrancy vulnerability in the ERC677 token standard.","defillama,slowmist",https://api.llama.fi/hacks | https://ola-finance.medium.com/ola-and-voltage-lending-exploit-on-fuse-post-mortem-214c13d88443,2
2022-03-31,Voltage Finance,4000000.0,0.0,4000000.0,,DEX,EF,SC-Technical,,,rekt.news entry; audit=Unaudited,rekt,https://rekt.news/leaderboard,1
2022-03-31,Ola.finance,3600000.0,0.0,3600000.0,,Lending,EF,SC-Technical,,Exploit/Other/Other,"The attacker's address: https://explorer.fuse.io/address/0x371D7C9e4464576D45f11b27Cf88578983D63d75/transactions The example transaction behind the exploit: https://explorer.fuse.io/tx/0x1b3e06b6b310886dfd90a5df8ddbaf515750eda7126cf5f69874e92761b1dc90/token-transfers The hack is made possible by the incompatibility between the Compound fork and ERC677/ERC777-based tokens, which have the built-in callback functions exploited to allow for reentry in doTransferOut () function and draining of the lo",defi_rekt,https://de.fi/rekt-database?id=2883,1
2022-04-01,GHOSTP2E,346253.0,0.0,346253.0,,Yield,IF,Cyber-Operational,,Exit Scam/Rugpull/Rugpull,The project was holding a fundraising event on the PinkSale launchpad: https://www.pinksale.finance/#/launchpad/0x9F4A2B740691e53ddD41d70e2cbEbc6Ab2b32E8F?chain=BSC Deposited funds were withdrawn: https://bscscan.com/tx/0x68bae23324b946043d1a33ec313c919b0012a1f0a026a7ac51c115a1d24403b7 The scammer deposited stolen funds into Tornado Cash mixer: https://bscscan.com/address/0x7fcf92ddc96c5ab25ff108403a9599f387934f90,defi_rekt,https://de.fi/rekt-database?id=2989,1
2022-04-02,Inverse Finance,15050000.0,0.0,15050000.0,,Lending,CPBP,SC-Economic,,Exploit/Oracle Issue/Oracle Issue,"rekt.news entry; audit=Unaudited | Quick Summary Inverse Finance was exploited due to price manipulation, resulting in a loss of approximately $14.5M in assets. Details of the Exploit Inverse Finance, a DeFi platform, was exploited due to the manipulation of the 'external price oracle'. The attacker purchased INV tokens and manipulated the price to overestimate its value. This allowed the attacker to borrow 1588 ETH, 94 WBTC, 3999669 DOLA, and 39 YFI, which significantly exceeded their initial I","defi_rekt,rekt",https://de.fi/rekt-database?id=3061 | https://rekt.news/leaderboard,2
2022-04-02,Inverse Finance Frontier,15600000.0,0.0,15600000.0,Ethereum,Lending,CPBP,SC-Economic,Ecosystem,Price Oracle Attack,,defillama,https://api.llama.fi/hacks,1
2022-04-03,GymNetwork,2100000.0,0.0,2100000.0,BSC,Yield,EF,SC-Technical,,Migration Exploit,"`LiquidityMigrationV2.migrate()` does not validate the token source, allowing attacker LP to be exchanged for GYMNET LP",kismp,https://github.com/kismp123/DeFi-Security-Incident/blob/main/2022/2022-04-03_GymNetwork_MigrationExploit.md,1
2022-04-03,Vires Finance,515000000.0,0.0,515000000.0,,Lending,IF,Cyber-Operational,,Exit Scam/Other/Other,"Quick Summary Vires Finance has experienced a liquidity crunch due to overextended loans, resulting in a bad debt of over 500,000,000 $USD Details of the Exploit Vires Finance is a decentralized money market protocol built on top of the Waves blockchain, which provides lending and borrowing opportunities. $USDN is an algorithmic stablecoin of the project, that had over 1,260,000,000 $USD in TVL at that moment.&nbsp; On 3rd April 2022, the platform experienced a liquidity crunch, which prompted W","defi_rekt,slowmist",https://de.fi/rekt-database?id=3344 | https://www.dlnews.com/articles/defi/waves-vires-finance-sasha-ivanov-role-in-crypto-530m/,2
2022-04-04,Neutrino USD,200000000.0,0.0,200000000.0,,Stablecoin,CPBP,SC-Economic,,Exploit/Other/Other,"The algorithmic stablecoin USDN, which is designed to maintain a 1:1 ratio with the US dollar, lost its peg as its token backing, WAVES, saw a double-digit price slide. This caused USDN to fall by more than 15% to $0.83, wiping out $200 million in the process. Users need to lock in WAVES in Neutrino's smart contracts to mint USDN, and USDN redemptions have the opposite effect of destroying the stablecoin to unlock WAVES supply. The fall in WAVES price comes after several Twitter handles accused ",defi_rekt,https://de.fi/rekt-database?id=3330,1
2022-04-07,Starstream / Agora,15000000.0,0.0,15000000.0,,Yield,EF,SC-Technical,,Exploit/Other/Other,"Quick Summary The Starstream project was exploited on 532M $STARS tokens, which were then placed on Agora DeFi, where assets including $METIS, $WETH and $MUSDC were borrowed. Total losses amounted to ~$15M. Details of the Exploit Starstream is a suite of products for providing yield aggregation and yield generation on the Metis L2 rollup. The attacker used the external function execute() , the Distributortreasury contract, which allowed sending $STARS tokens to the attacker's address. The attack",defi_rekt,https://de.fi/rekt-database?id=3072,1
2022-04-08,Starstream Finance &amp; Agora,4000000.0,0.0,4000000.0,,Yield,EF,SC-Technical,,Contract Vulnerability,"Starstream Finance and Agora DeFi projects under attack. Attackers exploited a vulnerability in Starstream to siphon tokens from the protocol, then used the tokens as collateral to obtain large loans from Agora. The Starstream hack was achieved through an unprotected execute function in its DistributorTreasury contract, which is marked as an external function and can be used to call external functions. In total, the attackers borrowed about $8.2 million worth of tokens from Agora.",slowmist,https://mobile.twitter.com/SlowMist_Team/status/1512482819326492676,1
2022-04-11,Creat Future,1900000.0,0.0,1900000.0,,DEX,EF,SC-Technical,,Overflow,"DeFiHackLabs entry (Overflow) | There is a fundamental vulnerability in the CF token contract that allows anyone to transfer someone else&#39;s CF balance. The losses so far are around $1.9 million, while the CF/USDT trading pair on pancakeswap has been affected.","defihacklabs,slowmist",https://github.com/SunWeb3Sec/DeFiHackLabs/blob/main/past/2022/README.md | https://twitter.com/peckshield/status/1513390068450308097,2
2022-04-12,Elephant Money,22200000.0,0.0,22200000.0,BSC,Stablecoin,CPBP,SC-Economic,Ecosystem,Flashloan Price Oracle Attack,"Trunk `mint()`/`redeem()` pricing relies on AMM spot price for ELEPHANT valuation, allowing an attacker to temporarily inflate the price via large swaps and realize arbitrage profit through mint → redeem | Quick Summary The $TRUNK token's redemption mechanism was exploited by an attacker who manipulated the price oracle to enable token return, resulting in the theft of ELEPHANT from the unverified Treasury contract. Details of the Exploit The attacker initially borrowed 131,162 WBNB and 91,035,0","defi_rekt,defillama,kismp",https://api.llama.fi/hacks | https://de.fi/rekt-database?id=2990 | https://github.com/kismp123/DeFi-Security-Incident/blob/main/2022/2022-04-12_ElephantMoney_FlashLoanMintRedeemArbitrage.md,3
2022-04-15,Rikkei Finance,1100000.0,0.0,1100000.0,BSC (Binance Smart Chain),Lending,CPBP,SC-Economic,,Oracle Manipulation Borrow,"The `setOracleData()` function had no access control, allowing anyone to arbitrarily set the BNB price oracle, enabling the attacker to inflate collateral value and over-borrow | DeFiHackLabs entry (Access control & Price Oracle Manipulation) | Quick Summary The Rikkei Finance project was exploited by a hacker who replaced the main price oracle with a malicious one due to the lack of access measures in SetOracleData, which led to the loss of $1.1M. Details of the Exploit Rikkei Finance is a DeFi","defi_rekt,defihacklabs,kismp,slowmist",https://de.fi/rekt-database?id=3110 | https://github.com/SunWeb3Sec/DeFiHackLabs/blob/main/past/2022/README.md | https://github.com/kismp123/DeFi-Security-Incident/blob/main/2022/2022-04-15_Rikkei_OracleManipulationBorrow.md | https://twitter.com/RikkeiFinance/status/1514838355758161920,4
2022-04-17,Beanstalk,181500000.0,0.0,181500000.0,Ethereum,Stablecoin,CPBP,SC-Economic,Ecosystem,Flashloan Governance Attack,"DeFiHackLabs entry (DAO + Flashloan) | `emergencyCommit()` calculates voting power using the current block Stalk balance rather than a snapshot at proposal time, allowing deposit→vote→withdraw within the same transaction | rekt.news entry; audit=Unaudited | The protocol loss caused by the flash loan attack of Ethereum-based algorithm stablecoin project Beanstalk Farms is about 182 million US dollars. The specific assets include 79238241 BEAN3CRV-f, 1637956 BEANLUSD-f, 36084584 BEAN and 0.54 UNI-","defi_rekt,defihacklabs,defillama,kismp,rekt,slowmist",https://api.llama.fi/hacks | https://de.fi/rekt-database?id=2991 | https://github.com/SunWeb3Sec/DeFiHackLabs/blob/main/past/2022/README.md | https://github.com/kismp123/DeFi-Security-Incident/blob/main/2022/2022-04-17_Beanstalk_GovernanceFlashLoan.md | https://rekt.news/leaderboard | https://twitter.com/BlockSecTeam/status/1515683983836979201,6
2022-04-21,Zeed Finance (YEED Token),1000000.0,0.0,1000000.0,BSC (Binance Smart Chain),Yield,EF,SC-Technical,,Skim Reward Manipulation,"The automatic reward mechanism on YEED token transfers deposits additional YEED into the LP pool, allowing an attacker to repeatedly call `skim()` to drain the excess | DeFiHackLabs entry (Incorrect calculation) | The DeFi ecological protocol ZEED was attacked and lost about $1 million. At present, the attacker&#39;s gains are all in the attack contract.","defihacklabs,kismp,slowmist",https://github.com/SunWeb3Sec/DeFiHackLabs/blob/main/past/2022/README.md | https://github.com/kismp123/DeFi-Security-Incident/blob/main/2022/2022-04-21_Zeed_SkimRewardManipulation.md | https://twitter.com/BlockSecTeam/status/1517052623354232832,3
2022-04-24,PI-DAO,6445.0,0.0,6445.0,,Other,CPBP,SC-Economic,,Flash Loan Attack,"The PI-DAO project was exploited in a flash loan attack, resulting in a loss of $6,445.",slowmist,https://mp.weixin.qq.com/s/l6XES9gtYlclw59AF1whdg,1
2022-04-24,Wiener DOGE,30000.0,0.0,30000.0,,Other,CPBP,SC-Economic,,Flash loan attack,"The Wiener DOGE project was exploited maliciously, causing $30,000 in damages. Attackers exploited the inconsistency between WDODGE&#39;s charging mechanism and swap pools to launch the attack. The root cause of the incident is that the sender&#39;s LP pair is not excluded from the transfer fee through the tightened token contract. As a result, the attacker is able to drain the deflationary tokens in the LP pair, which in turn causes the pair price to become unbalanced.",slowmist,https://mp.weixin.qq.com/s/l6XES9gtYlclw59AF1whdg,1
2022-04-28,DEUS Finance,13400000.0,0.0,13400000.0,Fantom,Lending,CPBP,SC-Economic,Ecosystem,Flashloan Price Oracle Attack,"rekt.news entry; audit=Armor Labs | The collateral price oracle `getOnChainPrice()` directly consumed the Solidly AMM spot price, allowing an attacker to temporarily manipulate the price via a large swap and then borrow an excessive amount of DEI | DeFiHackLabs entry (Flashloan & Price Oracle Manipulation) | Quick Summary DEUS Finance was exploited through flash loan and oracle manipulation, resulting in a significant loss. Details of the Exploit The attacker initiated the exploit by flash loani","defi_rekt,defihacklabs,defillama,kismp,rekt,slowmist",https://api.llama.fi/hacks | https://de.fi/rekt-database?id=2993 | https://github.com/SunWeb3Sec/DeFiHackLabs/blob/main/past/2022/README.md | https://github.com/kismp123/DeFi-Security-Incident/blob/main/2022/2022-04-28_DeusFinance_OracleManipulationBorrow.md | https://rekt.news/leaderboard | https://twitter.com/peckshield/status/1519530463337250817,6
2022-04-30,Saddle Finance,11000000.0,2500000.0,8500000.0,Ethereum,DEX,CPBP,SC-Economic,Ecosystem,Flashloan Swap Logic Exploit,"A virtual price calculation bug in the legacy Saddle pool allowed profit to be extracted simply by repeatedly swapping sUSD back and forth between Curve and Saddle | DeFiHackLabs entry (Swap Metapool Attack) | Quick Summary Saddle Finance, an automated market maker (AMM) on Ethereum, suffered an attack on April 30, 2022, which exploited smart contracts and resulted in roughly $11m of crypto being stolen Details of the Exploit Saddle Finance, an automated market maker (AMM) on Ethereum, experienc","defi_rekt,defihacklabs,defillama,kismp,slowmist",https://api.llama.fi/hacks | https://de.fi/rekt-database?id=3386 | https://github.com/SunWeb3Sec/DeFiHackLabs/blob/main/past/2022/README.md | https://github.com/kismp123/DeFi-Security-Incident/blob/main/2022/2022-04-30_Saddle_StableSwapArbitrage.md | https://twitter.com/saddlefinance/status/1520451021725741056,5
2022-04-30,Babylon Finance,3400000.0,0.0,3400000.0,,Yield,EF,SC-Technical,,Affected by the Rari Capital vulnerability,"In April, attackers exploited a vulnerability to steal $80 million from Rari Capital, and the asset management project Babylon Finance, Rari&#39;s main lending pool, lost $3.4 million as a result. On Aug. 31, Babylon Finance founder Ramon Recuero published a blog post announcing that Babylon would be shutting down and pledging to distribute remaining project funds to holders.",slowmist,https://medium.com/babylon-finance/babylon-finance-is-shutting-down-b58abf1bc251,1
2022-05-01,Rari Capital,80000000.0,79749026.0,250974.0,"Ethereum,Arbitrum",Lending,CPBP,SC-Economic,Ecosystem,Flashloan Reentrancy Attack,"A callback triggered during ETH transfer in the `borrow()` function of a Compound fork allows reentrancy, enabling additional borrowing before collateral state is updated | DeFiHackLabs entry (Flashloan Attack + Reentrancy) | Quick Summary Seven of Rari's Fuse pools were drained due to re-entrancy attack. The total amount of losses is ~$80m. Details of the Exploit Rari enables the creation of so-called Fuse Pools permissionless lending pools that anyone with a wallet can access from anywhere to ","defi_rekt,defihacklabs,defillama,kismp,rekt,slowmist",https://api.llama.fi/hacks | https://de.fi/rekt-database?id=3010 | https://github.com/SunWeb3Sec/DeFiHackLabs/blob/main/past/2022/README.md | https://github.com/kismp123/DeFi-Security-Incident/blob/main/2022/2022-04-30_Rari_ERC20ReentrancyCompound.md | https://rekt.news/leaderboard | https://twitter.com/feiprotocol/status/1520344430242254849,6
2022-05-04,MM Finance Cronos,2000000.0,0.0,2000000.0,Cronos,DEX,EF,SC-Technical,Infrastructure,DNS Spoofing,"rekt.news entry; audit=Unaudited | On May 4, 2022, the front-end of the MM Finance protocol was hacked, which allowed the hacker to change the router address and redirect all the funds of users who somehow interacted with the protocol through the front-end to their wallet.&nbsp; The exploit lasted approximately three hours, then the team turned off the front-end.&nbsp; Team members advised users on Discord not to interact with the site. Attacker address: https://cronoscan.com/address/0xb3065fe21","defi_rekt,defillama,rekt,slowmist",https://api.llama.fi/hacks | https://de.fi/rekt-database?id=2998 | https://medium.com/@MMFinance/dns-hi-jacking-post-mortem-compensation-3e2b5bb21183 | https://rekt.news/leaderboard,4
2022-05-05,Pragma Money,1500000.0,0.0,1500000.0,,DEX,IF,Cyber-Operational,,Exit Scam/Rugpull/Rugpull,"Quick Summary The Pragma Money team announced that the project was rug pulled for 1,500,000 $USD worth of $FTM Details of the Exploit Pragma Money is DeFi protocol that provides staking and other features on Fantom. The team announced on Discord that $wFTM and $FTM assets worth 1,500,000 $USD were drained from the project's Treasury and Team Wallets. The culprit in this incident appeared be a team member. Although, other team members had to sign off on the transaction. Block Data Reference Addre","defi_rekt,slowmist",https://de.fi/rekt-database?id=3163 | https://web3isgoinggreat.com/?id=pragma-defi-protocol-developers-rug-pull-for-15-million,2
2022-05-08,Fortress Loans,3012500.0,0.0,3012500.0,BSC,Lending,EF,SC-Technical,Protocol Logic,Governance and Oracle Exploit,"rekt.news entry; audit=Hash0x, EtherAuthority | Fortress Protocol, a lending protocol on BNB Chain, was suspected of being attacked. Token FTS fell by 42% in a short time. Currently, 1,048 Ethereum and 400,000 DAI have been transferred to Tornado.cash. | A governance proposal replaced the Chain oracle's price submitter with the attacker's contract, then drained all 13 lending markets using a manipulated fFTS collateral price | Quick Summary Fortress Loans was attacked due to oracle vulnerability","defi_rekt,defillama,kismp,rekt,slowmist",https://api.llama.fi/hacks | https://de.fi/rekt-database?id=2994 | https://github.com/kismp123/DeFi-Security-Incident/blob/main/2022/2022-05-08_FortressLoans_OraclePriceGovernanceAttack.md | https://rekt.news/leaderboard | https://twitter.com/Fortressloans/status/1523495202115051520,5
2022-05-08,Hunter Global,1200000.0,0.0,1200000.0,,DEX,IF,Cyber-Operational,,Exit Scam/Rugpull/Rugpull,"Quick Summary Hunter Global's centralized team wallet rug pulled $HOUND token worth roughly 1,200,000 $USD. Details of the Exploit Hunter Global claimed to be a bot service platform meant facilitating trades amongst decentralized autonomous organizations.. Their centralized team address used privileges and removed liquidity in 4 transactions. Subsequently swapping them on PanCake Swap for $BNB worth 1,200,000 $USD at the moment.&nbsp; Block Data Reference Address of scammer: https://bscscan.com/","defi_rekt,slowmist",https://de.fi/rekt-database?id=3158 | https://twitter.com/CertiKAlert/status/1523153063875575809,2
2022-05-09,Cashera,90000.0,0.0,90000.0,,Other,EF,SC-Technical,,Scam,"Cashera is a project that claims to offer a &quot;banking revolution&quot; through its CSR crypto token. The project does a number of things to try to appear legitimate, including linking to government records showing a company named after it is registered in the UK and conducting a smart contract audit courtesy of AuditRateTech. Their website boasts &quot;partners&quot; including VISA, PayPal, Netflix and Spotify. Still, project deployers suddenly minted 23 million CSR tokens, which they exchan",slowmist,https://twitter.com/CertiKAlert/status/1523379700860473344,1
2022-05-09,GOAT,260000.0,0.0,260000.0,,Other,IF,Cyber-Operational,,Rug Pull,"The GOAT project claimed to be &quot;the new standard in cryptocurrencies,&quot; but one of the project&#39;s developers abruptly sold their assets, taking $260,000 with them, and the token price fell to nearly $0.",slowmist,https://twitter.com/PeckShieldAlert/status/1523550360140664832,1
2022-05-11,Drift Trade,14500000.0,14500000.0,0.0,Solana,Derivatives,EF,SC-Technical,Protocol Logic,realized PnL withdrawal bug,,defillama,https://api.llama.fi/hacks,1
2022-05-12,Venus Protocol,6275000.0,0.0,6275000.0,,Lending,CPBP,SC-Economic,,Oracle Attack,"Venus Protocol issued a statement saying that Chainlink’s suspension of LUNA price updates after extreme volatility in LUNA prices caused the price of LUNA on the Venus lending market to remain at $0.107, while the market price of LUNA had dropped to $0.01 at that time. After the price update was suspended, two addresses lent about $13.5 million in assets by staking 230 million LUNA (worth about $2.3 million at the time), resulting in a loss of about $11.2 million to the protocol. At present, th","defi_rekt,slowmist",https://blog.venus.io/venus-protocol-official-statement-regarding-luna-6eb45c3cb058 | https://de.fi/rekt-database?id=3009,2
2022-05-12,Swapnex,60813.0,0.0,60813.0,,DEX,IF,Cyber-Operational,,Exit Scam/Rugpull/Rugpull,"Swapnex.io deceived their users in the amount of more than $60K USD. Swapnex is a rugpull that attracted investors' money and on May 11, 2022, simply disappeared with users' money. Swapnex main wallet: 0xeCceFaB82bb383afC90b94C8d378DE314e62AC5D Binance Hot Wallet: 0xa180Fe01B906A1bE37BE6c534a3300785b20d947",defi_rekt,https://de.fi/rekt-database?id=3019,1
2022-05-13,"Blizz Finance, Venus Protocol",21800000.0,0.0,21800000.0,,Lending,EF,SC-Technical,,,rekt.news entry; audit=n/a,rekt,https://rekt.news/leaderboard,1
2022-05-13,Blizz Finance,8300000.0,0.0,8300000.0,Avalanche,Lending,BDSF,Blockchain-Infrastructure,Infrastructure,Outdated Oracle Exploit,"Avalanche lending protocol Blizz Finance tweeted that Chainlink suspended LUNA oracles, allowing several attackers to deposit millions of LUNA and borrow all collateral at $0.1 per Chainlink oracle. Due to the timelock mechanism, the protocol assets are exhausted before the team is suspended. According to DeFi Llama data, the agreement’s TVL was $8.28 million yesterday, and it is now 0. | Quick Summary Blizz Finance protocol suffered an exploit resulting in a loss of $8.3M due to a drop in the p","defi_rekt,defillama,slowmist",https://api.llama.fi/hacks | https://de.fi/rekt-database?id=3006 | https://medium.com/@blizzfinance/blizz-finance-post-mortem-2425a33fe28b,3
2022-05-14,SpiritSwap,18000.0,0.0,18000.0,,DEX,EF,SC-Technical,,Exploit/Phishing/Phishing,"Quick Summary Hacker exploited SpiritSwap's domain and gain assets about 18,000 $USD&nbsp; Details of the Exploit SpiritSwap is a DEX on the Fantom blockchain. The hacker exploited www.spiritswap.finance domain and replaced swap parameters, so swapped tokens were transfered to this address. Roughly 18,000 $USD was stolen this way.&nbsp; 0x81d3ec77438b4e99aa99ba25b1dbc3fea317fe3b 0x81d3ec77438b4e99aa99ba25b1dbc3fea317fe3b | SpiritSwap tweeted that the front-end server placed on AWS was compromise","defi_rekt,slowmist",https://de.fi/rekt-database?id=3156 | https://twitter.com/Spirit_Swap/status/1525216379041116160,2
2022-05-14,QuickSwap,107600.0,0.0,107600.0,,DEX,EF,SC-Technical,,Exploit/Other/Other,"Quick Summary Vulnerability in the hosting service allowed the hacker to change the DNS settings in such a way that the original router address was replaced with a fake one. While the QuickSwap team discovered the problem, the hacker managed to get more than $100k. Details of the Exploit QuickSwap is a decentralized exchange that runs on the Polygon Network in order to provide faster and cheaper transactions on Ethereum. Using the security vulnerability in the hosting service GoDaddy, hacker gai","defi_rekt,slowmist",https://de.fi/rekt-database?id=3133 | https://quickswap-layer2.medium.com/quickswaps-godaddy-domain-hijack-how-it-happened-our-proposal-to-restore-the-community-35be9ddbb19a,2
2022-05-15,FEGtoken,1500000.0,0.0,1500000.0,,DEX,CPBP,SC-Economic,,Exploit/Flash Loan Attack/Flash Loan Attack,"The lack of validation of assets in the swap function contributed to the attacker taking advantage of this vulnerability, and to pull off a flash loan attack. Attacker address (BSC): https://bscscan.com/address/0x73b359d5da488EB2E97990619976F2f004e9fF7C Attacker address (ETH): https://etherscan.io/address/0x73b359d5da488EB2E97990619976F2f004e9fF7C Attacker contract address (BSC): https://bscscan.com/address/0x9a843bb125a3c03f496cb44653741f2cef82f445 Attacker contract address (ETH):https://ethers",defi_rekt,https://de.fi/rekt-database?id=2999,1
2022-05-15,Scream,35000000.0,0.0,35000000.0,,Lending,CPBP,SC-Economic,,Exploit/Oracle Issue/Oracle Issue,"Quick Summary Scream has incurred 35,000,000 $USD in bad debt after the $FUSD and $DEI stablecoins lost their peg to $USD Details of the Exploit Scream is a lending and borrowing protocol running on the Fantom blockchain. After $FUSD and $DEI tokens lost their peg to $USD, whales took advantage of this situation and deposited large amounts of $FUSD and $DEI to drain other stablecoins like $FUSDT, $FRAX, $DAI, $MIM and $USDC from the platforms smart contract.&nbsp; The Lending Protocol also lost ","defi_rekt,slowmist",https://de.fi/rekt-database?id=3155 | https://www.theblockcrypto.com/post/147046/defi-lender-left-with-35-million-bad-debt-after-quoting-depegged-stablecoins-at-1?utm_source=cryptopanic&amp;ut,2
2022-05-16,FEG,1600000.0,0.0,1600000.0,,DEX,CPBP,SC-Economic,,Flash Loan Attack,"The multi-chain DeFi protocol FEG was suspected of being attacked, and a total of 143 Ethereum and 32,747 BNB were lost, about $1.3 million. | The multi-chain DeFi protocol FEG was attacked again, and the flash loan attack suffered on the BNB chain lost about $1.3 million in assets. The subsequent flash loan attack on Ethereum caused a loss of about $590,000, with a total loss of about $1.9 million in assets. This attack is similar to yesterday&#39;s attack and is caused by a vulnerability in th",slowmist,https://twitter.com/CertiKAlert/status/1526357878503768070 | https://twitter.com/FEGtoken/status/1525965942517268480,1
2022-05-18,QAN Platform,704590.0,0.0,704590.0,,Bridge,EF,SC-Technical,,Exploit/Other/Other,"Quick Summary QANplatform Bridge was exploited on the Ethereum chain. The attacker stole 704,000 $USD using a smart contract vulnerability. Details of the Exploit On May 18 QANplatform Bridge was affected. The attacker took advantage of the vulnerability of the bridgeWithdraw function, then exchanged tokens using Uniswap. Approximately 368 ETH was laundered via TornadoCache. Attacker transferred from (0x1c8465662cAA8005ed41430e433E399c699cbcE2) to (0xc6d3F752A65Df7fb937B25C55Bea6Ae7E70f07Ce, 0x1",defi_rekt,https://de.fi/rekt-database?id=3016,1
2022-05-19,Kronos Dao,6000000.0,0.0,6000000.0,,Stablecoin,IF,Cyber-Operational,,Exit Scam/Other/Other,Quick Summary Kronos DAO misappropriated users funds locked into their vaults without informing the investors beforehand. Investors suffered a combined loss of $DAI 6 million.&nbsp; Details of the Exploit Kronos Dao was the first decentralized reserve currency protocol on the Klaytn network. The platform offered vaults with investment strategies for specific coins such as the $DAI stablecoin. The team used $DAI 6 million pledged to their vault in order to invest into a Kronos chain based stablec,defi_rekt,https://de.fi/rekt-database?id=3152,1
2022-05-26,HackDao (HACK token),41000.0,0.0,41000.0,BSC (Binance Smart Chain),DEX,CPBP,SC-Economic,,Skim Sync Price Manipulation,"Exploited the phenomenon where LP balances grow larger than reserves due to automatic rewards upon HACK token transfer, extracting profit by repeatedly calling `skim()`/`sync()`",kismp,https://github.com/kismp123/DeFi-Security-Incident/blob/main/2022/2022-05-26_HackDao_SkimSyncPriceManipulation.md,1
2022-05-28,Mirror Protocol,2000000.0,0.0,2000000.0,,Derivatives,EF,SC-Technical,,Contract Vulnerability,"Terra research forum member FatMan tweeted that the Mirror Protocol, a synthetic asset protocol developed by Terraform Labs, has a longstanding vulnerability. Since October 2021, attackers have exploited this vulnerability for multiple attacks within a period of 7 months, and the highest single profit exceeded $4 million ($4.3 million using $10,000), none of which was recovered by Terraform Labs Or the Mirror team found out. By the time the bug was fixed, the attacker&#39;s total profit from exp","defi_rekt,slowmist",https://de.fi/rekt-database?id=3132 | https://twitter.com/FatManTerra/status/1529978941062139906 | https://www.theblockcrypto.com/post/149361/mirror-protocol-suffers-new-exploit-and-could-be-drained-in-hours,2
2022-05-29,Novo,85604.0,0.0,85604.0,,Other,CPBP,SC-Economic,,Exploit/Oracle Issue/Oracle Issue,"Quick Summary A flashloan attack was carried out on the Nova project during which the attacker managed to withdraw 278 $BNB from the protocol. Details of the Exploit Novo is decentralized and deflationary volume-based cryptocurrency protocol available on the Binance Smart Chain &nbsp;based on the &nbsp;$NOVO &nbsp;token . The attacker created a one-time wallet (attacker address (A)) that was used to attack $NOVO. Using this wallet, attacker created a smart contract, which was not verified, in or",defi_rekt,https://de.fi/rekt-database?id=3026,1
2022-05-29,LUNC,800000.0,0.0,800000.0,,Stablecoin,EF,SC-Technical,,Contract Vulnerability,"On May 30, after the launch of the new Terra chain, the price of the oracle machine of LUNC (Luna Classic) reached $5, while the actual price was much lower than $5. An Anchor platform user noticed the vulnerability and deposited about 20 million tokens. Lido Bonded Luna Token, and successfully lent 40 million UST, eventually withdrawing and making a profit of about $800,000.",slowmist,https://u.today/anchor-protocol-got-exploited-with-launch-of-luna-20-user-makes-free-800000,1
2022-06-02,CoFiXProtocol,140000.0,0.0,140000.0,,DEX,CPBP,SC-Economic,,Price Manipulation,"The project CoFiXProtocol on BNB Chian suffered a price manipulation attack, and the attackers made a profit of about $140,000.",slowmist,https://www.panewslab.com/zh/articledetails/nkp0jggw.html,1
2022-06-05,Maiar DEX,113000000.0,113000000.0,0.0,,DEX,EF,SC-Technical,,Exploit/Other/Other,"Quick Summary Maiar DEX was the victim of an attack by hackers who found and exploited a vulnerability in order to empty the reserves of the protocol. Due to this vulnerability, when a $WEGLD contract called a Maiar contract, it allowed Maiar to perform a token transfer in the context of the $WEGLD contract, the calling party. Maiar DEX was successfully recovered by the Elrond team, and user funds were not affected Details of the Exploit The Maiar DEX protocol was attacked by hackers who took ad","defi_rekt,slowmist",https://de.fi/rekt-database?id=3040 | https://elrond.com/blog/incident-and-recovery-report/,2
2022-06-07,EvoDeFi Bridge,66000000.0,0.0,66000000.0,,Bridge,EF,SC-Technical,,Exploit/Other/Other,"Quick Summary The EvoDefi Bridge minted assets without backing. This approach has lead to users losing possible upwards of $66 million in assets. Details of the Exploit The EvoDeFi Bridge connects a plethora of blockchains such as Avalanche, BSC, Heco, Fantom, Gnosis, Moonriver, Ethereum and Oasis Emerald. The incident gained traction when twitter users noticed a gap between 83 million $USDT and 33 million USDC that were minted on the Oasis Emerald blockchain with only 10.6 million $USDT and $10",defi_rekt,https://de.fi/rekt-database?id=3118,1
2022-06-07,Equalizer Finance,61000.0,0.0,61000.0,,Yield,CPBP,SC-Economic,,Exploit/Flash Loan Attack/Flash Loan Attack,"On June 7-th Equalizer Finance suffered from a flash loan attack. The EqualizerFinance has FlashLoanProvider contract that providers flash loans, and the Vault contract used for borrowing funds by calling flashLoan()&nbsp; function. Flash loan attack explanation: The attacker first borrows 165.3 WBNB from PancakeSwap using flash loan.&nbsp; Event 15: https://bscscan.com/tx/0xdc4ea764632bb264bf820e1942c20cda4c9564c1255f78a6b8aa62c31d5035f0#eventlog The FlashLoanProvider provider first transfers t","defi_rekt,slowmist",https://de.fi/rekt-database?id=3054 | https://equalizer-finance.medium.com/exploit-report-78bfd6b36689,2
2022-06-08,ApolloX,1875207.0,0.0,1875207.0,,DEX,EF,SC-Technical,,Exploit/Other/Other,"ApolloX has been exploited for ~$2.1M. The attacker took advantage of the vulnerability of the claim() function. When attacker received about 53 Million $APX tokens from the contract, then swapped them via PancakeSwap for $BUSD. Exploiter address: https://bscscan.com/address/0xd2419bccace1c6100b5aa47f0a31c64b20ba9a49 Victim address: https://bscscan.com/address/0xe2e912f0b1b5961be7cb0d6dbb4a920ace06cd99 Exploiter contracts: 1) https://bscscan.com/address/0x44e3b1a3fd190c4d95466004ab80820b5cba7e69","defi_rekt,slowmist",https://de.fi/rekt-database?id=3041 | https://twitter.com/ApolloX_com/status/1534810576198979586,2
2022-06-08,GYMNetwork,1750000.0,0.0,1750000.0,BSC (Binance Smart Chain),Yield,EF,SC-Technical,,Accesscontrol,"DeFiHackLabs entry (Accesscontrol) | The `depositFromOtherContract()` function can be called directly by external contracts without proper authorization checks, and a logic error allows calling `withdraw(0)` after deposit to withdraw more rewards than the principal","defihacklabs,kismp",https://github.com/SunWeb3Sec/DeFiHackLabs/blob/main/past/2022/README.md | https://github.com/kismp123/DeFi-Security-Incident/blob/main/2022/2022-06-29_GymNetwork2_DepositWithdrawExploit.md,2
2022-06-08,Osmosis,5000000.0,0.0,5000000.0,,DEX,EF,SC-Technical,,Exploit/Other/Other,"Osmosis has been rugged by liquidity pool providers. Size of loss is ~$5M. One of the attackers added liquidity USDC and OSMO. The attacker then received GAMM LP tokens in return, which represented his share in the pool. They immediately revoked GAMM LP tokens, thereby receiving 50% more than the amount of USDC and OSMO that were added as liquidity. Token address: https://www.mintscan.io/osmosis/account/osmo1w4x44ek799hvg97x0mfwu6gg5dww2r8fhkgrgj Example transaction: https://www.mintscan.io/osmo","defi_rekt,slowmist",https://cointelegraphcn.com/news/attackers-loot-5m-from-osmosis-in-lp-exploit-2m-returned-soon-after | https://de.fi/rekt-database?id=3039 | https://twitter.com/osmosiszone/status/1534432704246292480,2
2022-06-08,Gym Network,2100000.0,0.0,2100000.0,BSC,Yield,EF,SC-Technical,Protocol Logic,Deposit Function Exploit,"rekt.news entry; audit=Out of scope | Gym Network has been exploited for $2.1M. The depositFromOtherContract() function is a wrapper for the _autoDeposit() function, where there is no transfer()&nbsp; function to transfer a user’s deposit to the contract, so a user can call deposit() and ‘create deposit record’ without actually transferring tokens.&nbsp; Now function is resolved adding onlyBank()&nbsp; modifier. Exploiter address (BSC): https://bscscan.com/address/0xb2c035eee03b821cbe78644e5da8b","defi_rekt,defillama,rekt,slowmist",https://api.llama.fi/hacks | https://de.fi/rekt-database?id=3043 | https://rekt.news/leaderboard | https://twitter.com/GymNet_Official/status/1534452473754157056,4
2022-06-10,Treasure Swap,1100000.0,0.0,1100000.0,,DEX,EF,SC-Technical,,Exploit/Other/Other,"Quick Summary The Treasure Swap project has been exploited by hackers. Using the vulnerability, the hacker needed only 1 wei to exchange all the $WETH tokens in the transaction pool. Details of the Exploit Treasure Swap is a donation protocol driven by the community to build a sustainable DAO. The hacker noticed a vulnerability in the Treasure Swap contract, where in the swap &nbsp; function the check for the k -value of the constant formula k = a * b , which determines the price of the token (A",defi_rekt,https://de.fi/rekt-database?id=3055,1
2022-06-13,FSWAP,432497.0,0.0,432497.0,,Yield,EF,SC-Technical,,Exploit/Other/Other,"FSWAP has been exploited. Approximately 1,751 $BNB was sent to: https://bscscan.com/token/0xbb4cdb9cbd36b01bd1cbaebf2de08d9173bc095c?a=0x0007d40f29c7a1713b251c69f5d999f16ec09dfc. 652 $BNB was laundered via TornadoCash. BlockSec Team made a white hat hacker attack on the return of funds stolen from FSWAP: https://bscscan.com/tx/0xeedacfdf51ad015cc6c5b20285d9b5cdf165cbe2986e03af252a7e9592adf63f Attacker address:&nbsp; https://bscscan.com/address/0x000c84c59385b64c3ea4d48cc3fca1f08f3abcfc https://b",defi_rekt,https://de.fi/rekt-database?id=3053,1
2022-06-16,Inverse Finance Frontier,5800000.0,0.0,5800000.0,Ethereum,Lending,CPBP,SC-Economic,Ecosystem,Flashloan Price Oracle Attack,,defillama,https://api.llama.fi/hacks,1
2022-06-16,Inverse Finance 2,1260000.0,0.0,1260000.0,Ethereum Mainnet,Lending,CPBP,SC-Economic,,Curve Oracle Manipulation,"rekt.news entry; audit=Unaudited | The collateral pricing function `_getCollateralPrice()` directly used Curve's `get_virtual_price()`, allowing a temporarily inflated AMM internal value caused by a large swap to be recognized as collateral value, enabling excessive DOLA borrowing | Quick Summary Ethereum-based Inverse Finance was exploited for more than $1.2 million by an attacker utilizing an oracle manipulation through a flash loan attack. &nbsp; Details of the exploit 1) The attacker flashlo","defi_rekt,kismp,rekt,slowmist",https://de.fi/rekt-database?id=3056 | https://github.com/kismp123/DeFi-Security-Incident/blob/main/2022/2022-06-16_InverseFinance_CurveOracleManipulation.md | https://rekt.news/leaderboard | https://www.panewslab.com/zh/articledetails/m20ffpy4.html,4
2022-06-20,Whale Loans,12374.0,0.0,12374.0,,DEX,CPBP,SC-Economic,,Exploit/Other/Other,"Whale Loans was exploited due to K-check of the WhaleSwap Finance Pair contract. When a user swaps, there is an issue with the magnitude of the parameters passed in.&nbsp; The attacker flashloaned BSC-USD and then returns flashloan with a K-check parameter in function swap() contract WhaleswapPair.sol of magnitude 10000^4. However, the K-check takes a parameter of magnitude 10000^2, which causes the K-check to fail. Exploiter address: https://bscscan.com/address/0xd793ff8d744828c25da7f80123b88dd",defi_rekt,https://de.fi/rekt-database?id=3057,1
2022-06-21,LV Metaverse,775312.5,0.0,775312.5,,DEX,IF,Cyber-Operational,,Exit Scam/Rugpull/Rugpull,The LV Plus token of the LV Metaverse project was rugpulled in the amount of $1.5M. The addresses that received the tokens then started exchanging them on PancakeSwap. The wallet that caused the token dump received the tokens through the contract depositor: https://bscscan.com/tx/0xb2fca71b5bb6f8ec59308f26a6fa8635668e7b9945e79a18ff00b44b5664c307 Some of the tokens were subsequently sent to these addresses:&nbsp; 1) https://bscscan.com/address/0x1e156e7b84fd61e70e6f6d45c3ba67aeaa4fa6a6 Transactio,defi_rekt,https://de.fi/rekt-database?id=3060 | https://de.fi/rekt-database?id=3067,1
2022-06-23,Harmony Bridge,100000000.0,1400000.0,98600000.0,"Ethereum,BSC",Bridge,EF,SC-Technical,Infrastructure,Private Key Compromised (Unknown Method),rekt.news entry; audit=N/A | 2 validator keys compromised from a 2/5 multisig bridge — immediate large-scale asset withdrawal | Quick Summary Harmony's Horizon Bridge was exploited by an attacker resulting in losses of roughly $100M. The bridge was secured by multisig wallet which needed 2 out of 5 wallets to confirm transaction. The hacker gained control over 2 wallets which enabled the attacker to drain the funds of the bridge and transfer said funds to his wallet. Details of the Exploit&nbsp;,"defi_rekt,defihacklabs,defillama,kismp,rekt,slowmist",https://api.llama.fi/hacks | https://de.fi/rekt-database?id=3062 | https://github.com/SunWeb3Sec/DeFiHackLabs/blob/main/past/2022/README.md | https://github.com/kismp123/DeFi-Security-Incident/blob/main/2022/2022-06-23_Harmony_CompromisedMultisig.md | https://rekt.news/leaderboard | https://twitter.com/harmonyprotocol/status/1540110924400324608,6
2022-06-23,Convex Finance,11578.0,0.0,11578.0,,Yield,EF,SC-Technical,,Exploit/Other/Other,"Quick Summary A DNS attack was conducted on Convex Finance. The hacker managed to create a contract with a similar address, prompting users to sign approval without noticing the substitution. Details of the Exploit Convex Finance, a protocol offering boosted rewards for Curve liquidity providers and stakers. Hackers changed the original website address with the original contract to a copy of the website with a fake contract address. Original contract address: 0xF403C135812408BFbE8713b5A23a04b3D4",defi_rekt,https://de.fi/rekt-database?id=3089,1
2022-06-24,Ribbon Finance,351064.0,0.0,351064.0,,Derivatives,EF,SC-Technical,,Exploit/Phishing/Phishing,"Quick Summary A DNS attack was made on Ribbon Finance. During the attack one of the users lost 16.5 $WBTC. Details of the Exploit A DNS attack was carried out on the Ribbon Finance project, during which 16.5 $WBTC was lost. The on-chain analysis revealed that the attack has common features with the DNS attack on Convex Finance and was made by the same hacker team. Hackers created a similar website with a malicious contract that required calling the approve() function. Block Data Reference Scamme",defi_rekt,https://de.fi/rekt-database?id=3091,1
2022-06-25,Swello Finance,210000.0,0.0,210000.0,,DEX,IF,Cyber-Operational,,Exit Scam/Rugpull/Rugpull,Quick Summary Swello Finance has been rugpulled by the contract owner of the project. The contract owner called the pullForBNB()&nbsp; function through an unverified contract that dumped $SWLO against $WBNB via PancakeSwap. Details of the Exploit Swello Finance was &nbsp; a staking service provider with a high APY rating. The token owner address received 3.8b $SWLO tokens from the contract deployer in this tx: https://bscscan.com/tx/0x66bc683326ce4ed62ce04ad85dba4355302eebd82223db4d06a249c947c69,defi_rekt,https://de.fi/rekt-database?id=3064,1
2022-06-26,XCarnival,3837110.0,1746801.0,2090309.0,,Lending,EF,SC-Technical,,Exploit/Other/Other,"Quick Summary XCarnival was attacked by a hacker for 3,087 $ETH of which 1,467 $ETH was returned to the creator address of the vulnerable contract. Details of the Exploit The attacker created a contract, with the help of which it was just the same that managed to carry out the attack and pump out 3k $ETH from the victim's contract. Contract creation transaction: https://etherscan.io/tx/0xe4f99b2fb86a317eb16f7f288fda74ab07f0ffcbf645fb3b1a6490ca23206d09 The attacker called the pledgeAndBorrow() fu",defi_rekt,https://de.fi/rekt-database?id=3070,1
2022-06-29,Quint,130000.0,0.0,130000.0,,Yield,EF,SC-Technical,,Exploit/Other/Other,"Quick Summary The Quint project was attacked by hackers in the amount of $130K. The attacker took advantage of the vulnerability, thanks to which he was able to withdraw his rewards again. Details of the Exploit Quint is a stacking and farming platform where users can stake $QUINT at low transaction fees while enjoying the rewards in the form of a variety of tokens. The attack occurred due to a vulnerability in the contract called by the reStake()&nbsp; function. When this function is performed,","defi_rekt,slowmist",https://de.fi/rekt-database?id=3086 | https://twitter.com/BeosinAlert/status/1542493260114931712,2
2022-06-29,MAD,119017.5,0.0,119017.5,,Other,IF,Cyber-Operational,,Exploit/Other/Other,"Quick Summary The $MAD token was stolen by a hacker who noticed a vulnerability in the contract that held most of the assets. The hacker withdrew the profit through Tornado.cash. Details of the Exploit Token $MAD had been stolen from the token storage due to the lack of specific verification, as a result, anyone could pick up tokens, knowing how to interact with the function. The contract is unverified, so the function looks like ""0x9763a894"". The hacker stole the tokens, and called selfdestruct","defi_rekt,slowmist",https://de.fi/rekt-database?id=3083 | https://twitter.com/BeosinAlert/status/1542517440252624896,2
2022-06-30,Dark Light,134120.0,0.0,134120.0,,DEX,IF,Cyber-Operational,,Exit Scam/Rugpull/Rugpull,"Quick Summary Dark Light token has been rugpulled by the contract creator. The contract creator exchanged a sizeable amount of $DK tokens to $BNB via PancakeSwap. The funds were then laundered via Tornado.cash. Details of the Exploit The contract creator exchanged 980T $DK tokens for $BNB. Then the received $BNBs were sent to the Scammer's address (B), where all funds were collected and subsequently sent to the scammer's address (C), where they were laundered via Tornado.cash. The exit scam occu",defi_rekt,https://de.fi/rekt-database?id=3068,1
2022-07-02,Crema Finance,8791223.0,7356932.0,1434291.0,Solana,DEX,EF,SC-Technical,Protocol Logic,Access Control Exploit,"rekt.news entry; audit=Bramah Systems | Quick Summary Crema Finance was attacked by a white hat hacker for ~$8.8M who then returned the majority of stolen funds, leaving the attacker with 45455 $SOL as a reward for finding the exploit. The Solana network became the place of the exploit, and all funds were transferred by the attacker through the Wormhole Bridge to the ETH network and swapped to 6K $ETH. Details of the Exploit Crema Finance is a concentrated liquidity protocol that provides superi","defi_rekt,defillama,rekt,slowmist",https://api.llama.fi/hacks | https://de.fi/rekt-database?id=3071 | https://rekt.news/leaderboard | https://twitter.com/Crema_Finance/status/1543416225622941696,4
2022-07-06,BabyDAO,7602.0,0.0,7602.0,,DEX,IF,Cyber-Operational,,Exit Scam/Rugpull/Rugpull,"Quick Summary The $BabyDAO token has been rugpulled by the token creator for $7.6k. Then funds where sent to another address from which they were laundered via Tornado.cash. Details of the Exploit The token creator deployed a BabyDAO contract, where 10T tokens were minted to his account (https://bscscan.com/tx/0x3af2f636d7b5b2965f818fd374b1c7b6cb9d0b697375b2e1c50a823043650e88). After the token deployment, the scammer address created a pair on PancakeSwap of $10 WBNB and $100M BabyDAO (https://bs",defi_rekt,https://de.fi/rekt-database?id=3075,1
2022-07-07,ProjectX,28247.0,0.0,28247.0,,DEX,IF,Cyber-Operational,,Exit Scam/Rugpull/Rugpull,"Quick Summary ProjectX has been rugpulled by the token creator. The token creator minted 1M $PXT tokens which were distributed among several addresses that dumped the token price taking profits of ~$28K. Details of the Exploit ProjectX was a nodes as a service project promising passive income to its holders.&nbsp; The creator of the contract, deployed the token contract into the network and minted himself 1M $PXT (https://snowtrace.io/tx/0xf9cb648f4243b2796f77be3deae5c692e1f1f27c848ed759e7c18657",defi_rekt,https://de.fi/rekt-database?id=3081,1
2022-07-08,Bifrost,2248328.0,0.0,2248328.0,,Bridge,EF,SC-Technical,,Exploit/Other/Other,"Quick Summary Bitcoin wallet Bifrost was attacked by hackers. During the attack, the key of the server issuing the address was revealed, and the attacker was able to self-sign his own deposit address. Since the attacker could generate a valid signature on the deposit address, the BiFi platform recognized the attacker's $BTC transfer as a $BTC deposit in Bifrost. As a result, the attacker was able to borrow 1,852 $ETH with fake deposit. Details of the Exploit Bifrost is a web3 derivatives protoco",defi_rekt,https://de.fi/rekt-database?id=3084,1
2022-07-11,Citizen Finance,94318.0,0.0,94318.0,,Yield,EF,SC-Technical,,Exploit/Access control/Access Control,"Quick Summary The Citizen Finance platform suffered from an attack by a hacker who managed to obtain the private key of one of the Citizen Finance wallets and proceeded to steal $94k. Details of the Exploit Citizen Finance is a platform where players are the true owners of their in-game assets. Players can stake, resell, gift them or use assets as a collateral. Citizen Finance was attacked by a hacker who obtained a private key with access to the BSC and Polygon chains. The attacker used their a","defi_rekt,slowmist",https://de.fi/rekt-database?id=3094 | https://twitter.com/citizen_finance/status/1546665208495673349,2
2022-07-11,Uniswap,10450000.0,0.0,10450000.0,,DEX,EF,SC-Technical,,Exploit/Phishing/Phishing,"Quick Summary A Uniswap liquidity provider was subjected to a phishing attack, which incurred losses of $8M. Uniswaps smart contracts were not involved in any shape or form in this phishing attack.&nbsp; Details of the Exploit The victim received a fake airdrop of a lp token from the attacker disguised as a transaction coming directly from Uniswap. The attacker manipulated the trade log in order to make ""Uniswap"" appear as the sender of the transaction on blockscan. The attacker set up a fake ai","defi_rekt,slowmist",https://de.fi/rekt-database?id=3088 | https://twitter.com/sniko_/status/1546535668247060481,2
2022-07-13,RETAWATCH,29069.0,0.0,29069.0,,DEX,IF,Cyber-Operational,,Exit Scam/Rugpull/Rugpull,"Quick Summary The $RTW token has been rugpulled by the contract creator. The contract creator sent 15M $RTW to the scammer address (B) who created a liquidity pool between $BNB and $BUSD. When the price of the token appreciated, the scammer took profits. Details of the Exploit The contract creator deployed the contract to the network and verified its source code. Then he sent 15M $RTW tokens to scammer address (B), which created a liquidity pool between tokens such as $BNB and $BUSD. In total, t",defi_rekt,https://de.fi/rekt-database?id=3087,1
2022-07-16,Impermax,7200.0,0.0,7200.0,,Lending,EF,SC-Technical,,Exploit/Other/Other,"Quick Summary The hacker managed to steal the private keys of the Impermax team. Despite the fact that the Impermax team took measures, the hacker still managed to escape with some of the money. Details of the Exploit Impermax is a DeFi platform for unlocking the value of LP tokens. The hacker stole the funds, but did not sell them immediately. The stolen amount is enough to dump the token price to about 0. The team decided to make a frontrun attack by dumping a huge amount of tokens before the ",defi_rekt,https://de.fi/rekt-database?id=3125,1
2022-07-25,LPC Token,45304.0,0.0,45304.0,,DEX,EF,SC-Technical,,Exploit/Other/Other,"Quick Summary LPC token experienced an exploit that resulted in the loss of 45,304 $USD of liquidity from its pool. Details of the Exploit LPC is a BEP20 token trading on PancakeSwap. On 25 July 2022, the project was exploited by an attacker who took advantage of a contract vulnerability and drained 45,304 $USD from its liquidity pool. The malicious actor exploited token contract vulnerabilty that allowed the transfer transactions to multiply the token amount and gain new $LPC tokens for nothing",defi_rekt,https://de.fi/rekt-database?id=3457,1
2022-07-25,TEDDY DOGE,4500000.0,0.0,4500000.0,,DEX,IF,Cyber-Operational,,Exit Scam/Rugpull/Rugpull,"Quick Summary The TEDDY DOGE project has been rugpulled by the admin wallet. The sell-off amounts to roughly $4,5m USD (2m $BUSD and 10k $BNB). Details of the Exploit According to its own words the Teddy Doge project is one-stop full-featured decentralized exchange including a swap, aggregate transactions, liquidity and farms. The token deployer minted 30m $Teddy token to the admin wallet on Jan 30, 2022 https://bscscan.com/tx/0x47bb88509aa68dd3cede68ec490bf80edfaf9c9724fe8c871cc0050bc2e75464 Th","defi_rekt,slowmist",https://de.fi/rekt-database?id=3106 | https://tokeninsight.com/en/news/peckshieldalert-defi-project-drac-network-appeared-rug-pull?at_medium=RSS,2
2022-07-28,Nirvana V1,3500000.0,0.0,3500000.0,Solana,Stablecoin,CPBP,SC-Economic,Ecosystem,Flashloan Price Oracle Attack,rekt.news entry; audit=Sec3 Auto Audit Software | Quick Summary Nirvana Finance became the victim of a flash loan attack during which the liquidity pools of the protocol were depleted. The Solana-based Nirvana protocol suffered losses of $3.5M. Details of the Exploit Nirvana is a sustainable mechanism of wealth creation due to the growing minimum price. The $ANA and $NIRV token functioned as a balance between profitability and risk. Nirvana Finance has been subjected to a flash loan attack on th,"defi_rekt,defillama,rekt,slowmist",https://api.llama.fi/hacks | https://de.fi/rekt-database?id=3108 | https://rekt.news/leaderboard | https://twitter.com/nirvana_fi/status/1552635546626818058,4
2022-08-01,Nomad,190000000.0,36342325.0,153657675.0,Ethereum,Bridge,EF,SC-Technical,Protocol Logic,Trusted Root Exploit,"Quick Summary The Nomad bridge was exploited for aprox. $190 million by what has to be declared as Web3`s first ""crowd-looting"" event. Details of the Exploit The Nomad bridge is an interoperability protocol that connects five different blockchains, namely Avalanche, Ethereum, Evmos, Milkomeda C1 and Moonbeam. The initial attack appears to have taken place with this transaction, where 100 (WBTC) were extracted from the protocol; https://etherscan.io/tx/0x61497a1a8a8659a06358e130ea590e1eed8956edbd","defi_rekt,defillama,kismp,rekt,slowmist",https://api.llama.fi/hacks | https://de.fi/rekt-database?id=3112 | https://github.com/kismp123/DeFi-Security-Incident/blob/main/2022/2022-08-01_NomadBridge_MessageVerification.md | https://rekt.news/leaderboard | https://zerion.io/blog/nomad-bridge-hack/,5
2022-08-02,Reaper Farm,1700000.0,0.0,1700000.0,Fantom,Yield,EF,SC-Technical,,Exploit/Other/Other,"Quick Summary The Reaper Farm protocol was hacked due to the lack of validation checks, as a result of which user funds were withdrawn to the attacker's account. Details of the Exploit Reaper is an auto-compounding yield farm that maximizes users' yields by leveraging the power of compound interest. The Reaper Farm protocol had a lack of validation check, which the attacker took advantage of, stealing $1.7M. The attacker created a smart contract (https://ftmscan.com/tx/0xe7635f32b7e073186445d640","defi_rekt,kismp,slowmist",https://de.fi/rekt-database?id=3113 | https://github.com/kismp123/DeFi-Security-Incident/blob/main/2022/2022-08-13_ReaperFarm_MissingOwnerCheck.md | https://twitter.com/PeckShieldAlert/status/1554423041232629761,3
2022-08-07,EGD Finance,36044.0,0.0,36044.0,Binance Smart Chain (BSC),DEX,CPBP,SC-Economic,,Finance,`getEGDPrice()` uses a manipulable AMM spot price for reward calculation,kismp,https://github.com/kismp123/DeFi-Security-Incident/blob/main/2022/2022-08-07_EGD_Finance_OracleManipulation.md,1
2022-08-09,Curve DEX,593500.0,575000.0,18500.0,Ethereum,DEX,EF,SC-Technical,Infrastructure,DNS Spoofing,"Quick Summary An attacker managed to compromise the Curve Finance website through a DNS attack and made away with approx. $612k worth of stablecoins. Details of the Exploit Curve.Finance is a backbone DeFi application, which does not only serve as a main focal point for institutional players with its stablecoin pools but also revolutionized Tokenomics by introducing the $CRV token rewards. An attacker managed to compromise the Curve.Finance website and redirect users to a malicious website, that","defi_rekt,defillama,rekt,slowmist",https://api.llama.fi/hacks | https://de.fi/rekt-database?id=3121 | https://rekt.news/leaderboard | https://twitter.com/CurveFinance/status/1557107088962224132,4
2022-08-10,Blur Finance,600000.0,0.0,600000.0,"BSC,Polygon",Yield,IF,Cyber-Operational,Rugpull,Drained Contracts,"Yield aggregator Blur Finance withdrew more than $600,000 in assets from BNB Chain and Polygon before deleting websites and social media accounts. The project, which has only been active for about a month, has amassed about 750 users on its initial BNB Chain implementation, which was announced on Polygon on August 5.","defillama,slowmist",https://api.llama.fi/hacks | https://www.coindesk.com/tech/2022/08/10/more-than-600k-vanishes-from-defi-project-blur-finance-as-developers-disappear,2
2022-08-14,Acala Swap,26800000.0,0.0,26800000.0,,Stablecoin,EDPM,Cyber-Operational,,Exploit/Other/Other,"Quick Summary A misconfigured liquidity pool on Acala Swap lead to exponential minting of the Acala Dollar. Quick actors were able to transfer $1,6 million in good value off-chain. Details of the Exploit The Acala Network lives on the Polkadot Network and focusses on its decentralized stablecoin aUSD. On the 14th of August an Acala community member reported the detection of unusual on-chain activity. The new iBTC/aUSD pool had just gone live on Acala swap and due to an error in the code, users t","defi_rekt,slowmist",https://de.fi/rekt-database?id=3136 | https://medium.com/acalanetwork/updates-on-the-ausd-incident-22-august-2022-997efec98b35,2
2022-08-16,Stader.Near,165000.0,0.0,165000.0,,Derivatives,EF,SC-Technical,,Exploit/Other/Other,Quick Summary &nbsp;A vulnerability made it possible for an attacker to mint $Nearx 20 million. Block Data Reference Stader labs provides staking services and risk adjusted returns to delegators. The protocols smart contracts were exploited by an attacker named gregoshes.near. The attacker managed to transfer $NearX to his wallet without providing $NEAR as collateral. The attacker then utilized the illegitimately minted $NearX to drain $Near/$NearX pools on Jumbo Exchange and Ref Finance. In ord,defi_rekt,https://de.fi/rekt-database?id=3143,1
2022-08-18,Celer Bridge,236334.0,0.0,236334.0,,Bridge,EF,SC-Technical,,Exploit/Other/Other,"Quick Summary The cBridge was the victim of a DNS attack during which users who used the bridge through the web interface lost their funds. During the attack, the total damage from users amounted to about $240k. Details of the Exploit Celer cBridge is a decentralized and non-custodial asset bridge that supports 110+ tokens across 30+ blockchains and layer-2 rollups. A vulnerability in the hosting security system was used by a hacker to gain control of the bridge domain and change the external in",defi_rekt,https://de.fi/rekt-database?id=3134,1
2022-08-23,SudoRare,841600.5,0.0,841600.5,Ethereum,DEX,IF,Cyber-Operational,Rugpull,Drained Contracts,"Quick Summary The owner of SudoRare contracts used privileges and transferred all deposited assets from SudoRare Pools. The contracts contained security issues as minting and privileges to freely transfer any types of assets from the pools contract were accessible by the owner.&nbsp; Details of the Exploit SudoRare was a NFT platform with staking features using $XMON, $LOOKS and $ETH assets. After reaching certain amount of assets, the owner of the SudoRareGenesisPool contract used his privilege","defi_rekt,defillama",https://api.llama.fi/hacks | https://de.fi/rekt-database?id=3146,2
2022-08-24,Kaoya Swap,118000.0,0.0,118000.0,,DEX,CPBP,SC-Economic,,Exploit/Flash Loan Attack/Flash Loan Attack,"Quick Summary On August 24th, 2022, KaoyaSwap, a decentralized transaction protocol built on the Binance Smart Chain, was attacked due to a bug in the swapExactTokensForETHSupportingFeeOnTransferTokens function. The vulnerability allowed the attacker to steal approximately $118,000 worth of 37,294 BUSD and 271.2 wBNB. Details of the Exploit The bug was found in the swapExactTokensForETHSupportingFeeOnTransferTokens function, which was used to swap Fee-On-Transfer-Tokens. These tokens charge a fe","defi_rekt,slowmist",https://de.fi/rekt-database?id=3403 | https://twitter.com/BlockSecTeam/status/1562286943957708800,2
2022-08-26,DDC Token,104600.0,0.0,104600.0,Binance Smart Chain (BSC),Other,EF,SC-Technical,,Fee Handler Access Control,"`handleDeductFee()` function has no access control, allowing arbitrary fee deduction calls",kismp,https://github.com/kismp123/DeFi-Security-Incident/blob/main/2022/2022-08-26_DDC_FeeHandlerAccessControl.md,1
2022-08-28,Banana Swap,110105.0,0.0,110105.0,,DEX,EF,SC-Technical,,Exploit/Other/Other,"Quick Summary Banana Swap was exploited for the total amount of 110,105 in $BUSD due to contract vulnerability.&nbsp; Details of the Exploit Banana Swap is a simple DEX intended for trading the $DDC token. Due to security issues of the project's smart contracts, an attacker was able to manipulate the price of the $DDC token. The attacker used a contract function to manipulate the internal price of $DDC. The attacker broke the price calculation mechanism in the project's contract. The attacker sw",defi_rekt,https://de.fi/rekt-database?id=3171,1
2022-08-29,DDC,104600.0,0.0,104600.0,,Other,EF,SC-Technical,,Contract Vulnerability,"DDC was exploited and lost $104,600. The cause of the event is the problem of arbitrarily deducting pool fees.",slowmist,https://twitter.com/BeosinAlert/status/1564240190851383302,1
2022-08-31,Cupid,78623.0,0.0,78623.0,,Lending,CPBP,SC-Economic,,Exploit/Flash Loan Attack/Flash Loan Attack,"Quick Summary A flash loan attack was carried out on the Cupid/Venus liquidity pair. The attacker profited $78.6k. Details of the Exploit The attacker took advantage of a vulnerability in the logic of the $Cupid contract, which allowed attacker to conduct a couple of transactions using an unverified contract. The attacker flash loaned the token in this transaction interacting with the contract in this transaction: https://bscscan.com/tx/0xed348e1d6ef1c26e0040c6c3f933ea51f953bdbafad7fb11c593f6837",defi_rekt,https://de.fi/rekt-database?id=3169,1
2022-09-01,KyberSwap Classic,265012.5,0.0,265012.5,Polygon,DEX,EF,SC-Technical,Infrastructure,Cloudflare Key Compromised,"Quick Summary The Kyber Network project was exploited by a hacker who took advantage of a vulnerability in the front end taking a profit of ~$265k. Details of the Exploit Kyber Network is a decentralized, blockchain-based protocol that aggregates liquidity and enables the exchange of tokens without an intermediary. The hacker managed to add malicious code to Google Tag Manager (GTM), which performed an approve, which gave the hacker access to user's funds. The script added by hacker's team was s","defi_rekt,defillama,slowmist",https://api.llama.fi/hacks | https://cointelegraph.com/news/kyber-network-offers-bounty-following-265k-hack-of-decentralized-exchange | https://de.fi/rekt-database?id=3177,3
2022-09-05,DaoSwap,580000.0,0.0,580000.0,,DEX,EF,SC-Technical,,Reward Mechanism Flaw,"On September 5th, DaoSwap lost 580,000 USDT in an attack that allowed users to set the inviter’s address as themselves due to mining rewards that were larger than the fees charged during the swap process and lack of verification.",slowmist,https://twitter.com/BlockSecTeam/status/1566606770650300416,1
2022-09-06,Nereus Finance (NXUSD Stablecoin),371406.0,0.0,371406.0,Avalanche,Stablecoin,CPBP,SC-Economic,,Flash Loan Oracle Manipulation,`updateExchangeRate()` + `cook()` use a manipulable AMM spot price as the oracle,kismp,https://github.com/kismp123/DeFi-Security-Incident/blob/main/2022/2022-09-06_NXUSD_FlashLoanOracleManipulation.md,1
2022-09-06,Cauldron,370000.0,0.0,370000.0,,Lending,CPBP,SC-Economic,,Exploit/Flash Loan Attack/Flash Loan Attack,"Quick Summary The biggest flash loan attack on Avalanche in 2022 was detected. The attacker took 370,000 $USD after interacting with several assets. Details of the Exploit The attacker interacted with Cauldron, Aave, JoeSwap, and Curve for various purposes. The attacker used a malicious smart contract with an unverified source code to withdraw 998,000 $nxUSD using LP tokens worth 500,000 $USDC. The full attack flow of the exploit transaction succeeded as follows: &nbsp; &nbsp;1. The attackers ma",defi_rekt,https://de.fi/rekt-database?id=3179,1
2022-09-08,Arbitrage Robot Token,472459.0,0.0,472459.0,,Yield,EF,SC-Technical,,Exploit/Other/Other,"Quick Summary The Arbitrage Robot Token project's token $RBTR price dropped by over 96% after the Staking contract was exploited. Details of the Exploit Arbitrage Robot Token is a platform that provides arbitrage opportunities. The project's Staking contract was hacked because of security issues after a week of deployment. The attacker used a couple of deployed smart contracts with unverified source codes in order to drain all $RBTR tokens in the staking contract. After stealing the funds, the a",defi_rekt,https://de.fi/rekt-database?id=3182,1
2022-09-09,DPC,103755.0,0.0,103755.0,,Other,EF,SC-Technical,,Incorrect Reward calculation,DeFiHackLabs entry (Incorrect Reward calculation),defihacklabs,https://github.com/SunWeb3Sec/DeFiHackLabs/blob/main/past/2022/README.md,1
2022-09-10,DarkPool,103859.0,0.0,103859.0,,DEX,EF,SC-Technical,,Exploit/Other/Other,"Quick Summary Dark Pool token was hacked and 103,859 $USD was stolen from the liquidity pool. The hacker used the vulnerability of the token's smart contract. Details of the Exploit Dark Pool is the BEP20 standard token trading on PancakeSwap. The smart contract of the $DPC token has a vulnerability, which allows users to accumulate a huge amount of rewards after staking LP tokens. The claimStakeLP() function was called multiple times by the attacker's malicious contracts and granted the attacke",defi_rekt,https://de.fi/rekt-database?id=3187,1
2022-09-11,Dogechain,600000.0,0.0,600000.0,,Bridge,EF,SC-Technical,,Contract Vulnerability,"In a tweet, @0xCrumbs disclosed that Dogechain was hacked yesterday, and the attackers exploited the vulnerability to mint 9.7 million $Doge (about $600,000) and transfer $316,000 through a cross-chain bridge. Currently 3 million remain in the starting wallet, in addition to $100,000 worth of USDC/ETH. Therefore, @0xCrumbs believes that yesterday&#39;s Dogechain maintenance was caused by the attack. SlowMist also tweeted that the attackers used Anyswap to bridge funds to the BSC and ETH chains, ",slowmist,https://twitter.com/0xCrumbs/status/1568918333352714241,1
2022-09-15,PoW ETH,255780.0,0.0,255780.0,,DEX,EF,SC-Technical,,Exploit/Phishing/Phishing,"Quick Summary Fake Ethereum PoW token was exploited on the Binance chain, causing of loss more than 255,780 $USD of user's funds in $WETH Details of the Exploit PoW ETH is a BEP20 standard token, which is not related to the original $ETH or $ETHW. The scammer created ETHW/WETH pair and added liquidity. The scammer had more than 95% token supply in balance and an opportunity to mint an infinite amount of fake $ETHW. After users began trading on various DEX'es the scammer used the remaining $ETHW ",defi_rekt,https://de.fi/rekt-database?id=3184,1
2022-09-15,Giant Divine Shield,140869.0,0.0,140869.0,,DEX,IF,Cyber-Operational,,Exit Scam/Rugpull/Rugpull,"Quick Summary Giant Divine Shield token price dropped by more than 97%. The initial token distributor sent 1,000,000,000 $GIDS to EOA address, which dumped the token price. Details of the Exploit Giant Divine Shield is a BEP20 token that trades on PancakeSwap. The token distributor address sent 1,000,000,000 $GIDS to another EOA address on the 15th of September. The address started selling aggressively and drained liquidity from the GIDS/WBNB pair. The attacker used several addresses to distribu",defi_rekt,https://de.fi/rekt-database?id=3185,1
2022-09-16,Omni Bridge,271800.0,0.0,271800.0,,Bridge,EF,SC-Technical,,Exploit/Other/Other,"Quick Summary Omni Bridge was hacked by exploiting a smart contract on the EthereumPoW chain. 200 $WETH was stolen by a replay attack and transferred through Mexc Global. Details of the Exploit Omni Bridge is a crosschain bridge. A replay attack was launched against Omni Bridge on the EthereumPoW chain, which resulted in a hacker exploiting 200 $WETH. The hacker was able to withdraw bridged funds from the both EthereumPoS and EthereumPoW chains because the OmniBridge contract failed to validate ",defi_rekt,https://de.fi/rekt-database?id=3191,1
2022-09-18,GMX V1 Perps,565000.0,0.0,565000.0,Arbitrum,Derivatives,CPBP,SC-Economic,Ecosystem,Price Oracle Attack,,defillama,https://api.llama.fi/hacks,1
2022-09-22,Fortunas Finance,21672.0,0.0,21672.0,,DEX,EF,SC-Technical,,Exploit/Other/Other,"Quick Summary Fortunas Finance was exploited using smart contract vulnerability. The hacker minted $FRTNA tokens and sold them on PancakeSwap and KnightSwap which dumped the token price by more than 99% on both pools. Details of the Exploit Fortunas Finance is a gamified crypto project. The project's token $FRTNA was hacked using a vulnerability in the liquidity pool's smart contracts. The hacker used mint() function to mint tokens without $BUSD, and profit for the total amount of 21,672 $BUSD. ",defi_rekt,https://de.fi/rekt-database?id=3195,1
2022-10-01,RabbySwap Router,200000.0,0.0,200000.0,Ethereum Mainnet,DEX,EF,SC-Technical,,Swap Router Arbitrary Call,The `dexRouter` parameter of the `swap()` function is used to call arbitrary contracts without validation,kismp,https://github.com/kismp123/DeFi-Security-Incident/blob/main/2022/2022-10_RabbyWallet_SwapRouterArbitraryCall.md,1
2022-10-02,TransitSwap,28900000.0,0.0,28900000.0,Binance Smart Chain (BSC),DEX,EF,SC-Technical,,Transfer From Owner Bypass,"Missing `owner` parameter validation in `transferFrom` of the ClaimTokens contract, allowing an arbitrary victim to be specified",kismp,https://github.com/kismp123/DeFi-Security-Incident/blob/main/2022/2022-10-02_TransitSwap_TransferFromOwnerBypass.md,1
2022-10-02,Transit Swap,21200000.0,19140000.0,2060000.0,"Ethereum,BSC",DEX,EF,SC-Technical,Protocol Logic,Transfer Logic Exploit,"Quick Summary Transit Swap exchange was hacked due to the smart contract vulnerability. The hacker stole 28,900,000 $USD from users who approved their assets to Transit Swap. 65% of the stolen funds were recovered by the joint effort of the security teams. Details of the Exploit Transit Swap is a multichain DEX, running on both Ethereum and Binance chains. The project was exploited by a hacker, and roughly 28,900,000 $USD worth of assets were stolen from user's addresses. The hacker deployed mal","defi_rekt,defihacklabs,defillama,rekt,slowmist",https://api.llama.fi/hacks | https://de.fi/rekt-database?id=3200 | https://github.com/SunWeb3Sec/DeFiHackLabs/blob/main/past/2022/README.md | https://rekt.news/leaderboard | https://slowmist.medium.com/cross-chain-dex-aggregator-transit-swap-hacked-analysis-74ba39c22020,5
2022-10-04,Sovryn,1100000.0,539097.0,560903.0,RSK,Lending,CPBP,SC-Economic,Protocol Logic,Flashloan Reentrancy Attack,"rekt.news entry; audit=Unaudited | Quick Summary Sovryn Protocol's RBTC and USDT lending pools have been exploited by price manipulation. The attacker profited for 1,078,000 $USDT worth of assets as $RBTC and $USDT. Details of the Exploit Sovryn is the protocol that provides trading and lending opportunities on the Layer 2 Bitcoin-based RSK chain. The protocol's $RBTC and $USDT lending pools were exploited and the attacker took away 44,93 $RBTC and 211,045 $USDT. The attacker exploited price cal","defi_rekt,defillama,rekt",https://api.llama.fi/hacks | https://de.fi/rekt-database?id=3209 | https://rekt.news/leaderboard,3
2022-10-04,FDO,160441.0,0.0,160441.0,,DEX,EF,SC-Technical,,Exploit/Other/Other,"Quick Summary FDO token slippage happened on PancakeSwap. The attacker took 96,000 $FDO tokens from the project's vault contract and sold them for 160,441 $USD Details of the Exploit FDO is a BEP20 token and can't be confused with other tokens with the same symbol. The EOA address claimed 96,000 $FDO from the project's vault smart contract with unverified source code. Consequently, the attacker sold them on PancakeSwap for 160,441 $BUSD and transferred them to another EOA address.&nbsp; The rela",defi_rekt,https://de.fi/rekt-database?id=3205,1
2022-10-04,RedRubyDAO,91000.0,0.0,91000.0,,DEX,EF,SC-Technical,,Exploit/Other/Other,"Quick Summary RedRubyDAO project was exploited, the attacker used a smart contract deployment to receive 85,000,000 tokens and sold them in the same transaction. Details of the Exploit RRD is a BEP20 token of the RedRubyDAO project. The liquidity pool of the token is located on the W3Swap. The hacker deployed a malicious smart contract and transferred 85,000,000 $RRD tokens to the contract balance. Consequently, the hacker swapped 83,300,000 $RRD on W3swap and received 91,000 $BUSD in the same t",defi_rekt,https://de.fi/rekt-database?id=3206,1
2022-10-06,Binance Bridge,578000000.0,465500000.0,112500000.0,BSC,Bridge,EF,SC-Technical,Protocol Logic,Proof Verifier Bug,"rekt.news entry; audit=Unaudited | A bug in the IAVL Merkle proof verification library used by the BNB Beacon Chain bridge allowed an attacker to forge a valid Merkle proof for an arbitrary message — specifically, a proof of a cross-chain transfer from Beacon Chain that never actually occurred, enabling minting of 2M BNB on BSC | Quick Summary BNB Smart Chain's native cross-chain bridge between BNB Beacon Chain and BNB Smart Chain was exploited, which resulted in minting 2,000,000 $BNB to the ha","defi_rekt,defillama,kismp,rekt",https://api.llama.fi/hacks | https://de.fi/rekt-database?id=3208 | https://github.com/kismp123/DeFi-Security-Incident/blob/main/2022/2022-10-06_BNBChainBridge_MessageVerification_BSC.md | https://rekt.news/leaderboard,4
2022-10-09,Xave Finance,635.0,0.0,635.0,,DEX,EF,SC-Technical,,Contract Vulnerability,"The Xave Finance project was hacked, resulting in a 1000x increase in RNBW issuance. The attack transaction is 0xc18ec2eb7d41638d9982281e766945d0428aaeda6211b4ccb6626ea7cff31f4a. The attacker first creates the attack contract 0xe167cdaac8718b90c03cf2cb75dc976e24ee86d3. The attack contract first calls the executeProposalWithIndex() function of the DaoModule contract 0x8f90 to execute the proposal. The content of the proposal is to call the mint() function to mint 100,000,000,000,000 RNBWs and tra",slowmist,https://mobile.twitter.com/AnciliaInc/status/1578952542926491650,1
2022-10-11,Mango Markets V3,115000000.0,69000000.0,46000000.0,Solana,Derivatives,CPBP,SC-Economic,Ecosystem,Price Oracle Attack,"rekt.news entry; audit=Out of Scope | The attacker used two accounts and a large coordinated trade to manipulate the MNGO/USDC spot price on the Mango exchange itself — the same venue used as the oracle for MNGO collateral valuation — allowing artificial inflation of collateral value and subsequent over-borrowing of all liquid assets | Quick Summary The Mango Markets exchange was exploited by market manipulation. The attacker profited from the total amount of 116,000,000 $USD. Details of the Exp","defi_rekt,defillama,kismp,rekt",https://api.llama.fi/hacks | https://de.fi/rekt-database?id=3215 | https://github.com/kismp123/DeFi-Security-Incident/blob/main/2022/2022-10-11_MangoMarkets_OraclePriceManipulation_SOL.md | https://rekt.news/leaderboard,4
2022-10-11,QAN Platform,1582750.0,0.0,1582750.0,,Bridge,EF,SC-Technical,,Exploit/Access control/Access Control,"Quick Summary QAN Platform Bridge was hacked due to a private key compromise. The hacker gained access to the private key of the bridge deployer address and withdrew $QANX tokens from the bridge contract on both Ethereum and BSC chains. Details of the Exploit QAN Platform is the bridge between Ethereum and BSC chains. The hacker compromised the private keys of the bridge contract deployer and withdrew 1,444,000,000 $QANX tokens from the BSC chain and 1,459,000,000 $QANX tokens from the Ethereum ","defi_rekt,slowmist",https://de.fi/rekt-database?id=3217 | https://medium.com/qanplatform/qanx-bridge-wallet-disclosure-analysis-continuously-updated-724121bbbf9a,2
2022-10-11,TempleDAO,2300000.0,0.0,2300000.0,Ethereum,Stablecoin,EF,SC-Technical,Protocol Logic,Exploit Lack of Input Authentication,"rekt.news entry; audit=Unaudited | `migrateStake()` function has no access control, allowing calls from arbitrary addresses | DeFiHackLabs entry (Insufficient access control) | Quick Summary TempleDAO's staking contract was exploited due to a vulnerable migration functionality. The hacker took away FraxLP tokens and swapped them for 1830 $ETH. Details of the Exploit TempleDAO is a DeFi yield aggregator. The exploit happens due to stake migration functionality on the StaxLPStaking contract. The a","defi_rekt,defihacklabs,defillama,kismp,rekt,slowmist",https://api.llama.fi/hacks | https://de.fi/rekt-database?id=3214 | https://github.com/SunWeb3Sec/DeFiHackLabs/blob/main/past/2022/README.md | https://github.com/kismp123/DeFi-Security-Incident/blob/main/2022/2022-10-11_Templedao_MigrateStakeAccessControl.md | https://rekt.news/leaderboard | https://twitter.com/SlowMist_Team/status/1579848760766926848,6
2022-10-12,Mango,100000000.0,0.0,100000000.0,,Derivatives,CPBP,SC-Economic,,Flash Loan Attack,"Mango, the Solana ecological decentralized financial platform, tweeted: “A hacker is currently investigating an incident in which a hacker extracted funds from Mango through price manipulation through oracle machines.” According to a detailed report, the protocol was encountered at approximately 6:00 on October 12, Beijing time. Attack, 2 accounts funded by USDC held excessive positions in MNGO-ERP, the underlying price of MNGO/USD on various exchanges (FTX, Ascendex) saw a 5-10 times price incr",slowmist,https://twitter.com/mangomarkets/status/1580053208130801664,1
2022-10-12,UXD Protocol,20000000.0,0.0,20000000.0,,Stablecoin,EF,SC-Technical,,Affected by the Mango attack,"The total amount of funds affected by the Solana ecological algorithm stablecoin protocol UXD Protocol in the Mango attack is $19,986,134.9037. UXD Protocol stated: “Our insurance fund is sufficient to cover losses. UXD is fully secured and will be redeemable by users once Mango Markets recovers from the exploit. The total insurance fund is $53,527,304.7757. UXD Protocol has suspended UXD minting for Risk minimization. Minting will be re-enabled once we confirm the issue with Mango Markets has b",slowmist,https://twitter.com/UXDProtocol/status/1579990264713994240,1
2022-10-12,Tulip Protocol,2500000.0,0.0,2500000.0,,Yield,EF,SC-Technical,,Affected by the Mango attack,"Tulip Protocol, a Solana ecological income aggregator and leveraged income farming platform, stated that its exposure to the Mango attack was limited to a portion of the USDC/RAY strategic treasury, namely 2,465,841.497167 USDC and 66,721.925355 RAY, and the funds affected by the Mango attack were about $2.5 million.",slowmist,https://twitter.com/TulipProtocol/status/1580056583220113409,1
2022-10-12,Journey of Awakening,127000.0,0.0,127000.0,,DEX,EF,SC-Technical,,Exploit/Other/Other,"Quick Summary Journey of Awakening project was exploited for the total amount of 127,000 $USD. The attacker exploited the vault contract of the project with unverified source code. Details of the Exploit Journey of Awakening is BEP20 token trading on PancakeSwap. The project token $ATK price dropped by more than 99% after the attacker drained liquidity with stolen tokens. The exploiter used deployed smart contract to withdraw $ATK tokens from the vault contract with an unverified source code and",defi_rekt,https://de.fi/rekt-database?id=3218,1
2022-10-14,Earning Farm,1365750.0,0.0,1365750.0,,Yield,BDSF,Blockchain-Infrastructure,,Exploit/Flash Loan Attack/Flash Loan Attack,"Quick Summary Earning Farm was exploited via Flash Loan Attack resulted in a loss of 1,365,750 $USD worth of $ETH Details of the Exploit Earning Farm is a Yield Aggregator running on the Ethereum chain. The project suffered from a Flash Loan Attack and lost roughly 750 $ETH in total. The attacker was able to receive 268 $ETH while the rest of the stolen funds were siphoned by MEV Bot. The attacker deployed a malicious smart contract with unverified source code, and exploited EFLeverVault contrac",defi_rekt,https://de.fi/rekt-database?id=3393,1
2022-10-14,INUKO,50000.0,0.0,50000.0,,Other,CPBP,SC-Economic,,FlashLoan price manipulation,DeFiHackLabs entry (FlashLoan price manipulation),defihacklabs,https://github.com/SunWeb3Sec/DeFiHackLabs/blob/main/past/2022/README.md,1
2022-10-16,MetaverseToken,487042.0,0.0,487042.0,,DEX,CPBP,SC-Economic,,Exploit/Flash Loan Attack/Flash Loan Attack,"Quick Summary MetaverseToken was exploited by a flash loan attack. The attacker profited 487,042 $USD and sent the stolen funds to other EOA addresses. Details of the Exploit MetaverseToken is BEP20 token trading on PancakeSwap and can't be confused with other tokens with the same MT symbol. The attacker took a flash loan for 406,405 $BUSD and used the funds to exploit $MT token. The attacker was able to withdraw 893,447 $BUSD after some operations and paid back the flash loan. The total profit ",defi_rekt,https://de.fi/rekt-database?id=3227,1
2022-10-17,PlantWorld,24483.0,0.0,24483.0,,DEX,CPBP,SC-Economic,,Exploit/Flash Loan Attack/Flash Loan Attack,"Quick Summary PlantWorld was exploited by a flash loan attack. The hacker profited for 24483 $USD. Details of the Exploit PlantWorld is BEP20 token trading on PancakeSwap and can't be confused with other tokens with the same PLTD symbol. The attacker took 666,000 $BUSD as a flash loan and bought 1,570,000 $PLTD tokens using a smart contract with an unverified source code. Consequently, $PLTD tokens were used to manipulate inner variables and a large amount of additional $PLTD was used to drain t",defi_rekt,https://de.fi/rekt-database?id=3226,1
2022-10-18,PLTD,24000.0,0.0,24000.0,,Other,EF,SC-Technical,,Transfer Logic Flaw,DeFiHackLabs entry (Transfer Logic Flaw),defihacklabs,https://github.com/SunWeb3Sec/DeFiHackLabs/blob/main/past/2022/README.md,1
2022-10-18,MAI Finance / mMarket (Polygon),180000.0,0.0,180000.0,Polygon,Lending,EF,SC-Technical,,Read Only Reentrancy,"During Curve `remove_liquidity()`, `mMAI.borrow()` is called via the `receive()` hook — using a temporarily inconsistent Curve LP price as the oracle",kismp,https://github.com/kismp123/DeFi-Security-Incident/blob/main/2022/2022-10-18_Market_ReadOnlyReentrancy.md,1
2022-10-18,Moola Market,8700000.0,8472100.0,227900.0,Celo,Lending,CPBP,SC-Economic,Ecosystem,Price Oracle Attack,"Quick Summary Moola Market was exploited by price manipulation for 9,100,000 USD. The benevolent hacker returned almost all the funds and took the rest as a bug bounty. Details of the Exploit Moola Market is a decentralized liquidity protocol running on the Celo chain. The protocol was hacked by price manipulation for 9,100,000 $USD. The hacker used low liquidity on the project's $MOO token to raise the token price and used them and the $CELO coin as collateral to borrow a bigger amount of funds","defi_rekt,defillama,rekt,slowmist",https://api.llama.fi/hacks | https://de.fi/rekt-database?id=3228 | https://rekt.news/leaderboard | https://twitter.com/Moola_Market/status/1582588102790434816,4
2022-10-19,Ethereum alarm clock,239647.0,0.0,239647.0,,Other,EF,SC-Technical,,Exploit/Other/Other,"Quick Summary &nbsp; The Ethereum Alarm Clock smart contract was exploited, leading to the theft of $260K in gas fees as of October 2022. Details of the Exploit &nbsp; Hackers exploited a bug in the Ethereum Alarm Clock smart contract code, allowing them to profit on returned gas fees from canceled transactions. They essentially called cancel functions on their contracts with inflated transaction fees, and a bug in the smart contract refunded them a greater value of gas fees than they initially ","defi_rekt,slowmist",https://cointelegraph.com/news/ethereum-alarm-clock-exploit-leads-to-260k-in-stolen-gas-fees-so-far | https://de.fi/rekt-database?id=3416,2
2022-10-20,Health,8800.0,0.0,8800.0,,DEX,CPBP,SC-Economic,,Exploit/Other/Other,Quick Summary Price of the HEALTH token in a Uniswap pool was manipulated allowing the attacker to take a 33 BNB profit.&nbsp; Details of the Exploit The exploit was possible due to a bug in the internal _tranfer() function of the token contract that was causing decrease of HEALTH in the pool.&nbsp; The attack was performed in three transactions. Each transaction involved the following steps:&nbsp; 1. Taking a flash loan of 40 WBNB; 2. Exchanging the borrowed amount to HEALTH; 3. Calling 999 tok,defi_rekt,https://de.fi/rekt-database?id=3289,1
2022-10-21,Bond Protocol,300000.0,0.0,300000.0,Ethereum,Other,EF,SC-Technical,Protocol Logic,Arbitrary External Call,,defillama,https://api.llama.fi/hacks,1
2022-10-21,OlympusDAO (Bond Teller),292000.0,315328.0,0.0,Ethereum Mainnet,Stablecoin,EF,SC-Technical,,Bond Redeem Bypass,"The `redeem()` function did not validate whether the supplied token address was a genuine BondFixedExpiry token, allowing OHM to be drained via a fake token | Quick Summary OlympusDAO exploited by WhiteHat for 315,328 $USD via logic issue of the Bond Protocol contracts Details of the Exploit OlympusDAO is a DAO backed by $OHM tokens and running on the Ethereum chain. The Bond Protocol contract, which hold 315,328 $USD worth of $OHM tokens were siphoned out by the WhiteHat hacker. BondFixedExpiry","defi_rekt,kismp,slowmist",https://de.fi/rekt-database?id=3394 | https://github.com/kismp123/DeFi-Security-Incident/blob/main/2022/2022-10-21_OlympusDAO_BondRedeemBypass.md | https://www.panewslab.com/zh/sqarticledetails/1i3txm4e.html,3
2022-10-23,Layer2DAO,190185.0,119251.0,70934.0,,DEX,EF,SC-Technical,,Exploit/Access control/Access Control,"Quick Summary Layer2DAO investing platform was exploited. The hacker compromised the private key of the multi-sig wallet and stole roughly 50,000,000 $L2DAO tokens. Details of the Exploit Layer2DAO is a decentralized investment and staking platform running on the Optimistic chain. The project's multi-sig wallet was compromised. The attacker was able to steal 49,950,000 $L2DAO tokens. With the effort of the project's team, 31,239,611 $L2DAO tokens were repurchased to secure the token's price. Alt",defi_rekt,https://de.fi/rekt-database?id=3238 | https://de.fi/rekt-database?id=3239,1
2022-10-24,Market,220000.0,0.0,220000.0,,Other,EF,SC-Technical,,Read-only Reentrancy,DeFiHackLabs entry (Read-only Reentrancy),defihacklabs,https://github.com/SunWeb3Sec/DeFiHackLabs/blob/main/past/2022/README.md,1
2022-10-25,ULME Token,50646.0,0.0,50646.0,,DEX,CPBP,SC-Economic,,Exploit/Flash Loan Attack/Flash Loan Attack,"Quick Summary ULME Token was exploited using a flash loan attack. The attacker profited for 50,646 $USD by price manipulation. Details of the Exploit ULME Token is a BEP20 token trading on PancakeSwap. The project was exploited using a flash loan attack. The attacker took 1,225,000 $BUSD as a flash loan from several contracts to manipulate the price of the $ULME token. The profit of the attacker reached 50,646 $USD after paying back a flash loan. Block Data Reference Attacker address: https://bs",defi_rekt,https://de.fi/rekt-database?id=3248,1
2022-10-27,Universe Token,1447175.0,0.0,1447175.0,,DEX,EF,SC-Technical,,Exploit/Access control/Access Control,"Quick Summary UniverseToken was&nbsp; exploited via access control vulnerability. 1,447,175 $USD worth of assets were stolen and transferred through TornadoCash. Details of the Exploit UniverseToken is a DEX on the Binance chain. The project's contract was exploited via access control vulnerability. &nbsp; The $UVT token price dropped by 99% after an incident. The attacker was able to exploit the controller contract with unverified source code and withdraw roughly 100,000,000 $UVT tokens. Conseq",defi_rekt,https://de.fi/rekt-database?id=3244,1
2022-10-27,Team Finance,15800000.0,0.0,15800000.0,Ethereum,DEX,EF,SC-Technical,Protocol Logic,Migrate Function Mistake Exploit,"rekt.news entry; audit=Zokyo Security | The `migrate()` function does not validate the `sqrtPriceX96` parameter, allowing an arbitrary price range to be set when creating a Uniswap V3 position | DeFiHackLabs entry (Liquidity Migration Exploit) | Quick Summary Team Finance was hacked for 13,073,700 $USD due to a migration functionality exploit. The stolen funds currently remain on the attacker's EOA address. Details of the Exploit Team Finance is a DeFi platform providing secure token-locking opp","defi_rekt,defihacklabs,defillama,kismp,rekt,slowmist",https://api.llama.fi/hacks | https://de.fi/rekt-database?id=3245 | https://github.com/SunWeb3Sec/DeFiHackLabs/blob/main/past/2022/README.md | https://github.com/kismp123/DeFi-Security-Incident/blob/main/2022/2022-10-27_TeamFinance_MigrateSqrtPrice.md | https://rekt.news/leaderboard | https://twitter.com/TeamFinance_/status/1585562380591063043,6
2022-10-27,friesDAO,2299999.5,0.0,2299999.5,,DEX,EF,SC-Technical,,Exploit/Access control/Access Control,"Quick Summary On October 27th, an attacker exploited the friesDAO contracts, taking control of the deployer address through a profanity attack vector and drained the treasury of its USDC, resulting in a loss of 2,138,705.403949 USDC, and drained the FRIES tokens in the staking contract and sold them through Uniswap, extracting 120.128930112550592565 ETH ($189,954.761991 at the time). Details of the Exploit The friesDAO contracts were deployed by one address, which had not transferred ownership o","defi_rekt,slowmist",https://de.fi/rekt-database?id=3408 | https://twitter.com/friesdao/status/1585712229067915264,2
2022-10-28,Deri Protocol,144532.0,0.0,144532.0,,DEX,EF,SC-Technical,,Exploit/Other/Other,"Quick Summary Deri Protocol's trading pool on Arbitrum was exploited resulting in a loss of 143,532 $USD. Details of the Exploit On October 28th, 2022, an attack took place on Deri Protocol’s trading pool on Arbitrum. The attacker used two associated accounts to execute the exploit. The attacker added margin to these two accounts and gradually established large opposite positions for option BTCUSD-40000-C for both accounts by trading relatively small volumes for each turn. Due to the low margin ",defi_rekt,https://de.fi/rekt-database?id=3466,1
2022-10-29,DappNode,158343.0,0.0,158343.0,,DEX,EF,SC-Technical,,Exploit/Access control/Access Control,Quick Summary DappNode project's team wallet's private keys were compromised. The hacker was able to withdraw 158343 $USD worth of assets. Details of the Exploit DappNode is a decentralized network-creating tool. The project also has its DAO and ERC20 token $NODE. The project's team wallet's private keys were compromised. The team is announcing that the wallet was created using the Profanity tool. The hacker transferred 58 $ETH and 552 $GNO to an EOA address and then moved through TornadoCash. T,defi_rekt,https://de.fi/rekt-database?id=3250,1
2022-11-01,UEarnPool,2420000.0,0.0,2420000.0,Binance Smart Chain (BSC),Yield,EF,SC-Technical,,Team Reward Create2 Drain,"`claimTeamReward()` reward calculation logic fails to properly validate team staking amounts, enabling excess reward extraction via a CREATE2 hierarchy",kismp,https://github.com/kismp123/DeFi-Security-Incident/blob/main/2022/2022-11_UEarnPool_TeamRewardCreate2Drain.md,1
2022-11-02,Save,1260000.0,0.0,1260000.0,Solana,Lending,CPBP,SC-Economic,Ecosystem,Price Oracle Attack,"Quick Summary Solend protocol was exploited by oracle manipulation. The protocol has suffered 1,260,000 $USD in bad debt. Details of the Exploit Solend is a decentralized lending and borrowing protocol. Oracle manipulation exploits happened on the protocol, resulting in a loss of 1,260,000 $USD. COIN98, Stable, and Kamino pools were affected and have been disabled right after the incident. Block Data Reference COIN98 Pool: https://solscan.io/account/5twXA9pwa6P3pmKz5NRiviffgGT1bqmf5d1dXVxJL895 S","defi_rekt,defillama,slowmist",https://api.llama.fi/hacks | https://de.fi/rekt-database?id=3254 | https://twitter.com/solendprotocol/status/1587671511137398784,3
2022-11-02,Rubic,639835.0,0.0,639835.0,,Bridge,EF,SC-Technical,,Exploit/Access control/Access Control,"Quick Summary Rubic platform was exploited for 79,670 $USD. The attacker compromised private keys and transferred funds to an EOA address. Details of the Exploit Rubic is a DEX aggregator and multichain bridge. The project's wallet on the Binance Chain was exploited via access control. The attacker took 79,670 $USD worth of assets including $BRBC, $BNB, and several stablecoins. All the stolen funds remain on the attacker's EOA address. Block Data Reference Attacker address: https://bscscan.com/a","defi_rekt,slowmist",https://de.fi/rekt-database?id=3253 | https://twitter.com/CryptoRubic/status/1587704890800889858,2
2022-11-02,Skyward Finance,3000000.0,0.0,3000000.0,Near,DEX,EF,SC-Technical,Protocol Logic,Reentrancy,"Quick Summary Skyward Finance was exploited via smart contract vulnerability. Funds loss reached approximately 3,000,000 $USD Details of the Exploit Skyward Finance is a decentralized exchange. The project's treasury was exploited on the NEAR chain. The attacker called redeem_skyward() function multiple times and transferred the funds to another address after an incident. The funds loss is roughly 3,000,000 $USD.&nbsp; Block Data Reference Attacker address: https://explorer.near.org/accounts/5eb","defi_rekt,defillama,rekt,slowmist",https://api.llama.fi/hacks | https://cointelegraph.com/news/skyward-finance-exploit-allegedly-results-in-3-million-loss | https://de.fi/rekt-database?id=3266 | https://rekt.news/leaderboard,4
2022-11-03,pNetwork,7694724.5,4589449.0,3105275.5,BSC,Bridge,EDPM,Cyber-Operational,Protocol Logic,Misconfiguration,"An address on the BNB Chain minted more than $1 billion of pGALA tokens out of thin air, and sold them through PancakeSwap to make a profit. The pGALA contract hacker has made a profit of $4.3 million. One Smart Money address arbitraged nearly $6.5 million in this attack, even more than the attacker&#39;s profit. Multi-link is tweeted by the protocol pNetwork, and the pGALA contract on the BNB Chain needs to be redeployed due to the misconfiguration of the cross-chain bridge. Huobi Global announ","defillama,slowmist",https://api.llama.fi/hacks | https://twitter.com/pNetworkDeFi/status/1588266897061031936,2
2022-11-06,MooCakeCTX,140000.0,0.0,140000.0,,Yield,CPBP,SC-Economic,,Exploit/Flash Loan Attack/Flash Loan Attack,"Quick Summary MooCakeCTX was exploited via a flash loan attack. The attacker's profit reached 122,960 $USD. Details of the Exploit MooCakeCTX is a yield protocol on the Binance Chain. The protocol supports $CAKE deposits for $mooCakeCTX. The attacker took 400,000 $BUSD as a flash loan and exploited the protocol's smart contract for 424 $BNB. The attacker's malicious smart contract bypassed isContract() function check by performing actions on the constructor and got rewards as $mooCakeCTX tokens ","defi_rekt,defihacklabs,slowmist",https://de.fi/rekt-database?id=3261 | https://github.com/SunWeb3Sec/DeFiHackLabs/blob/main/past/2022/README.md | https://www.panewslab.com/zh/sqarticledetails/vb6aozpr.html,3
2022-11-06,King Tribe,997086.0,0.0,997086.0,,DEX,IF,Cyber-Operational,,Exit Scam/Rugpull/Rugpull,"Quick Summary King Tribe was rugpulled by the token deployer-related EOA addresses. The total drained amount reached 997,086 $USD. Details of the Exploit KingTribe is NFT and a BEP20 token on the Binance chain. The $KTB token price dropped by more than 95% after several EOA addresses drained the liquidity from the PancakeSwap pool. The scammers received $KTB tokens from the token deployer. All the stolen amount was collected to a certain EOA address which sent the funds to an address labeled ""me",defi_rekt,https://de.fi/rekt-database?id=3275,1
2022-11-06,Pando Rings,22000000.0,0.0,22000000.0,Mixin,Lending,CPBP,SC-Economic,Ecosystem,Price Oracle Attack,,defillama,https://api.llama.fi/hacks,1
2022-11-08,Abracadabra Money,110911.0,0.0,110911.0,,Lending,CPBP,SC-Economic,,Exploit/Oracle Issue/Oracle Issue,"Quick Summary Abracadabra Money was exploited via the oracle issue. The attacker used temporarily $MIM depegging and profited for 110,911 $USD. Details of the Exploit Abracadabra.Money is a decentralized protocol providing staking, lending, and borrowing opportunities. The protocol's lending pool was exploited via the oracle issue. Temporarily depegging of $MIM stablecoin allowed the attacker to withdraw 110,911 $MIM tokens at nearly zero cost using a deployed smart contract with unverified sour",defi_rekt,https://de.fi/rekt-database?id=3271,1
2022-11-08,Kashi,110000.0,0.0,110000.0,,Lending,EF,SC-Technical,,Price-caching Design Defect,DeFiHackLabs entry (Price-caching Design Defect),defihacklabs,https://github.com/SunWeb3Sec/DeFiHackLabs/blob/main/past/2022/README.md,1
2022-11-09,BrahTOPG,89522.0,0.0,89522.0,,DEX,EF,SC-Technical,,Arbitrary External Call Vulnerability,"DeFiHackLabs entry (Arbitrary External Call Vulnerability) | Quick Summary Brahma protocol was exploited due to the smart contract vulnerability. The attacker drained user funds for 89,522 $USD. Details of the Exploit Brahma Finance is a crosschain yield and hedge protocol. The project's Zapper contract was exploited via smart contract vulnerability. The attacker used the deployed unverified smart contract to exploit the logic of the Zapper contract to drain $USDC from three users. The stolen am","defi_rekt,defihacklabs,slowmist",https://de.fi/rekt-database?id=3272 | https://github.com/SunWeb3Sec/DeFiHackLabs/blob/main/past/2022/README.md | https://twitter.com/SlowMist_Team/status/1590685173477101570,3
2022-11-10,DFX V2,7500000.0,204800.0,7295200.0,Ethereum,DEX,BDSF,Blockchain-Infrastructure,Protocol Logic,Reentrancy,"Missing `nonReentrant` on `flash()` — the callback executes with no reentrancy lock, allowing `deposit()` to be called while flash-loaned tokens are still held by the contract, minting LP tokens against an artificially inflated balance | Quick Summary DFX Finance was exploited due to a flashloan vulnerability. The attacker siphoned off 4,445,279 $USD worth of assets, and an MEV bot was able to frontrun the hacker for the additional 3,200,000 $USD. Details of the Exploit DFX Finance is a trading ","defi_rekt,defillama,kismp",https://api.llama.fi/hacks | https://de.fi/rekt-database?id=3263 | https://github.com/kismp123/DeFi-Security-Incident/blob/main/2022/2022-11-10_DFX_FlashDepositReentrancy.md,3
2022-11-11,DFXFinance,231138.0,0.0,231138.0,,DEX,CPBP,SC-Economic,,Reentrancy Attack,"The DFX Finance project on the ETH chain was attacked, and the attackers made a profit of about $231,138. According to SlowMist analysis, the main reason for this attack is that the Curve contract flash loan function does not have re-entrancy protection, which causes the attack to re-enter the deposit function to transfer tokens to judge the balance of flash loan repayments. The account so that the attacker can successfully withdraw money to profit.",slowmist,https://www.odaily.news/newsflash/304558,1
2022-11-13,DeFiAi,22086823.0,0.0,22086823.0,,Yield,IF,Cyber-Operational,,Exit Scam/Rugpull/Rugpull,"Quick Summary DeFiAi protocol was rugged by using a backdoor in the farm contract with a profit of more than 4M $USD. Details of the Exploit DeFiAI is a yield aggregator and the first DEX run by AI. The project was rugpulled for 4,173,646 $USD. The funds were drained from the project's contract with unverified source code and distributed between 10 EOA addresses and then transferred through FixedFloat and MexcGlobal. The project announced on Twitter that they were ""hacked"" and will rebase the re","defi_rekt,slowmist",https://de.fi/rekt-database?id=3333 | https://twitter.com/MistTrack_io/status/1592023899558285312,2
2022-11-18,Polynomial Protocol,7000.0,0.0,7000.0,,Derivatives,EF,SC-Technical,,Exploit/Other/Other,Quick Summary The attacker could drain USDC balances of user addresses that approved their tokens to be spent by the PolynomialZap contract.&nbsp; Details of the Exploit The swapAndDeposit() function of the PolynomialZap contract contains a bug: there are no limitations for two input parameters - swapTarget and swapData. This allows anyone to abuse the function and steal tokens approved to the contact.&nbsp; All tokens that are approved to the vulnerable contract are still in danger.&nbsp; Block,defi_rekt,https://de.fi/rekt-database?id=3290,1
2022-11-21,Safuu Protocol,6073083.0,0.0,6073083.0,,Yield,IF,Cyber-Operational,,Exit Scam/Rugpull/Rugpull,"Quick Summary Safuu Protocol was rugpulled by the project-related EOA address. 6,000,000 $USD worth of $SAFUU tokens were swapped to $BUSD and transferred to another EOA address. Details of the Exploit Safuu Protocol is a Yield Aggregator providing compounding opportunities. The project-related EOA addresses labeled ""Safuu: Auto Liquidity"" and ""Safuu: Insurance Fund"" started transferring $SAFUU tokens to ""Safuu: Treasury"" address on 21 November. The transferred tokens were swapped to $BUSD and s",defi_rekt,https://de.fi/rekt-database?id=3278,1
2022-12-02,Ankr \u0026 Helio,24000000.0,0.0,24000000.0,,Derivatives,EF,SC-Technical,,,rekt.news entry; audit=N/A,rekt,https://rekt.news/leaderboard,1
2022-12-02,Ankr Protocol / Helio Money,19500000.0,0.0,19500000.0,BSC (Binance Smart Chain),Stablecoin,CPBP,SC-Economic,,Helio,"Ankr's aBNBc contract deployer private key was compromised (likely via infrastructure breach), allowing unlimited aBNBc minting. A secondary attack on Helio exploited the time lag between the aBNBc depeg and Helio's oracle price update to borrow HAY at the pre-crash aBNBc price | After the attack on Ankr’s aBNBc token, an address exchanged 10 BNB for 15.5 million BUSD with the help of the Ankr vulnerability, resulting in the emptying of the Hay liquidity pool. Another user made a profit through ","kismp,slowmist",https://github.com/kismp123/DeFi-Security-Incident/blob/main/2022/2022-12-02_Ankr_Helio_UnauthorizedMint_BSC.md | https://rekt.news/ankr-helio-rekt/,2
2022-12-02,Ankr,5000000.0,5000000.0,0.0,BSC,Derivatives,EF,SC-Technical,Protocol Logic,Access Control Exploit,"Quick Summary Ankr protocol was exploited by private key compromisation. The attacker replaced contract implementation and was able to mint aBNBc tokens infinitely.&nbsp; Details of the Exploit Ankr is a decentralized infrastructure with a rich ecosystem. The staking contract of the protocol on the Binance Smart Chain was exploited using access control vulnerability. The attacker replaced the implementation for the staking proxy with an unverified malicious contract. Consequently, the malicious ","defi_rekt,defillama,slowmist",https://api.llama.fi/hacks | https://de.fi/rekt-database?id=3287 | https://twitter.com/ankr/status/1598624443642703872,3
2022-12-04,Lymex,301754.0,0.0,301754.0,,DEX,IF,Cyber-Operational,,Exit Scam/Rugpull/Rugpull,Quick Summary 46.6M LYM were dumped on Pancakeswap by the attacker.&nbsp; Details of the Exploit The attacker received 46.6M LYM tokens from a proxy contract with unverified implementation (0xbC8054Ab4Bb4E60a13eDE09854F7957FF16D9679) through calling the claimStaticReward() function. All the received tokens have been sold off on the DEX. &nbsp; &nbsp; Block Data Reference The attacker address: https://bscscan.com/address/0x00e6392f9ae5d022e30ff406830bb9b3bed6993e#tokentxns The attack transaction:,defi_rekt,https://de.fi/rekt-database?id=3294,1
2022-12-10,Lodestar V0,6500000.0,0.0,6500000.0,Arbitrum,Lending,CPBP,SC-Economic,Ecosystem,Flashloan Price Oracle Attack,"rekt.news entry; audit=Unaudited | Donating sGLP directly into the plvGLP vault via the GLP `donate()` function inflates the plvGLP price, enabling an attacker to borrow all assets from Lodestar using the manipulated collateral | Quick Summary Lodestar protocol was exploited via price feed oracle vulnerability. plvGLP price was manipulated which led to the protocol liquidity draining. Details of the Exploit Lodestar Finance is a borrowing and lending protocol, based on the Compound fork, initial","defi_rekt,defillama,kismp,rekt,slowmist",https://api.llama.fi/hacks | https://de.fi/rekt-database?id=3288 | https://github.com/kismp123/DeFi-Security-Incident/blob/main/2022/2022-12-10_Lodestar_GLP_PriceManipulation.md | https://rekt.news/leaderboard | https://twitter.com/LodestarFinance/status/1601686921566375936,5
2022-12-13,ElasticSwap,850000.0,520650.0,329350.0,"Avalanche,Ethereum",DEX,CPBP,SC-Economic,Ecosystem,Price Oracle Attack,"`addLiquidity()`/`removeLiquidity()` functions allow discrepancies between internal balance tracking and actual reserves, enabling a 100x reserve imbalance through a combination of imbalanced liquidity additions/removals and `swapQuoteTokenForBaseToken()` | Quick Summary On the 13th of December, 2022, Elastic Swap was hacked on the Avalanche and Ethereum Chain using a calculation issue. The malicious actor stole worth around 850k USD. Details of the Exploit The attack was possible in the reason ","defi_rekt,defillama,kismp",https://api.llama.fi/hacks | https://de.fi/rekt-database?id=3297 | https://github.com/kismp123/DeFi-Security-Incident/blob/main/2022/2022-12_ElasticSwap_LiquidityManipulation.md,3
2022-12-14,Nimbus DAO,76000.0,0.0,76000.0,,Yield,CPBP,SC-Economic,,Exploit/Flash Loan Attack/Flash Loan Attack,"Quick Summary Nimbus DAO protocol was exploited via FlashLoan attack. The attacker stole worth around $76,000 USD.&nbsp; Details of the Exploit The flashloan was used for the price oracle manipulation and the NIMB/NBU_WBNB pool was affected. Exploit led to the unfair reward distribution in getReward() function. In case, of computation of the token reward is proportional to the ratio of $NIMB and $GNIMB in the pool, the ratio of Nimbus Utility tokens to Nimbus Governance tokens was broken. To rep",defi_rekt,https://de.fi/rekt-database?id=3295,1
2022-12-16,Raydium AMM,4400000.0,0.0,4400000.0,Solana,DEX,EF,SC-Technical,Infrastructure,Private Key Compromised (Unknown Method),"rekt.news entry; audit=N/A | Raydium's AMM program contained a privileged `withdraw_pnl()` admin function to collect trading fees; the attacker compromised the admin private key and called this function to drain collected fees, then exploited a secondary function to withdraw LP token reserves beyond the intended fee amounts | Quick Summary The private key of&nbsp; the Pool Owner account&nbsp; &nbsp;was compromised. The attacker drained nine Raydium’s constant product liquidity pools having stole","defi_rekt,defillama,kismp,rekt,slowmist",https://api.llama.fi/hacks | https://de.fi/rekt-database?id=3293 | https://github.com/kismp123/DeFi-Security-Incident/blob/main/2022/2022-12-16_Raydium_OwnerPrivilege_SOL.md | https://rekt.news/leaderboard | https://twitter.com/RaydiumProtocol/status/1603860540153028625,5
2022-12-24,Defrost,9000000.0,12000000.0,0.0,Avalanche,Lending,IF,Cyber-Operational,Rugpull,Oracle Manipulation,"LSW's `flashLoan()` lacked a reentrancy guard; the attacker's `onFlashLoan()` callback called `deposit()` while the flash loan was still in-flight, minting shares against the pre-repayment USDC balance and then redeeming them for more USDC than deposited (reentrancy via flash loan callback enabling double-counting of vault assets) | Quick Summary Defrost has been hacked with losses reaching $12M. The protocol’s V1 and V2 have been affected. There are suspects the attack was an insider job. Detai","defi_rekt,defillama,kismp,slowmist",https://api.llama.fi/hacks | https://de.fi/rekt-database?id=3296 | https://foresightnews.pro/article/detail/22019 | https://github.com/kismp123/DeFi-Security-Incident/blob/main/2022/2022-12-23_Defrost_LSW_DepositRedeemManipulation.md,4
2022-12-25,Rubic,1405000.0,0.0,1405000.0,Ethereum,Bridge,EF,SC-Technical,Protocol Logic,Router Exploit,"Quick Summary USDC balances of Rubic’s users have been drained. The current losses reached $1.42M. &nbsp; Details of the Exploit All USDC approved to the RubicProxy contract got under the risk of being drained after the USDC address was added into the list of available routers in the RubicProxy contract. Through the routerCallNative() &nbsp;function, the attacker could call safeTransferFrom() on the USDC contract inputting user addresses, which have approved their USDC balances to be spent by Ru","defi_rekt,defillama,kismp,slowmist",https://api.llama.fi/hacks | https://de.fi/rekt-database?id=3300 | https://foresightnews.pro/news/h5Detail/15051 | https://github.com/kismp123/DeFi-Security-Incident/blob/main/2022/2022-12-25_Rubic_RouterCallNativeArbitraryCall.md,4
2022-12-26,Amun,300000.0,0.0,300000.0,Ethereum,Yield,EF,SC-Technical,Protocol Logic,Controlled Rebalance Manipulation,,defillama,https://api.llama.fi/hacks,1
2022-12-29,Jaypeggerz,18384.0,0.0,18384.0,,DEX,CPBP,SC-Economic,,Exploit/Flash Loan Attack/Flash Loan Attack,"Quick Summary Jaypeggerz project was exploited via a flash loan attack, resulting in the loss of 18384 $USD. Details of the Exploit Jaypeggerz ($JAY) is an ERC-20 token trading on Uniswap. Jaypeggerz experienced a flash loan exploit. The attacker borrowed $ETH from Balancer using their smart contract and used it&nbsp; to manipulate the price of $JAY tokens on Uniswap by buying them up at low prices and selling them back at inflated prices. The attacker then returned the borrowed funds after comp",defi_rekt,https://de.fi/rekt-database?id=3458,1
2022-12-30,Snowflake,468000.0,0.0,468000.0,,DEX,IF,Cyber-Operational,,Exit Scam/Rugpull/Rugpull,"Quick Summary Snowflake finance was rug pulled. An EOA address was able to remove liquidity from the Snowflake pools for a total of 468,000 $USD due to the backdoor functionality in the protocol.&nbsp; Details of the Exploit The Snowflake Exchange protocol is a single-side AMM (decentralized exchange) designed for exchanging stable cryptocurrencies (USDT, USDC, DAI). All protocols contracts are built using a Proxy upgradability pattern. In that case, the project admin has the ability to change i",defi_rekt,https://de.fi/rekt-database?id=3310,1
2022-12-31,Dictum Exchange,2100000.0,0.0,2100000.0,,DEX,IF,Cyber-Operational,,Exit Scam/Rugpull/Rugpull,"Quick Summary Dictum Exchange has rugged pulled. On the 31st of Dec 2022, just after airdropping its $DIC token, the project shut down all of its social networks and performed hard rug from unverified proxy liquidity pool&nbsp; contracts. Details of the Exploit The protocol built on the Arbitrum network Dictum Exchange performed hard rug from its LPs.&nbsp; Most of the contracts of the protocol are built using a proxy upgradeability pattern. In this case, it allows deploying new implementations ",defi_rekt,https://de.fi/rekt-database?id=3311,1
2023-01-03,GDS Chain,187000.0,0.0,187000.0,,DEX,CPBP,SC-Economic,,Exploit/Flash Loan Attack/Flash Loan Attack,"Quick Summary On January 3, 2023, a flash loan attack occurred on the GDS chain, resulting in a total loss of $187,000 and an 84% decline in the price of GDS currency. Details of the Exploit The attacker, identified by their address as 0xcf2362, used a flash loan to borrow 2.38 million $USDT and traded 0.6 million $USDT for 3.4 million $GDS tokens using a pancake swap. The attacker then obtained a large amount of LP tokens using the remaining $1.7 million in USDT from the liquidity pool. There w",defi_rekt,https://de.fi/rekt-database?id=3412,1
2023-01-03,GDS Token,180000.0,0.0,180000.0,BSC (BNB Smart Chain),Other,EF,SC-Technical,,Business Logic,"`pureUsdtToToken()` reward function burns GDS while distributing LP tokens — GDS burning manipulates pool ratio, inflating LP value; claimed repeatedly via multiple clone contracts | BlockSec entry (Business Logic Flaw): tx=0x2bb704e0.. attacker=0xcf2362b4..","blocksec,kismp",https://blocksec.com/security-incident?hash=0x2bb704e0d158594f7373ec6e53dc9da6c6639f269207da8dab883fc3b5bf6694 | https://github.com/kismp123/DeFi-Security-Incident/blob/main/2023/2023-01-03_GDSToken_BusinessLogic_BSC.md | https://twitter.com/BlockSecTeam/status/1610167174978760704,2
2023-01-07,Mycelium,300000.0,0.0,300000.0,,DEX,EF,SC-Technical,,Exploit/Other/Other,"Quick Summary Mycelium ETH/USDT pool suffered a loss of ~300K due to an arbitrage bot attack. Details of the Exploit An attack by arbitrage bots caused a loss of around $300,000 to the Mycelium ETH/USDT pool. The bots identified a significant price difference in the ETH prices on the platform and took advantage of the liquidity. This price discrepancy was due to the highly volatile ETH/USDT trading pair price, which was broadcasted by the Bitfinex API at approximately 02:45 AM AEST time. Meanwhi","defi_rekt,slowmist",http://yjzljc.com/kuaixun/12696198.html | https://de.fi/rekt-database?id=3337,2
2023-01-11,Roe Finance,80000.0,0.0,80000.0,"Ethereum,Polygon",Lending,CPBP,SC-Economic,Ecosystem,Flashloan Pool Shares Exploit,"Quick Summary ROE Finance was exploited on 11th, January 2023. The exploiter's profit is about $80k USD.&nbsp; Details of the Exploit RoeFinance, a decentralized finance (DeFi) protocol, recently suffered an attack resulting in the drain of its victim pool (0x574f) and a total loss of approximately $80K. This type of attack, known as price manipulation, was made possible by the limited liquidity of the pool, which led to the manipulation of the price oracle. The attack involved the use of two ad","defi_rekt,defillama",https://api.llama.fi/hacks | https://de.fi/rekt-database?id=3340,2
2023-01-12,RoeFinance,80000.0,0.0,80000.0,,Lending,CPBP,SC-Economic,,Price Manipulation,"RoeFinance was attacked. The victim pool (0x574f) has just been emptied, with a total loss of about $80000. This is a typical price manipulation attack.",slowmist,https://twitter.com/BlockSecTeam/status/1613267000913960976,1
2023-01-16,LendHub,6000000.0,0.0,6000000.0,Heco,Lending,EF,SC-Technical,Protocol Logic,Collateral Offboarding Mistake,"Quick Summary The LendHub lending protocol on the Heco&nbsp; network was exploited for about $6M USD.&nbsp; Details of the Exploit The vulnerability was in lBSV contract duplication. Both versions of it were active, thus the hacker after depositing to the old version was able to borrow in the new market. It allows the flow of the minting and redemption process to be exploited and brings a profit worth 6M USD. After that, the attacker started bridging assets to other chains like Ethereum and Opti","defi_rekt,defillama,slowmist",https://api.llama.fi/hacks | https://de.fi/rekt-database?id=3315 | https://www.panewslab.com/zh/sqarticledetails/obl5l5ms.html,3
2023-01-17,Midas Capital,650000.0,0.0,650000.0,Polygon,Lending,CPBP,SC-Economic,Ecosystem,Flashloan Reentrancy Attack,"rekt.news entry; audit=Out of scope | BlockSec entry (Vulnerable Price Dependency): tx=0x00534902.. attacker=0x1863b747.. | Quick Summary Midas Capital protocol was exploited via a flashloan attack. The attacker stole worth around $650k USD. Details of the Exploit Midas Capital protocol smart contract was exploited using multiple patterns such as flashloan, reentrancy, and code logic issues. Flashloan, taken, from the balancerV2 pool was used to perform an attack on the Midas pool. The logic of ","blocksec,defi_rekt,defillama,rekt,slowmist",https://api.llama.fi/hacks | https://blocksec.com/security-incident?hash=0x0053490215baf541362fc78be0de98e3147f40223238d5b12512b3e26c0a2c2f | https://de.fi/rekt-database?id=3316 | https://rekt.news/leaderboard | https://twitter.com/BlockSecTeam/status/1614864084956254209 | https://twitter.com/MidasCapitalxyz/status/1615407372402585601,5
2023-01-17,YieldRobot,2100000.0,0.0,2100000.0,,Yield,IF,Cyber-Operational,,Exit Scam/Rugpull/Rugpull,"Quick Summary The Yield Robot contract on the Binance Smart Chain was rug pulled with a profit worth $2.1M USD. Details of the Exploit The Yield Robot contract on the Binance Smart Chain was drained of $2.1 million on January 17th, 2023. The project team initially announced it was exploited, but further investigation shows evidence of an exit scam. The incident was possible due to a change in the signer wallet, which allowed the attacker to redeem a coupon that would otherwise have been rejected",defi_rekt,https://de.fi/rekt-database?id=3328,1
2023-01-19,Thoreum Finance,580000.0,0.0,580000.0,,Yield,EF,SC-Technical,,Exploit/Access control/Access Control,"Quick Summary The Thoreum Finance protocol was exploited due to the private key leaking. &nbsp;Estimated losses are about $580,000 USD. Details of the Exploit The Thoreum Finance protocol was exploited, most likely it was an access control issue. Thus, the explorer had the ability to redeploy the proxy contract implementation with malicious logic inside. Approximately 500,000 THOREUM tokens were minted and swapped to WBNB. After that funds were transferred through tornado cash mixer. Block Data ","defi_rekt,slowmist",https://de.fi/rekt-database?id=3320 | https://www.panewslab.com/zh/sqarticledetails/chr92pfw.html,2
2023-01-20,FFF,1030000.0,0.0,1030000.0,,Other,IF,Cyber-Operational,,Insider Manipulation,"It is reported that the FFF token deployed on the BSC has an abnormal additional issue event. This event is that the administrator of the original project party purchased the additional issue through the pre-set additional issue contract, and then sold the additional issued tokens and transferred the acquired assets in part. More than US $1.03 million of FFF tokens were sold in this issue.",slowmist,https://www.panewslab.com/zh/sqarticledetails/11pl2td6.html,1
2023-01-21,Omm,1895500.0,0.0,1895500.0,Icon,Lending,EF,SC-Technical,Protocol Logic,Redeem Function Exploit,"Quick Summary On January 21 2023 Omm Protocol was exploited. The hacker withdrew about $1.9M in IUSDC, USDS, bnUSD, and sICX tokens.&nbsp; Details of the Exploit On January 21 a hacker exploited a vulnerability in Omm by deploying a harmful contract. The hacker carried out 18 malicious transactions and was able to steal IUSDC, USDS, and bnUSD collateral that did not belong to them. They then used the stolen USDS as collateral to borrow sICX. The bug was located in the Redeem function, which acce","defi_rekt,defillama",https://api.llama.fi/hacks | https://de.fi/rekt-database?id=3329,2
2023-02-01,BonqDAO,120000000.0,0.0,120000000.0,Polygon,Lending,CPBP,SC-Economic,Protocol Logic,Price Oracle Attack,rekt.news entry; audit=Out of scope | BlockSec entry (Vulnerable Price Dependency): tx=0xa02d0c3d.. attacker=0xcacf2d28..; tx=0x31957ecc.. attacker=0xcacf2d28..; tx=0xd276b1dd.. attacker=0xcacf2d28.. | wALBT price manipulation by a single Tellor reporter (no TWAP protection) | Quick Summary The BonqDAO and AllianceBlock suffered a loss of $120 million due to a vulnerability in the BonqDAO smart contract. Trading and liquidity have been suspended to prevent the stolen tokens from being converted ,"blocksec,defi_rekt,defillama,kismp,rekt,slowmist",https://api.llama.fi/hacks | https://blocksec.com/security-incident?hash=0xa02d0c3d16d6ee0e0b6a42c3cc91997c2b40c87d777136dedebe8ee0f47f32b1 | https://de.fi/rekt-database?id=3327 | https://github.com/kismp123/DeFi-Security-Incident/blob/main/2023/2023-02-02_BonqDAO_OracleManipulation_Polygon.md | https://rekt.news/leaderboard | https://twitter.com/BlockSecTeam/status/1621043757390123008 | https://www.theblock.co/post/207799/bonqdao-exploited-for-88-million-allianceblock-tokens-stolen-during-the-exploit,6
2023-02-02,Orion Pools,3000000.0,0.0,3000000.0,BSC,DEX,EF,SC-Technical,Protocol Logic,Reentrancy,"rekt.news entry; audit=Unaudited | BlockSec entry (Reentrancy): tx=0xa6f63fcb.. attacker=0x837962b6..; tx=0xfb153c57.. attacker=0x837962b6.. | Quick Summary Orion protocol was exploited via reentrancy vulnerability with a profit of about 3M $USD. Details of the Exploit Orion Protocol, a decentralized finance (DeFi) protocol that aggregates liquidity from centralized exchanges, recently suffered a reentrancy exploit that resulted in a loss of around $3 million in Ethereum (ETH) on Feb. 2. The att","blocksec,defi_rekt,defillama,rekt,slowmist",https://api.llama.fi/hacks | https://blocksec.com/security-incident?hash=0xa6f63fcb6bec8818864d96a5b1bb19e8bd85ee37b2cc916412e720988440b2aa | https://de.fi/rekt-database?id=3332 | https://rekt.news/leaderboard | https://twitter.com/BlockSecTeam/status/1621263393054420992 | https://www.coindesk.com/business/2023/02/02/orion-protocol-loses-3m-of-crypto-in-trading-pool-exploit/,5
2023-02-03,KLAYswap,1900000.0,0.0,1900000.0,,DEX,EF,SC-Technical,,Exploit/Other/Other,"Quick Summary Exploiters have stolen $1.9m from South Korean cryptocurrency platform KLAYswap using a Border Gateway Protocol (BGP). Details of the Exploit According to reports, the attackers used a Border Gateway Protocol (BGP) hijack to manipulate the network flow and configure it in a way that allowed users connected to KLAYswap to download malicious code from the server sent by the attackers instead of the normal software development kit file or KakaoTalk. When a token-related function was e",defi_rekt,https://de.fi/rekt-database?id=3384,1
2023-02-04,Sperax USD,275000.0,0.0,275000.0,,Stablecoin,EF,SC-Technical,,Exploit/Other/Other,"Quick Summary On Feb. 4, 2023 Sperax USD (USDs) token rebase mechanism was exploited, losing $250,000. Details of the Exploit On February 4th, an attacker exploited the SperaxUSD protocol on Arbitrum, allowing them to increase their token balance to 9.7 billion tokens without providing matching collateral. The attacker was able to liquidate around $300k USDs before being stopped by joint actions of the Sperax team and Arbitrum ecosystem partners. The team identified the attacker's accounts on CE","defi_rekt,slowmist",https://de.fi/rekt-database?id=3354 | https://twitter.com/SperaxUSD/status/1622003045776195587,2
2023-02-05,Degen Millionares Club,17259.0,0.0,17259.0,,DEX,EF,SC-Technical,,Exploit/Access control/Access Control,"Quick Summary The Degen Millionaires Club lost about 60 $BNB due to a flaw in their smart contract. Details of the Exploit Degen Millionaires Club is a token sniper project on the Binance chain. The project's token DMC is trading on PancakeSwap. On February 5, 2023, the Degen Millionaires Club project was hacked, which allowed free minting for any external caller. During the investigation of the attack, it was discovered that the access restriction to mintFromStaking() had been seriously breache",defi_rekt,https://de.fi/rekt-database?id=3353,1
2023-02-07,CowSwap,166000.0,0.0,166000.0,Ethereum,DEX,EF,SC-Technical,,Approval Abuse,Unlimited token approvals granted to the SwapGuard contract could be drained via malicious interactions,kismp,https://github.com/kismp123/DeFi-Security-Incident/blob/main/2023/2023-02-07_CowSwap_ApprovalAbuse.md,1
2023-02-07,CoW Swap,160000.0,0.0,160000.0,,DEX,EF,SC-Technical,,Exploit/Other/Other,"Quick Summary On Feb. 7, the CoW Swap fee manager contract was drained of worth 160k $USD. Details of the Exploit The CoW Swap uses external resolvers for swap routing to find the best exchange way. The solver also receives a protocol fee. &nbsp;granted approval for the malicious contract. 27 Feb the malicious contract was approved by the whitelisted solver. After that, the hacker received an opportunity to drain the fee collector contract. Block Data Reference Exploit TX:&nbsp; https://ethersca",defi_rekt,https://de.fi/rekt-database?id=3355,1
2023-02-09,Umami Finance,380000.0,0.0,380000.0,,Yield,IF,Cyber-Operational,,Rug Pull,"Umami Finance, a DeFi protocol on Arbitrum, offers yield products to institutional clients. On January 31, they announced they were suspending yields, saying they were concerned about regulatory tactics. Soon after, the project CEO started dumping tokens on the market, cashing out 44,000 UMAMI tokens. These were ostensibly priced at $800,000, and although the sell-off sent UMAMI prices crashing by more than 60%, the CEO still netted around $380,000 in USDC.",slowmist,https://protos.com/defi-protocol-umami-finance-sours-as-ceo-goes-rogue-and-core-team-quits/,1
2023-02-10,dForce Lending,3650000.0,0.0,3650000.0,"Arbitrum,Optimism",Lending,EF,SC-Technical,Protocol Logic,Reentrancy,"rekt.news entry; audit=Out of scope | Stale `virtual_price` used during Curve wstETH/ETH pool ETH callback (read-only reentrancy) | BlockSec entry (Vulnerable Price Dependency): tx=0x6c197621.. attacker=0xe0d55101..; tx=0x5db5c240.. attacker=0xe0d55101.. | Quick Summary On February 10th, the dForce protocol was exploited, and the attacker made a profit worth 3.65 million dollars.&nbsp; Details of the Exploit On February 10th, the DeFi aggregator platform dForcenet was attacked and the attacker m","blocksec,defi_rekt,defillama,kismp,rekt,slowmist",https://api.llama.fi/hacks | https://blocksec.com/security-incident?hash=0x6c19762186c9f32c81eb2a79420fc7ad4485aa916cab37ec278b216757bfba0d | https://de.fi/rekt-database?id=3331 | https://github.com/kismp123/DeFi-Security-Incident/blob/main/2023/2023-02-09_dForce_ReadOnlyReentrancy_ARB.md | https://rekt.news/leaderboard | https://twitter.com/BlockSecTeam/status/1623901011680333824 | https://twitter.com/dForcenet/status/1623904209161830401,6
2023-02-10,SushiSwap,26000.0,0.0,26000.0,,DEX,CPBP,SC-Economic,,Price Manipulation,"SushiSwap&#39;s BentoBoxv1 contract was attacked, and the hacker made a profit of about $26,000. According to analysis, the attack is due to the Kashi Medium Risk ChainLink price update later than the mortgage/loan. In the two attack transactions, the attacker flashloaned 574,275 and 785,560 xSUSHI respectively. After mortgage and loan, the price of kmxSUSHI/USDT in LINK Oracle dropped by 16.9%. By exploiting this price gap, the attacker can call the liquidate() function to liquidate and obtain ",slowmist,https://www.panewslab.com/zh/sqarticledetails/dw2h404u.html,1
2023-02-15,Multichain,138663.0,0.0,138663.0,,DEX,BDSF,Blockchain-Infrastructure,,Exploit/Other/Other,"Quick Summary Multichain Protocol encountered a front-run attack resulting in the loss of 147,326 $USD worth of $ETH&nbsp; Details of the Exploit Multichain is an infrastructure designed to support arbitrary cross-chain interactions. On February 15, 2023, the AnyswapV4Router contract of Multichain encountered a front-run attack, during which the attacker made a profit of 87 $ETH, worth approximately 147,326 $USD at the moment.&nbsp; The vulnerability occurred because the attacker used an MEV con","defi_rekt,slowmist",https://de.fi/rekt-database?id=3343 | https://www.panewslab.com/zh/sqarticledetails/543vc392.html,2
2023-02-16,Platypus Finance,8500000.0,2400000.0,6100000.0,Avalanche,DEX,CPBP,SC-Economic,Ecosystem,Flashloan Reentrancy Attack,"BlockSec entry (Business Logic Flaw): tx=0x1266a937.. attacker=0xeff003d6.. | Quick Summary Platypus Finance protocol was exploited via flash loan attack for 8,500,887 $USD. The attacker managed to bridge the part of the stolen amount. Details of the Exploit Platypus Finance is an AMM that provides stableswap opportunities. The attacker exploited multiple asset contracts of the protocol, using a malicious smart contract with unverified source code. 8,500,887 $USD worth of assets in stablecoins s","blocksec,defi_rekt,defillama,rekt,slowmist",https://api.llama.fi/hacks | https://blocksec.com/blog/5-platypus-finance-surviving-three-attacks-with-a-stroke-of-luck | https://blocksec.com/security-incident?hash=0x1266a937c2ccd970e5d7929021eed3ec593a95c68a99b4920c2efa226679b430 | https://de.fi/rekt-database?id=3338 | https://rekt.news/leaderboard | https://twitter.com/Platypusdefi/status/1626396538611310592,5
2023-02-18,Revert Finance,29500.0,30000.0,0.0,,Yield,IF,Cyber-Operational,,Exit Scam/Abandoned/Abandoned,"Quick Summary Revert Finance was exploited via the allowances issue. Roughly 30,000 $USD worth of funds were stolen from the user's wallets. Details of the Exploit Revert Finance is a Yield Aggregator which provides tools for various AMMs in four chains - Ethereum, Polygon, Arbitrum, and Optimism. The project's V3Utils contract that was deployed on 3 February 2023 was exploited, allowing the attacker to drain user funds. The total stolen amount is nearly 30,000 $USD, where the majority is 22,983","defi_rekt,slowmist",https://de.fi/rekt-database?id=3359 | https://twitter.com/revertfinance/status/1627490043026890752,2
2023-02-20,Dexible V2,2000000.0,0.0,2000000.0,"Ethereum,Arbitrum",DEX,EF,SC-Technical,Protocol Logic,Arbitrary External Call,"rekt.news entry; audit=Unaudited | The `RouterRequest.router` parameter in `selfSwap()` is not validated, allowing an attacker to call arbitrary contracts and drain tokens that victims had previously `approve`d | BlockSec entry (Arbitrary Call): tx=0x138daa4c.. attacker=0x684083f3.. | Quick Summary Exchange aggregator Dexible was exploited resulting in the loss of over $2,000,000 worth of $ETH Details of the Exploit Dexible is a multichain exchange aggregator, that provides a CEX trading experie","blocksec,defi_rekt,defillama,kismp,rekt,slowmist",https://api.llama.fi/hacks | https://blocksec.com/security-incident?hash=0x138daa4cbeaa3db42eefcec26e234fc2c89a4aa17d6b1870fc460b2856fd11a6 | https://de.fi/rekt-database?id=3342 | https://github.com/kismp123/DeFi-Security-Incident/blob/main/2023/2023-02-17_Dexible_ArbitraryCall_ETH.md | https://rekt.news/leaderboard | https://twitter.com/MevRefund/status/1626450002254958592 | https://www.panewslab.com/zh/sqarticledetails/y4jol3pw.html,6
2023-02-21,Kujira,260000.0,0.0,260000.0,,Stablecoin,EF,SC-Technical,,Exploit/Other/Other,"Quick Summary Kujira Network was exploited, resulting in more than 236,000 $USD worth of $USK being created.&nbsp; Details of the Exploit Kujira Network is a layer-1 ecosystem. $USK is the stablecoin of the ecosystem. The attacker exploited a previously unknown vulnerability and minted $USK to buy their own $ETH back from themselves at an unusually expensive rate. This exploit caused $230,000 of bad debt to be accrued by this contract.&nbsp; In the USK Margin contract instead of providing collat",defi_rekt,https://de.fi/rekt-database?id=3351,1
2023-02-22,Dynamic,22400.0,0.0,22400.0,,Yield,CPBP,SC-Economic,,Exploit/Reentrancy/Reentrancy,"Quick Summary Dynamic Finance suffered a reentrancy bug attack on February 22, 2023, resulting in a loss of 73 BNB, approximately $22,400. Details of the Exploit Details of the Exploit: The attacker used a reentrancy bug that tricked the deposit tracking system of the StakingDYNA contract. By taking out a large flash loan to borrow $DYNA and depositing it before redeeming the deposit, the attacker was able to earn rewards and pay back the flash loan, resulting in a profit. After withdrawing fund",defi_rekt,https://de.fi/rekt-database?id=3401,1
2023-02-23,FEGToken,280000.0,0.0,280000.0,,DEX,EF,SC-Technical,,Exploit/Other/Other,"Quick Summary FEG Token team is attempting to recover $280,000 in liquidity after an exploit of the project’s migration tool to its upgraded Smart DeFi 2.0 token. Details of the Exploit The FEG Token team is attempting to recover about $280,000 in liquidity that was stolen during an exploit of the project’s migration tool to its upgraded Smart DeFi 2.0 token. The exploit affected liquidity only on the BNB Chain side of the token. The team has met with Centralized Exchange partners and security e",defi_rekt,https://de.fi/rekt-database?id=3400,1
2023-02-24,EFVault,5100000.0,0.0,5100000.0,Ethereum,Yield,CPBP,SC-Economic,,Price Manipulation,"Storage layout change during upgrade caused slot collision — `assetDecimal` inherited V3's `maxDeposit` value (5e12), inflating the asset conversion factor by 5,000,000x | BlockSec entry (Storage Collision): tx=0x1fe5a534.. attacker=0xa0959536.. | Quick Summary USDC vault owned by Shata Capital was exploited for about of 5M USD. Details of the Exploit On February 24, 2023, an exploit was discovered in Shata Capital's EFVault contract, resulting in approximately $5.14 million in losses due to imp","blocksec,defi_rekt,kismp,slowmist",https://blocksec.com/security-incident?hash=0x1fe5a53405d00ce2f3e15b214c7486c69cbc5bf165cf9596e86f797f62e81914 | https://de.fi/rekt-database?id=3387 | https://etherscan.io/tx/0x1fe5a53405d00ce2f3e15b214c7486c69cbc5bf165cf9596e86f797f62e81914 | https://github.com/kismp123/DeFi-Security-Incident/blob/main/2023/2023-02-24_EFVault_PriceManipulation_ETH.md | https://twitter.com/peckshield/status/1630490333716029440,4
2023-02-27,swapX,1000000.0,0.0,1000000.0,BSC,DEX,EF,SC-Technical,,Access Control,Missing `_from` parameter validation in swap function — allows token transfer from arbitrary addresses | BlockSec entry (Access Control Issue): tx=0x3ee23c15.. attacker=0x7d192fa3..,"blocksec,kismp",https://blocksec.com/security-incident?hash=0x3ee23c1585474eaa4f976313cafbc09461abb781d263547c8397788c68a00160 | https://github.com/kismp123/DeFi-Security-Incident/blob/main/2023/2023-02-27_swapX_AccessControl_BSC.md | https://twitter.com/BlockSecTeam/status/1630111965942018049,2
2023-02-27,DungeonSwap,728000.0,0.0,728000.0,,Yield,EF,SC-Technical,,Contract Vulnerability,"The DeFi project DND Token (DungeonSwap Token) on BSC has been utilized. The initial funds came from TornadoCash, and the attackers stole over 2,400 BNB (approximately $728,000) from Dungeonswap.",slowmist,https://twitter.com/MetaSleuth/status/1630210958084952065,1
2023-02-27,Diamond DND,223335.0,0.0,223335.0,,DEX,EF,SC-Technical,,Exploit/Other/Other,"Quick Summary Diamond DND token was exploited for 223,335 $USD worth of $DND tokens. The exploiter used user approvals to drain funds. Details of the Exploit Diamond DND is a BEP20 token trading on BiSwap. The exploiter user a smart contract with unverified source code, to transfer approved tokens of the users. 223,335 $USD worth of $DND and $BUSD tokens were swapped for $wBNB and then transferred to the malicious contract. Consequently, all the stolen amount was sent to the attacker's address a",defi_rekt,https://de.fi/rekt-database?id=3356,1
2023-03-02,ArbiSwap,119027.5,0.0,119027.5,Arbitrum,DEX,IF,Cyber-Operational,Rugpull,Infinite Mint and Dump,"Quick Summary ArbiSwap rugpulled users for 138,057 $USD worth of $ETH, after minting 1 trillion $ARBI tokens. Details of the Exploit ArbiSwap is a DEX on the layer-2 chain Artibtrum. ArbiSwap was launched on February 24th, 2023, and offered the project's $ARBI token owners 100% of the revenue generated by DEX. The project quickly reached up to 4,400,000 $USD in TVL. An ArbiSwap developer reported that their own man robbed the DEX, draining 84.6 $ETH from the $ARBI/$USDC pair. In the last 24 hour","defi_rekt,defillama",https://api.llama.fi/hacks | https://de.fi/rekt-database?id=3360,2
2023-03-04,Alexa,13256.0,0.0,13256.0,,DEX,EF,SC-Technical,,Exploit/Other/Other,"Quick Summary Alexa Project was exploited due to smart contract logic issue. The attacker took 45 $BNB. Details of the Exploit Alexa Project is a BEP20 token trading on PancakeSwap. The token $ALEXA was listed on the DEX on 1st March 2023. After a few days, the project was exploited due to smart contract logic issue. The attacker was able to exploit the token's smart contract interaction with PancakePair, which allowed the malicious actor to gain 45.43 $WBNB which is worth 13,256 $USD at the mom",defi_rekt,https://de.fi/rekt-database?id=3367,1
2023-03-05,Cryptoger Club,35364.0,0.0,35364.0,,DEX,IF,Cyber-Operational,,Exit Scam/Rugpull/Rugpull,"Quick Summary Cryptoger Club was rugpulled for 35,364 $USD worth of $BNB by the token deployer. Details of the Exploit Cryptoger Club is a BEP20 token trading on PancakeSwap. The token deployer and another EOA address removed liquidity for 105.2 $BNB from the pool and then transferred the stolen funds to several EOA addresses. Block Data Reference Scammer addresses: https://bscscan.com/address/0x4ec683b0b34a774c6d72583116b0accbaad63408 https://bscscan.com/address/0xbcd9343f85ff8b4efd91a424342fc2",defi_rekt,https://de.fi/rekt-database?id=3378,1
2023-03-07,ProTradeX,698143.0,0.0,698143.0,,DEX,IF,Cyber-Operational,,Exit Scam/Rugpull/Rugpull,"Quick Summary ProTradeX was rugpulled by the token deployer. The scammer profited for 698,147 $USD and moved the funds into TornadoCash. &nbsp; Details of the Exploit ProTradeX is a BEP20 token trading in the smart contract directly. The token's symbol is PTD and can't be confused with other similar tokens. The token deployer collected the funds from multiple EOA addresses using unverified and malicious smart contracts and then moved them through TornadoCash. The total amount reached 698,147 $US",defi_rekt,https://de.fi/rekt-database?id=3370,1
2023-03-07,Tender Finance,1593358.0,1486726.0,106632.0,Arbitrum,Lending,EDPM,Cyber-Operational,Ecosystem,Outdated Oracle Exploit,"Quick Summary TenderFi was exploited by a WhiteHat hacker via the Oracle issue. The hacker was able to borrow 1,583,432 $USD worth of assets and returned almost the full amount. Details of the Exploit TenderFi is a Lending and Borrowing protocol running on the layer-2 Arbitrum chain. The protocol was exploited via Oracle issue, which allowed the hacker to take 1,583,432 $USD worth of assets for 1 $GMX (~70 $USD). The project's Unitroller contract has oracle misconfiguration, which allowed malici","defi_rekt,defillama,slowmist",https://api.llama.fi/hacks | https://de.fi/rekt-database?id=3369 | https://www.theblock.co/post/217823/tender-fi-hacker-returns-stolen-funds-gets-bounty-reward,3
2023-03-08,DKP Token,79233.0,0.0,79233.0,,DEX,EF,SC-Technical,,Exploit/Other/Other,"Quick Summary DKP Token was exploited for 79,233 $USD. The token price dropped by more than 54% but then recovered. Details of the Exploit DKP is a BEP20 token trading in PancakeSwap. The token-related contract was exploited, which allowed the attacker to receive 17,029 $DKP tokens. A malicious smart contract with unverified source code was used to hack the project's contract. The received amount was exchanged for 79,233 $USD and then transferred through TornadoCash. The token price dropped 54% ",defi_rekt,https://de.fi/rekt-database?id=3372,1
2023-03-09,Hedera Token Service,600000.0,0.0,600000.0,,DEX,EF,SC-Technical,,Exploit/Other/Other,"Quick Summary Hedera Token Service was exploited via smart contract decompiling issue, leading to the theft of liquidity pool tokens from multiple DEXs.&nbsp; Details of the Exploit&nbsp; Hedera Token Service is a public network which is powered by the Hedera Hashgraph blockchain. On March 9, 2023, the attacker exploited the Hedera Token Service of the Hedera mainnet. The attacker targeted token in multiple liquidity pools at various DEXs that use Uniswap-derived contract code ported over to use",defi_rekt,https://de.fi/rekt-database?id=3371,1
2023-03-10,Hedera,515000.0,0.0,515000.0,Hedera,Bridge,EF,SC-Technical,Protocol Logic,Unknown,"rekt.news entry; audit=FP Complete | Hedera tweeted to disclose the details of the attack. The attacker attacked the smart contract service code of the Hedera main network and transferred the Hedera Token Service tokens held by some user accounts to their own accounts. The attackers targeted accounts used as liquidity pools on multiple DEXs migrated to use the Hedera Token Service using Uniswap V2-derived contract generations, including Pangolin Hedera, SaucerSwap, and HeliSwap. When attackers m","defillama,rekt,slowmist",https://api.llama.fi/hacks | https://rekt.news/leaderboard | https://twitter.com/hedera/status/1634055353435561986,3
2023-03-13,Balancer,11900000.0,0.0,11900000.0,,DEX,EF,SC-Technical,,Affected by Euler Finance Attack,"The decentralized exchange Balancer disclosed on Twitter that in the Euler Finance attack, about $11.9 million was sent to Euler from the bbeUSD liquidity pool, accounting for 65% of the liquidity pool TVL, and bbeUSD was also deposited The other 4 liquidity pools: wstETH/bbeUSD, rETH/bbeUSD, TEMPLE/bbeUSD, DOLA/bbeUSD, all other Balancer liquidity pools are safe.",slowmist,https://twitter.com/Balancer/status/1635296206221090817,1
2023-03-13,Inverse Finance,860000.0,0.0,860000.0,,Lending,EF,SC-Technical,,Affected by Euler Finance Attack,"Inverse Finance, a DeFi lending protocol, tweeted: “Euler attack impacted DOLA-bb-e-USD pool on Balancer. Despite quick action to mitigate 90% of the impact, DOLA Fed suffered up to 86% for this pool. million in losses, excluding rewards points. Will be working with Balancer to recover the remaining funds.”",slowmist,https://twitter.com/InverseFinance/status/1635280206171885572,1
2023-03-13,Euler V1,197000000.0,197000000.0,0.0,Ethereum,Lending,CPBP,SC-Economic,Protocol Logic,Flashloan Donate Function Logic Exploit,"rekt.news entry; audit=Sherlock | Unlimited debt creation without collateral via donateToReserves + mint combination, followed by self-liquidation to realize profit | BlockSec entry (Business Logic Flaw): tx=0x3097830e.. attacker=0xb2698c2d..; tx=0x465a6780.. attacker=0xb2698c2d..; tx=0x62bd3d31.. attacker=0xb2698c2d.. | Quick Summary Euler Finance Suffers Hack Resulting in Loss of $196 Million USD in different assets. Details of the Exploit On March 13th, Euler Finance, an Ethereum-based noncus","blocksec,defi_rekt,defillama,kismp,rekt,slowmist",https://api.llama.fi/hacks | https://blocksec.com/blog/euler-finance-incident-the-largest-hack-of-2023 | https://blocksec.com/security-incident?hash=0x3097830e9921e4063d334acb82f6a79374f76f0b1a8f857e89b89bc58df1f311 | https://de.fi/rekt-database?id=3373 | https://github.com/kismp123/DeFi-Security-Incident/blob/main/2023/2023-03-13_EulerFinance_DonateToReserves_ETH.md | https://rekt.news/leaderboard | https://twitter.com/SlowMist_Team/status/1635288963580825606,6
2023-03-13,Angle Protocol,17600000.0,0.0,17600000.0,,Stablecoin,EF,SC-Technical,,Affected by Euler Finance Attack,"Angle Protocol, a decentralized stablecoin protocol, tweeted: &quot;Angle Protocol was affected by the Euler exploit, which deposited 17.6 million USDC into Euler. The protocol has been suspended, the debt ceiling has been set to 0, and the Euler AMO has been closed .are monitoring the situation and will update as soon as they are received.” Angle Protocol stated that before the Euler hack, the total value locked (TVL) of the Angle Core module was about 36 million US dollars, and 17.2 million ag",slowmist,https://twitter.com/AngleProtocol/status/1635293731082612738,1
2023-03-14,Yearn Finance,1380000.0,0.0,1380000.0,,Yield,EF,SC-Technical,,Affected by Euler Finance Attack,"Yearn Finance tweeted: “While there is no direct exposure to Euler, some vaults are indirectly exposed to the hack. Vaults using the Idle and Angle strategies have a combined exposure of $1.38 million on yvUSDT and yvUSDC. The developers are currently actively working on the affected protocol, any remaining bad debt will be borne by the Yearn Treasury, and all vaults will remain open and fully operational for users as usual.&quot; On May 3, Yearn Finance tweeted that all funds impacted by the ma",slowmist,https://twitter.com/iearnfinance/status/1635312188712792065,1
2023-03-14,Yield Protocol,1500000.0,0.0,1500000.0,,Lending,EF,SC-Technical,,Affected by Euler Finance Attack,"Yield Protocol, a fixed-rate lending agreement, posted an update on Twitter saying: &quot;All collateral deposited by borrowers on Yield Protocol appears to be safe. Collateral is not deposited into Euler, but is kept in Yield Protocol. Euler hack Affected our mainnet liquidity pool. The Yield liquidity pool holds two assets: Euler eTokens and Yield fyTokens. We do not yet have exact figures for the value of eTokens held prior to the attack, but believe the total value is less than $1.5 million.",slowmist,https://twitter.com/yield/status/1635339497067130881,1
2023-03-14,Sherlock,4500000.0,0.0,4500000.0,,Lending,EF,SC-Technical,,Affected by Euler Finance Attack,"Sherlock is a DeFi security provider that provides smart contract auditing and insurance services. When Euler first launched, it entered into a $10 million partnership with Sherlock, who was responsible for auditing Euler&#39;s smart contracts and providing insurance for Euler. After Euler was attacked, Sherlock has passed a vote to pay Euler $4.5 million.",slowmist,https://twitter.com/sherlockdefi/status/1635366485123268610,1
2023-03-14,Idle Finance,10990000.0,0.0,10990000.0,,Yield,EF,SC-Technical,,Affected by Euler Finance Attack,"The DeFi protocol Idle Finance tweeted that after investigation, the estimated exposure of the Euler Finance vulnerability to the protocol Yield Tranches was $5.6628 million, and the estimated exposure of Best Yield vaults was about $5.3271 million, for a total of about $10.99 million.",slowmist,https://twitter.com/idlefinance/status/1635356439849099264,1
2023-03-15,Poolz Finance,471719.5,0.0,471719.5,,Other,EF,SC-Technical,,Exploit/Other/Other,"Quick Summary Poolz Finance was exploited for 443,439 $USD. The hacker exploited overflow vulnerability to receive assets from the project's vault contract. Details of the Exploit Poolz Finance is a launchpad running on Binance and Polygon chains. The project was exploited via overflow vulnerability. The LockedDeal vault contract of the platform was exploited, which caused the $POOLZ token price to drop by more than 95%. The attacker was able to receive various tokens, after draining the vault c","defi_rekt,slowmist",https://de.fi/rekt-database?id=3375 | https://twitter.com/Poolz__/status/1635899850918178817,2
2023-03-17,Harvest Keeper,931297.5,0.0,931297.5,,Yield,IF,Cyber-Operational,,Exit Scam/Rugpull/Rugpull,"Quick Summary Harvest Keeper was rugpulled via privileged function. 929,595 $USD were stolen in total across three chains. Details of the Exploit Harvest Keeper claimed to be an AI-powered trading platform running on Binance, Ethereum, and Polygon chains. The platform was rugpulled by the contract owner via the privileged function getAmount(). The function allowed the contract owner to drain all remaining $USDT from the project's contract. 710,595 $USDT was siphoned out in a single transaction t","defi_rekt,slowmist",https://de.fi/rekt-database?id=3383 | https://www.panewslab.com/zh/sqarticledetails/7urkn6lh.html,2
2023-03-17,ParaSpace,900000.0,5000000.0,0.0,Ethereum,Lending,EF,SC-Technical,,N F T Reentrancy,"External callback triggered during `supply()` processing in the cAPE contract → reentrancy with collateral accounting not yet reflected, allowing excessive cAPE borrowing | BlockSec entry (Vulnerable Price Dependency): tx=0xe3f0d14c.. attacker=0x00000035.. | Quick Summary ParaSpace was attacked, which might cause a loss of 5,058,751 $USD. The funds were rescued after the protocol halted transactions. Details of the Exploit ParaSpace is a Lending and Borrowing protocol that offers to borrow NFT a","blocksec,defi_rekt,kismp",https://blocksec.com/blog/paraspace-incident-a-race-against-time-to-thwart-the-industrys-most-critical-attack-yet | https://blocksec.com/security-incident?hash=0xe3f0d14cfb6076cabdc9057001c3fafe28767a192e88005bc37bd7d385a1116a | https://de.fi/rekt-database?id=3376 | https://github.com/kismp123/DeFi-Security-Incident/blob/main/2023/2023-03-17_ParaSpace_NFTReentrancy_ETH.md,3
2023-03-18,Zircon Gamma,350000.0,0.0,350000.0,"BSC,Moonriver",DEX,CPBP,SC-Economic,Ecosystem,Flashloan Pool Shares Exploit,,defillama,https://api.llama.fi/hacks,1
2023-03-21,Indexed Finance,9925.0,0.0,9925.0,,Yield,CPBP,SC-Economic,,Flash Loan Attack,"Indexed Finance&#39;s ORCL5 Token contract was attacked by a flash loan and lost $9,925. Root cause preliminary analysis is that &quot;calcSingleOutGivenPoolIn()&quot; calculates wrong value of tokenAmountOut.",slowmist,https://twitter.com/AnciliaInc/status/1637925297327865856,1
2023-03-21,ASKACR Token,28661.0,0.0,28661.0,,DEX,CPBP,SC-Economic,,Exploit/Flash Loan Attack/Flash Loan Attack,"Quick Summary ASKACR token experienced a flash loan attack resulting in a 98% drop in its value and the exploiter profited 28,661 $USD. Details of the Exploit ASKACR is an ERC-20 token trading on Binance Smart Chain. The project was exploited via a flash loan attack which caused significant slippage on ASKACR's price, leading to a massive 98% drop.&nbsp; The attacker then bought up ASKACR tokens at low prices using borrowed funds from Balancer and sold them back at inflated prices, profiting 28,",defi_rekt,https://de.fi/rekt-database?id=3459,1
2023-03-25,Swerve Finance,1300000.0,0.0,1300000.0,,DEX,CPBP,SC-Economic,,Governance Attack,Defunct Swerve Finance still subject of $1.3 million live governance hack,slowmist,https://www.chaincatcher.com/article/2089961,1
2023-03-26,EC token,43800.0,0.0,43800.0,,DEX,IF,Cyber-Operational,,Rug Pull,"EC token deployer addresses withdrew approximately $43,800 from the liquidity pool.",slowmist,https://twitter.com/unsnarl_secure/status/1639510645384290305,1
2023-03-27,Kokomo Finance,4000000.0,0.0,4000000.0,Optimism,Lending,IF,Cyber-Operational,Rugpull,Drained Contracts,"Quick Summary Kokomo Finance was rugpulled for 4,163,392 $USD. Project's social media was removed after an exit scam. Details of the Exploit Kokomo Finance is a Lending and Borrowing Protocol running on a layer-2 Optimism chain. $KOKO token deployer conducted malicious actions and drained 4,163,392 $USD worth of assets from various pools. 3,967,779 $USD worth 141 $WBTC was drained after the implementation of the cBTC contract was changed and 7,000 $soWBTC was siphoned out to another EOA address ","defi_rekt,defillama,rekt,slowmist",https://api.llama.fi/hacks | https://de.fi/rekt-database?id=3406 | https://rekt.news/leaderboard | https://www.panewslab.com/zh/articledetails/ym50p7sf.html,4
2023-03-28,Safemoon,8900000.0,0.0,8900000.0,BSC,DEX,CPBP,SC-Economic,Protocol Logic,Access Control Exploit,"rekt.news entry; audit=Unaudited | Public `burn()` function with no access control allows direct burning of LP pool balance, enabling price manipulation | BlockSec entry (Access Control Issue): tx=0x48e52a12.. attacker=0x286e0993.. | Quick Summary The liquidity pool (LP) for the DeFi project SafeMoon has been compromised, according to a statement from the project on Twitter on March 28. Details of the Exploit SafeMoon's LP was compromised due to a contract upgrade that introduced a public burn b","blocksec,defi_rekt,defihacklabs,defillama,kismp,rekt,slowmist",https://api.llama.fi/hacks | https://blocksec.com/security-incident?hash=0x48e52a12cb297354a2a1c54cbc897cf3772328e7e71f51c9889bb8c5e533a934 | https://de.fi/rekt-database?id=3405 | https://github.com/SunWeb3Sec/DeFiHackLabs/blob/main/past/2023/README.md | https://github.com/kismp123/DeFi-Security-Incident/blob/main/2023/2023-03-28_SafeMoon_PublicBurnLP_BSC.md | https://rekt.news/leaderboard | https://twitter.com/zokyo_io/status/1641014520041840640 | ttps://twitter.com/CptHodl/status/1640914110350016512,7
2023-03-30,Rocket Pool,3600000.0,0.0,3600000.0,,Derivatives,EF,SC-Technical,,Exploit/Phishing/Phishing,"Quick Summary On March 30, 2023, the RPL balance of the poap.eth wallet (0xf6B6F07862A02C85628B3A9688beae07fEA9C863) was drained due to a phishing attack. Details of the Exploit The attacker used a phishing attack against the owner of the poap.eth wallet and gained a significant allowance in RPL tokens. Two different exploiter addresses then executed the transferFrom() function, resulting in the theft of 21,474 and 64,423 tokens. The RPL tokens were subsequently swapped to ETH and dispersed betw",defi_rekt,https://de.fi/rekt-database?id=3404,1
2023-04-02,Allbridge Core,585000.0,465000.0,120000.0,BSC,Bridge,CPBP,SC-Economic,Ecosystem,Flashloan Price Oracle Attack,"BlockSec entry (Vulnerable Price Dependency): tx=0x7ff1364c.. attacker=0xc578d755.. | Quick Summary &nbsp; On April 1, 2023, a flash loan attack was executed on Allbridge's pool in BSC networks, leading to a loss of around $570K due to a flawed pricing calculation logic. Details of the Exploit &nbsp; The attacker obtained a flash loan of $7.5M BUSD from PancakeSwap and swapped $2M BUSD for $2M BSC-USD into the pool. They then moved $5M BUSD into another pool, exchanged it for its BSC-USD equival","blocksec,defi_rekt,defihacklabs,defillama,kismp,slowmist",https://api.llama.fi/hacks | https://blocksec.com/security-incident?hash=0x7ff1364c3b3b296b411965339ed956da5d17058f3164425ce800d64f1aef8210 | https://de.fi/rekt-database?id=3419 | https://github.com/SunWeb3Sec/DeFiHackLabs/blob/main/past/2023/README.md | https://github.com/kismp123/DeFi-Security-Incident/blob/main/2023/2023-04-01_Allbridge_PriceDependency_BSC.md | https://twitter.com/Allbridge_io/status/1642507995610329088 | https://twitter.com/BeosinAlert/status/1642372700726505473,6
2023-04-04,Sentiment,1000000.0,900000.0,100000.0,Arbitrum,Lending,CPBP,SC-Economic,Ecosystem,Flashloan Reentrancy Attack,"Balancer pool spot price-dependent oracle susceptible to flash loan + read-only reentrancy manipulation | BlockSec entry (Vulnerable Price Dependency): tx=0xa9ff2b58.. attacker=0xdd0cdb4c.. | Quick Summary Sentiment was exploited through a view re-entrancy Balancer bug, resulting in the loss of 968,279 $USD. Details of the Exploit Sentiment is a Borrowing and Lending protocol running on the Arbitrum chain. The attacker used a view re-entrancy Balancer bug to execute malicious code before pool ba","blocksec,defi_rekt,defihacklabs,defillama,kismp,slowmist",https://api.llama.fi/hacks | https://blocksec.com/security-incident?hash=0xa9ff2b587e2741575daf893864710a5cbb44bb64ccdc487a100fa20741e0f74d | https://de.fi/rekt-database?id=3460 | https://github.com/SunWeb3Sec/DeFiHackLabs/blob/main/past/2023/README.md | https://github.com/kismp123/DeFi-Security-Incident/blob/main/2023/2023-04-04_Sentiment_BalancerOracleManipulation_ARB.md | https://twitter.com/sentimentxyz/status/1643485652573405185,6
2023-04-10,Terraport Finance,4000000.0,0.0,4000000.0,,DEX,EF,SC-Technical,,Exploit/Other/Other,"Quick Summary On the morning of April 10th, Terraport was exploited resulting in losses of approximately 4 million USD in Terra, LUNC, and USTC tokens. Details of the Exploit The hack was made possible due to a mathematical weakness in the algorithm used to calculate LP prices. The malicious actor added a minor amount of liquidity to the protocol and then manipulated the LP share price, allowing them to withdraw a large amount of liquidity. Two pools were affected, the first one drained for 9,14","defi_rekt,slowmist",https://de.fi/rekt-database?id=3464 | https://twitter.com/_Terraport_/status/1645330062378508289,2
2023-04-10,SushiSwap,3300000.0,3300000.0,0.0,"Ethereum,Arbitrum,Optimism,BSC",DEX,EF,SC-Technical,Protocol Logic,Missing Input Validation,"rekt.news entry; audit=Unaudited | Unvalidated external call in RouteProcessor2 `processRoute()` allows theft of approved tokens | DeFiHackLabs entry (Unchecked User Input) | BlockSec entry (Lack of Input Validation): tx=0x11d069cb.. attacker=0xc0ffeeba..; tx=0x04b166e7.. attacker=0xc0ffeeba..; tx=0x40be81f8.. attacker=0xfde0d157.. | Quick Summary SushiSwap experienced an approval related bug, which led to a loss of nearly 3,505,000 $USD from the user's wallet. Details of the Exploit SushiSwap, ","blocksec,defi_rekt,defihacklabs,defillama,kismp,rekt,slowmist",https://api.llama.fi/hacks | https://blocksec.com/blog/8-sushi-swap-incident-a-clumsy-rescue-attempt-leads-to-a-series-of-copycat-attacks | https://blocksec.com/security-incident?hash=0x11d069cbe4490cc483b1ae2e77c9c79493213347b42a8dec2ded25724e2f1835 | https://de.fi/rekt-database?id=3463 | https://github.com/SunWeb3Sec/DeFiHackLabs/blob/main/past/2023/README.md | https://github.com/kismp123/DeFi-Security-Incident/blob/main/2023/2023-04-09_SushiSwap_RouteProcessor_ETH.md | https://rekt.news/leaderboard | https://twitter.com/SlowMist_Team/status/1644936375924584449,7
2023-04-11,Paribus,100000.0,0.0,100000.0,Arbitrum,Lending,EF,SC-Technical,,Reentrancy,"DeFiHackLabs entry (Reentrancy) | BlockSec entry (Reentrancy): tx=0x0e29dcf4.. attacker=0x014abff0.. | Quick Summary Paribus was exploited due to a reentrancy issue, resulting in the loss of 69,696 $USD worth of $ETH. Details of the Exploit Paribus is a cross-chain lending and borrowing protocol. The protocol suffered an exploit on the Arbitrum layer-two chain. The root cause was a well-known reentrancy vulnerability from an old version of CompoundV2 that Paribus had forked. The attacker deploye","blocksec,defi_rekt,defihacklabs,slowmist",https://blocksec.com/security-incident?hash=0x0e29dcf4e9b211a811caf00fc8294024867bffe4ab2819cc1625d2e9d62390af | https://de.fi/rekt-database?id=3497 | https://github.com/SunWeb3Sec/DeFiHackLabs/blob/main/past/2023/README.md | https://twitter.com/Phalcon_xyz/status/1645742620897955842 | https://twitter.com/peckshield/status/1645742296904929280,4
2023-04-12,FilDA,1350000.0,229000.0,1121000.0,,Lending,CPBP,SC-Economic,,Exploit/Other/Other,"Quick Summary On April 12th, 2022, an exploit occurred on FilDA resulting in compromised funds of up to $2 million. The dev team has identified the root cause and suspended all deposits and borrowing on FilDA-ESC. FilDA contracts on other chains remain unaffected. Details of the Exploit The compromised funds amount to around 1.6 million USD and were mainly in the form of USDC, HUSD, BUSD, BTC, and ETH. The root cause of the issue is due to the protocol's inability to handle flashloans of ERC677 ","defi_rekt,slowmist",https://de.fi/rekt-database?id=3507 | https://fildafinance.medium.com/filda-exploit-statement-49ec69e34c53,2
2023-04-13,Yearn Finance,11328127.25,0.0,11328127.25,Ethereum,Yield,EDPM,Cyber-Operational,Ecosystem,Flashloan Misconfiguration Exploit,"rekt.news entry; audit=Unaudited | The decentralized revenue aggregation platform Yearn Finance was attacked, and the hackers made more than $10 million in profits. According to the analysis of SlowMist, the reason for this attack is that the attacker used the yUSDT contract to set the fulcrum address by mistake, thereby manipulating the stablecoin reserve balance in the yUSDT contract, and depositing USDT in yUSDT to obtain a large amount of unexpected yUSDT Tokens for profit. | yUSDT vault inc","blocksec,defi_rekt,defihacklabs,defillama,kismp,rekt,slowmist",https://api.llama.fi/hacks | https://blocksec.com/security-incident?hash=0x8db0ef33024c47200d47d8e97b0fcfc4b51de1820dfb4e911f0e3fb0a4053138 | https://de.fi/rekt-database?id=3476 | https://github.com/SunWeb3Sec/DeFiHackLabs/blob/main/past/2023/README.md | https://github.com/kismp123/DeFi-Security-Incident/blob/main/2023/2023-04-13_yearnFinance_MisconfiguredVault_ETH.md | https://rekt.news/leaderboard | https://twitter.com/BeosinAlert/status/1646481687445114881 | https://twitter.com/yearnfi/status/1646436798086672385,7
2023-04-13,SyncDex,406235.0,0.0,406235.0,,DEX,IF,Cyber-Operational,,Exit Scam/Rugpull/Rugpull,"Quick Summary SyncDex Finance rugpulled by the deployer. The scammer stole around 442,470 $USD. Details of the Exploit The SyncDex Finance project showed several red flags even before it was rugpulled. Comments were muted on Twitter, and words were added to ban lists on Telegram/Discord channels to prevent concerns about the project from being raised. Moreover, their contract did not allow for withdrawing pledged funds, which is always a warning sign. The staking pool allowed only admins to with","defi_rekt,slowmist",https://de.fi/rekt-database?id=3478 | https://www.odaily.news/newsflash/319781?source=share,2
2023-04-15,Hundred Finance,7000000.0,0.0,7000000.0,Optimism,Lending,CPBP,SC-Economic,Protocol Logic,Flashloan Donate Function Logic Exploit,"rekt.news entry; audit=WhiteHatDAO | Exchange rate inflation via direct WBTC donation to the hWBTC cToken — borrowing all protocol assets after inflating collateral value | BlockSec entry (Precision Loss): tx=0x6e9ebcde.. attacker=0x155da45d.. | Quick Summary Hundred Finance was hacked due to a price manipulation attack, resulting in 6,701,157 $USD worth of cryptocurrency being drained from various pools. Details of the Exploit Hundred Finance is a multichain lending protocol. The protocol exper","blocksec,defi_rekt,defihacklabs,defillama,kismp,rekt,slowmist",https://api.llama.fi/hacks | https://blocksec.com/blog/6-hundred-finance-incident-catalyzing-the-wave-of-precision-related-exploits-in-vulnerable-forked-protocols | https://blocksec.com/security-incident?hash=0x6e9ebcdebbabda04fa9f2e3bc21ea8b2e4fb4bf4f4670cb8483e2f0b2604f451 | https://de.fi/rekt-database?id=3480 | https://github.com/SunWeb3Sec/DeFiHackLabs/blob/main/past/2023/README.md | https://github.com/kismp123/DeFi-Security-Incident/blob/main/2023/2023-04-15_HundredFinance_ERC4626Inflation_OP.md | https://rekt.news/leaderboard | https://twitter.com/peckshield/status/1647307128267476992,7
2023-04-16,Swapos V2,466013.0,0.0,466013.0,,DEX,EF,SC-Technical,,error k value Attack,"DeFiHackLabs entry (error k value Attack) | Quick Summary Swapos DEX was exploited on the same day it launched, with 464,026 $USD worth of assets stolen. The exploit was possible due to a vulnerable 'swap' function that allowed anyone to perform malicious swaps and&nbsp; fully drain the pool. Details of the Exploit Swapos is a DEX running on the Ethereum chain. The project offered decentralized trading with low fees. On the day Swapos V2 Contracts were deployed, a vulnerability was discovered in","defi_rekt,defihacklabs",https://de.fi/rekt-database?id=3481 | https://github.com/SunWeb3Sec/DeFiHackLabs/blob/main/past/2023/README.md,2
2023-04-19,Ocean Life,10752.0,0.0,10752.0,,DEX,CPBP,SC-Economic,,Exploit/Flash Loan Attack/Flash Loan Attack,"Quick Summary On April 19, 2023, an attacker hacked the Ocean Life token on Binance Smart Chain (BSC), using a flawed mechanism to lower the token supply and manipulate the price. The attacker earned 32 WBNB in return for their actions. Details of the Exploit The attacker used a flash loan of 969 WBNB from DPPOracle and converted it to OLIFE tokens using PancakeSwap. By internally calling the '_reflectFee' function through the transfer function, the attacker decreased the total value of _tTotal.",defi_rekt,https://de.fi/rekt-database?id=3499 | https://de.fi/rekt-database?id=3515,1
2023-04-25,MERLIN DEX,1820000.0,0.0,1820000.0,zkSync Era,DEX,IF,Cyber-Operational,Rugpull,Drained Contracts,"rekt.news entry; audit=Certik | Quick Summary Merlin DEX on zkSync was exploited, with one exploiter stealing almost 850,000 USDC and transferring them to Ethereum. The amount drained from a liquidity pool on the DEX reached $1.82 million, and hackers transferred nearly 165,000 USDC to Binance and MEXC centralized exchanges. The Merlin team has released a post-mortem report stating that several members of the back-end team had drained all of their contracts, carried out on-chain transactions to ","defi_rekt,defillama,rekt,slowmist",https://api.llama.fi/hacks | https://de.fi/rekt-database?id=3513 | https://rekt.news/leaderboard | https://twitter.com/0xBobie/status/1651051380155744256,4
2023-04-28,0vix,2000000.0,0.0,2000000.0,Polygon,Lending,CPBP,SC-Economic,Ecosystem,Flashloan Donate Function Logic Exploit,"Flawed price dependency in vGHST price calculation that can be manipulated via direct token transfers (donate) | DeFiHackLabs entry (FlashLoan Price Manipulation) | BlockSec entry (Vulnerable Price Dependency): tx=0x10f2c28f.. attacker=0x702ef638.. | Quick Summary On April 28th, the 0VIX pool was exploited through a flash loan attack pattern resulting in losses worth approximately 2 million USD in USDC and USDT tokens. Details of the Exploit Flash loan was taken from the aave and balancer pool. ","blocksec,defi_rekt,defihacklabs,defillama,kismp,slowmist",https://api.llama.fi/hacks | https://blocksec.com/security-incident?hash=0x10f2c28f5d6cd8d7b56210b4d5e0cece27e45a30808cd3d3443c05d4275bb008 | https://de.fi/rekt-database?id=3514 | https://github.com/SunWeb3Sec/DeFiHackLabs/blob/main/past/2023/README.md | https://github.com/kismp123/DeFi-Security-Incident/blob/main/2023/2023-04-28_0vixProtocol_PriceDependency_Polygon.md | https://twitter.com/BlockSecTeam/status/1651918708024156168 | https://www.coindesk.com/business/2023/04/28/defi-protocol-0vix-loses-nearly-2m-in-flash-loan-exploit/,6
2023-05-01,pcash,2000000.0,0.0,2000000.0,,DEX,EF,SC-Technical,,Unknown,The EOS project pcash was attacked and lost about $2 million.,slowmist,https://bloks.io/account/nrwgthbeupex,1
2023-05-01,Level Perps,1024290.0,0.0,1024290.0,BSC,Derivatives,EF,SC-Technical,Protocol Logic,Referral Claims Logic Exploit,"rekt.news entry; audit=Obelisk | BlockSec entry (Business Logic Flaw): tx=0xe1f25704.. attacker=0x61bbd8c1.. | Quick Summary Level Finance was exploited, resulting in the loss of 214,000 $LVL tokens worth approximately 2,780,320 $USD.&nbsp; Details of the Exploit Level Finance is a decentralized perpetual exchange running on the Binance Smart Chain. The project suffered an exploit that had targeted their Referral Controller Contract. The attacker could claim referral amounts as $LVL tokens multi","blocksec,defi_rekt,defihacklabs,defillama,kismp,rekt,slowmist",https://api.llama.fi/hacks | https://blocksec.com/security-incident?hash=0xe1f257041872c075cbe6a1212827bc346df3def6d01a07914e4006ec43027165 | https://de.fi/rekt-database?id=3516 | https://github.com/SunWeb3Sec/DeFiHackLabs/blob/main/past/2023/README.md | https://github.com/kismp123/DeFi-Security-Incident/blob/main/2023/2023-05-02_LevelFinance_ReferralClaimDrain_BSC.md | https://rekt.news/leaderboard | https://twitter.com/BlockSecTeam/status/1653267431127920641 | https://twitter.com/level__finance/status/1653140756540825638?s=46&amp;t=DLwbX9Nw4QECiyZQ0av-fg,7
2023-05-05,DEUS Finance,6431994.25,0.0,6431994.25,"Arbitrum,BSC,Ethereum",Lending,EF,SC-Technical,Protocol Logic,Burn Function Mistake,"rekt.news entry; audit=Unaudited | Quick Summary Deus Finance was exploited due to a logic flaw in the $DEI token contract. The attacker drained pools on both Arbitrum and Binance Smart Chain (BSC) chains resulting in a loss of 6,227,977 &nbsp;$USD. Details of the Exploit DEI is a stablecoin of Deus Finance which lost its dollar peg on the previous hack. On May 5th, 2023 Deus Finance's $DEI token was exploited due to a logic flaw related to burn issue that allowed an attacker to drain DEI/USD an","defi_rekt,defillama,rekt",https://api.llama.fi/hacks | https://de.fi/rekt-database?id=3520 | https://rekt.news/leaderboard,3
2023-05-05,DEI (DEUS Finance),5000000.0,0.0,5000000.0,Arbitrum,Stablecoin,EF,SC-Technical,,Burn From Exploit,"The `burnFrom()` function arbitrarily sets the callee's allowance without validating the existing allowance, enabling the attacker to burn/withdraw the entire DEI balance of the liquidity pool | BlockSec entry (Business Logic Flaw): tx=0xb1141785.. attacker=0x189cf534.. | The stablecoin DEI launched by the DeFi protocol DEUS has been hacked, and the loss has exceeded $6.3 million. Over $5 million was lost on Arbitrum and $1.3 million on the BSC chain. This appears to be a public destroy bug. On ","blocksec,kismp,slowmist",https://blocksec.com/security-incident?hash=0xb1141785b7b94eb37c39c37f0272744c6e79ca1517529fec3f4af59d4c3c37ef | https://github.com/kismp123/DeFi-Security-Incident/blob/main/2023/2023-05-05_DEI_BurnFromExploit_ARB.md | https://twitter.com/DeusDao/status/1654614967084101633 | https://twitter.com/eugenioclrc/status/1654576296507088906,3
2023-05-06,Block Forest,275439.0,0.0,275439.0,,DEX,CPBP,SC-Economic,,Exploit/Flash Loan Attack/Flash Loan Attack,"Quick Summary Block Forest's pool was exploited via a flash loan attack resulting in the loss of 275,439 $USD. Details of the Exploit Block Forest is a BEP20 token trading on PancakeSwap. The project's pool suffered from a flash loan attack. An attacker deployed a malicious contract with unverified source code and performed an attack in a single transaction. The exploiter took out a flash loan from the DODO project and drained all liquidity worth 275,439 $USD from PancakePool. All stolen assets ",defi_rekt,https://de.fi/rekt-database?id=3524,1
2023-05-06,Melo,90000.0,0.0,90000.0,,Other,EF,SC-Technical,,Access Control,DeFiHackLabs entry (Access Control),defihacklabs,https://github.com/SunWeb3Sec/DeFiHackLabs/blob/main/past/2023/README.md,1
2023-05-07,Art Coin,331000.0,0.0,331000.0,,DEX,IF,Cyber-Operational,,LP Vulnerability,"The encrypted art platform Art Coin deployed a liquidity pool (LP pool) on Uniswap V3 on May 7. After a user discovered a loophole in the pre-sale process of Art Coin’s ART token Uniswap V3, he immediately sold the ART he bought at 0.01 ETH during the pre-sale period, and obtained 181 ETH in the liquidity, worth about 331,000 US dollars. Some have questioned the legitimacy of the user&#39;s actions, saying the user performed a Rug Pull. The Art Coin founder has since released a statement saying ",slowmist,https://bitcoinist.com/project-losses-over-331000-setup-flaw-on-uniswap-v3/,1
2023-05-09,Floki Inu,58591.0,0.0,58591.0,,DEX,CPBP,SC-Economic,,Exploit/Flash Loan Attack/Flash Loan Attack,"Quick Summary Floki Inu project was exploited via a flashloan attack, resulting in a loss of over 58,591 $USD. Details of the Exploit FLOKI is an ERC-20 token trading on Uniswap. The attacker used flashloaned 6,694 $ETH from the Balancer and exploited the UniSwap pool, taking a profit of 31.7 $ETH. The exploiter's profit reached 58,591 $USD at the moment of writing. Roughly 16.6 $WETH was transferred to the initial attacker's address and then to several EOA addresses. The rest 15.1 $WETH was tra",defi_rekt,https://de.fi/rekt-database?id=3521,1
2023-05-10,SNOOKER,197725.0,0.0,197725.0,,DEX,EF,SC-Technical,,Exploit/Other/Other,"Quick Summary SNOOKER token was exploited for $197,725 due to a reward mechanism issue resulting in a 97% price drop. Details of the Exploit SNOOKER is a BEP20 token trading on PancakeSwap. The project's SNKMiner contract was exploited. The attackers used SNOOKER's invitation reward mechanism to make a profit and stole 197,725 $USD worth of $SNK tokens. As a result of this exploit, the price of $SNK has plunged by approximately 97%. The stolen funds are currently held at the attacker's address a",defi_rekt,https://de.fi/rekt-database?id=3525,1
2023-05-10,SNK (SNK Token / SNKMinter),197000.0,0.0,197000.0,BSC (BNB Chain),Yield,EF,SC-Technical,,Reward Calculation,"Child account balance summation error in `rewardPerToken()` calculation — the reward owed to a parent account is multiplied by the sum of all child account balances, resulting in over-payment | DeFiHackLabs entry (Reward Calculation Error) | BlockSec entry (Business Logic Flaw): tx=0x7394f252.. attacker=0x6b67f9e7.. | The SNK project was attacked. The hacker used SNK&#39;s invitation reward mechanism to make a profit of 190,000 US dollars.","blocksec,defihacklabs,kismp,slowmist",https://blocksec.com/security-incident?hash=0x7394f2520ff4e913321dd78f67dd84483e396eb7a25cbb02e06fe875fc47013a | https://github.com/SunWeb3Sec/DeFiHackLabs/blob/main/past/2023/README.md | https://github.com/kismp123/DeFi-Security-Incident/blob/main/2023/2023-05-10_SNK_RewardCalculation_BSC.md | https://twitter.com/Phalcon_xyz/status/1656176776425644032 | https://www.panewslab.com/zh/sqarticledetails/iizfq6j2.html,4
2023-05-11,Venus Token,16937.0,0.0,16937.0,,DEX,EF,SC-Technical,,Exploit/Other/Other,"Quick Summary Venus Token vault was exploited, resulting in a loss of 16,937 $USD. Details of the Exploit Venus Token is a BEP20 token trading on PancakeSwap. The vault contract VenusDevide was exploited. Worth mentioning that the affected contract has no relationship with the original token, and the token has over 600,000 $USD in liquidity after the exploit. An EOA address could call an unprotected function on an unverified contract named VenusDevide which held more than 8 million $VUS tokens. ",defi_rekt,https://de.fi/rekt-database?id=3522,1
2023-05-12,LW,49298.0,0.0,49298.0,,DEX,CPBP,SC-Economic,,FlashLoan Price Manipulation,"DeFiHackLabs entry (FlashLoan Price Manipulation) | Quick Summary LW token's URoter contract was exploited leading to a loss of 49,300 $USD.&nbsp; Details of the Exploit LW is a BEP20 token trading on PancakeSwap. The project's URoter contract was exploited which resulted in a loss of 49,300 $USD. The attacker took out a flash loan worth 1,000,000 $USD and used it to exploit logic flaws in the URoter contract by deploying their own malicious smart contract that drained funds. Once they had succe","defi_rekt,defihacklabs,slowmist",https://de.fi/rekt-database?id=3530 | https://github.com/SunWeb3Sec/DeFiHackLabs/blob/main/past/2023/README.md | https://www.panewslab.com/zh/sqarticledetails/4jq3adah.html,3
2023-05-13,SellToken (SellToken Router v2),197000.0,0.0,197000.0,BSC (BNB Smart Chain),DEX,CPBP,SC-Economic,,Price Dependency,`getAmountOut` (PancakeSwap spot price) used directly as token price — manipulable within a single transaction | BlockSec entry (Vulnerable Price Dependency): tx=0x7d04e953.. attacker=0x1581262f.. | DeFiHackLabs entry (Price Manipulation),"blocksec,defihacklabs,kismp",https://blocksec.com/security-incident?hash=0x7d04e953dad4c880ad72b655a9f56bc5638bf4908213ee9e74360e56fa8d7c6a | https://github.com/SunWeb3Sec/DeFiHackLabs/blob/main/past/2023/README.md | https://github.com/kismp123/DeFi-Security-Incident/blob/main/2023/2023-05-13_SellToken_PriceDependency_BSC.md | https://twitter.com/BlockSecTeam/status/1657324561577435136,3
2023-05-19,Swaprum,3000000.0,0.0,3000000.0,Arbitrum,DEX,IF,Cyber-Operational,Rugpull,Drained Contracts,"rekt.news entry; audit=Out of scope | Quick Summary Swaprum, an Arbitrum-based DEX project, experienced a rugpull by the deployer. The total funds lost reached 2,915,567 $USD. Details of the Exploit Swaprum is a decentralized exchange (DEX) on the Arbitrum network with its token $SAPR. An investigation revealed that Swaprum was subjected to a rugpull by its own deployer who had privileged access to LPs in multiple pools and $SAPR token minting. The exitscam consisted of two main parts:&nbsp; 1) ","defi_rekt,defillama,rekt,slowmist",https://api.llama.fi/hacks | https://de.fi/rekt-database?id=3531 | https://rekt.news/leaderboard | https://twitter.com/hackenclub/status/1659499442041417729?s=46&amp;t=DLwbX9Nw4QECiyZQ0av-fg,4
2023-05-19,WDZD Swap,1100000.0,0.0,1100000.0,,DEX,EF,SC-Technical,,Contract Vulnerability,The DeFi protocol WDZD Swap on BSC was exploited and lost about $1.1 million. The attackers made nine malicious transactions that drained 609 Binance-Pegged ETH from contracts related to the WDZD project.,slowmist,https://web3isgoinggreat.com/?id=wdzd-swap-exploited-for-1-1-million,1
2023-05-20,Swap-LP,1100000.0,0.0,1100000.0,,DEX,EF,SC-Technical,,Contract Vulnerability,"The Swap-LP contract on BNB Chain (0xe0c352c56af65772ac7c9ab45b858cb43d22f28f) has been attacked with a loss of approximately $1.1 million. The attacker (0xdead) transferred the stolen funds to Tornado Cash. specifically, the attacker manipulated a low-level call in the Swap-LP factory address to trigger the 0x33604058 function of the SwapLP pair. This causes all WDZD tokens in the pair to be transferred to the factory address. As a result, the attacker is able to use fewer WDZDs to obtain more ",slowmist,https://bscscan.com/address/0xdEAd40082286F7e57a56D6e5EFE242b9AC83B137,1
2023-05-22,LunaFI,35681.0,0.0,35681.0,,Other,EF,SC-Technical,,Exploit/Other/Other,"Quick Summary LunaFI, a Polygon-based project, was exploited resulting in the loss of 1,500,000 $LFI tokens worth around 36,362 $USD. Details of the Exploit LunaFI is a betting platform running on Polygon. LunaFI's vLFI contract rewarding system was exploited. The attacker found an issue with the claimRewards() function that allowed them to repeatedly claim LFI tokens. As a result of this exploit, approximately 1,500,000 $LFI tokens were stolen which is equivalent to around 36,362 $USD at curren","defi_rekt,slowmist",https://de.fi/rekt-database?id=3546 | https://polygonscan.com/address/0x11576cb3d8d6328cf319e85b10e09a228e84a8de,2
2023-05-23,CS Token,714142.5,0.0,714142.5,BSC (BNB Smart Chain),DEX,CPBP,SC-Economic,,Business Logic,"Excessive LP burn using outdated global variable `sellAmount` — business logic flaw | BlockSec entry (Business Logic Flaw): tx=0x906394b2.. attacker=0x2cdeee96.. | Quick Summary CS token's pool was exploited via a flash loan attack. The attacker used 80,000,000 $USD to manipulate the token price and made a profit of 714,285 $USD. Details of the Exploit CS is a BEP20 token trading on PancakeSwap. The token's CS/USD pool was drained via a flash loan attack. The attack started from the malicious co","blocksec,defi_rekt,kismp,slowmist",https://blocksec.com/security-incident?hash=0x906394b2ee093720955a7d55bff1666f6cf6239e46bea8af99d6352b9687baa4 | https://bscscan.com/tx/0x906394b2ee093720955a7d55bff1666f6cf6239e46bea8af99d6352b9687baa4 | https://de.fi/rekt-database?id=3533 | https://github.com/kismp123/DeFi-Security-Incident/blob/main/2023/2023-05-23_CSToken_BusinessLogic_BSC.md | https://twitter.com/BlockSecTeam/status/1661098394130198528,4
2023-05-24,GPT Token (Generative Pre-trained Transformer Tokens),155000.0,0.0,155000.0,BSC (BNB Smart Chain),Other,EF,SC-Technical,,Fee Mechanism,Flawed fee distribution logic in GPT token `_transfer` — unlimited fee extraction via `pair.skim()` | BlockSec entry (Business Logic Flaw): tx=0xb77cb34c.. attacker=0x054a3574.. | DeFiHackLabs entry (Fee Machenism Exploitation),"blocksec,defihacklabs,kismp",https://blocksec.com/security-incident?hash=0xb77cb34cd01204bdad930d8c172af12462eef58dea16199185b77147d6533391 | https://github.com/SunWeb3Sec/DeFiHackLabs/blob/main/past/2023/README.md | https://github.com/kismp123/DeFi-Security-Incident/blob/main/2023/2023-05-24_GPTToken_FeeMechanism_BSC.md | https://twitter.com/Phalcon_xyz/status/1661424685320634368,3
2023-05-24,Local Traders,116797.5,0.0,116797.5,BSC,Other,EF,SC-Technical,Protocol Logic,Access Control Exploit,"Quick Summary Local Traders, a P2P exchange on Binance Smart Chain was exploited due to a lack of permission checks in their smart contract. The attacker modified the owner and token price resulting in a loss of 115,595 $USD. Details of the Exploit On May 23, 2023, the Local Traders platform was exploited on the Binance Smart Chain resulting in a loss of approximately 379.32 BNB worth around $115,595 at that time. The vulnerability was caused by a lack of permission checks in one of their functi","defi_rekt,defillama",https://api.llama.fi/hacks | https://de.fi/rekt-database?id=3544,2
2023-05-28,Jimbos Protocol,7750000.0,0.0,7750000.0,Arbitrum,Yield,CPBP,SC-Economic,Ecosystem,Flashloan Slippage Attack,"rekt.news entry; audit=Unaudited | Price manipulation followed by protocol asset drain due to missing slippage validation in the investment function (shift) | BlockSec entry (Vulnerable Price Dependency): tx=0x44a0f565.. attacker=0x102be4bc..; tx=0x3c6e053f.. attacker=0x102be4bc..; tx=0xfda5464e.. attacker=0x102be4bc.. | Quick Summary Jimbos Protocol, a decentralized finance (DeFi) liquidity protocol on the Arbitrum system, was hacked on May 28, resulting in a loss of 4,000 Ether (ETH) worth app","blocksec,defi_rekt,defihacklabs,defillama,kismp,rekt,slowmist",https://api.llama.fi/hacks | https://blocksec.com/security-incident?hash=0x44a0f5650a038ab522087c02f734b80e6c748afb207995e757ed67ca037a5eda | https://de.fi/rekt-database?id=3534 | https://github.com/SunWeb3Sec/DeFiHackLabs/blob/main/past/2023/README.md | https://github.com/kismp123/DeFi-Security-Incident/blob/main/2023/2023-05-28_JimbosProtocol_SlippageExploit_ARB.md | https://rekt.news/leaderboard | https://twitter.com/yicunhui2/status/1663793958781353985 | https://www.odaily.news/newsflash/324820?source=share,7
2023-05-29,EDE Finance,619185.0,420170.0,199015.0,,DEX,CPBP,SC-Economic,,Exploit/Other/Other,"Quick Summary EDE Finance was hit by an Oracle Manipulation exploit resulting in a loss of $658,370 $USD. The attacker returned $420,170 to the team but kept the rest. Details of the Exploit EDE Finance is a DEX on the Binance Smart Chain and Arbitrum. The project was exploited through oracle manipulation which resulted in a loss of 658,370 $USD. A white hat hacker was able to exploit the project's vault and stole the assets. Consequently, 420,170 $USD were returned by the white hat to the proje","defi_rekt,slowmist",https://de.fi/rekt-database?id=3540 | https://twitter.com/resdegen/status/1663322636594675713,2
2023-05-31,unshETH,375000.0,0.0,375000.0,,Derivatives,EF,SC-Technical,,Exploit/Access control/Access Control,"Quick Summary UnshETH suffered an access control exploit resulting in the loss of $375,000 $USD worth of farm rewards and protocol liquidity Details of the Exploit UnshETH is a staking and yield protocol in Ethereum and Arbitrum chains. One of the deployer keys for auxiliary unshETH contracts (farms and bridge contracts) was compromised. The security teams narrowed down the scope of impact to USH farm rewards and protocol-owned liquidity. Onchain message communication with the malicious actor wa","defi_rekt,slowmist",https://de.fi/rekt-database?id=3547 | https://twitter.com/unsheth_xyz/status/1664534089704275968,2
2023-05-31,ERC20TokenBank (ExchangeBetweenPools),111000.0,0.0,111000.0,Ethereum Mainnet,DEX,BDSF,Blockchain-Infrastructure,,Price Dependency,"`doExchange()` directly relies on the manipulable Curve Y Pool spot price to withdraw excess USDC from the victim pool | DeFiHackLabs entry (Price Manipulation) | BlockSec entry (Vulnerable Price Dependency): tx=0x578a195e.. attacker=0xc0ffeeba.. | Quick Summary ERC20 Token Bank was targeted in a flash loan attack, but the attacker failed due to a frontrunning by an MEV bot. The bot earned 108,964 $USD. Details of the Exploit An unknown attacker attempted to exploit the ERC20TokenBank contract i","blocksec,defi_rekt,defihacklabs,kismp",https://blocksec.com/security-incident?hash=0x578a195e05f04b19fd8af6358dc6407aa1add87c3167f053beb990d6b4735f26 | https://de.fi/rekt-database?id=3543 | https://github.com/SunWeb3Sec/DeFiHackLabs/blob/main/past/2023/README.md | https://github.com/kismp123/DeFi-Security-Incident/blob/main/2023/2023-05-31_ERC20TokenBank_PriceDependency_ETH.md | https://twitter.com/BlockSecTeam/status/1663810037788311561,4
2023-05-31,Sashimi Swap,3500.0,0.0,3500.0,,DEX,BDSF,Blockchain-Infrastructure,,Flash Loan Attack,"A MEV bot (0xb2…2B96 is the MEV bot call contract, 0xb4…0343 is the single-use MEV bot) borrowed 95,000 WETH (worth nearly $180 million) via flash loan to attack Sashimi Swap. The bot swept away the last remaining money in Sashimi’s investment contract and slETH contract, but only about $3,500. It is reported that Sashimi Swap was attacked in December 2021 and lost $210,000, and the project was subsequently abandoned.",slowmist,https://twitter.com/ArkhamIntel/status/1664210608865042435,1
2023-06-01,DDCoin,300000.0,0.0,300000.0,,DEX,CPBP,SC-Economic,,Flashloan attack and smart contract vulnerability,"DeFiHackLabs entry (Flashloan attack and smart contract vulnerability) | Quick Summary DD coin's Marketplace contract was exploited. The attacker increased their allowances and profited for 306,597 $USD. Details of the Exploit DD coin is a BEP20 token trading on PancakeSwap. DD coin's Marketplace smart contract had a vulnerability that allowed an attacker to increase their allowances by simulating multiple buy/sell actions from their newly deployed smart contracts and the main malicious smart co","defi_rekt,defihacklabs,slowmist",https://bscscan.com/tx/0xd92bf51b9bf464420e1261cfcd8b291ee05d5fbffbfbb316ec95131779f80809 | https://de.fi/rekt-database?id=3545 | https://github.com/SunWeb3Sec/DeFiHackLabs/blob/main/past/2023/README.md,3
2023-06-01,Cellframenet,75528.0,0.0,75528.0,,DEX,CPBP,SC-Economic,,Calculation issues during liquidity migration,"DeFiHackLabs entry (Calculation issues during liquidity migration) | Quick Summary Cellframe Network ($CELL) experienced a flash loan exploit on the Binance Smart Chain, resulting in a loss of 76,112 $USD. Details of the Exploit CELL is a community BEP20 token of the Cellframe Network, trading on PancakeSwap. On June 1st, 2023, Cellframe Network was exploited via a flash loan attack that caused the price to drop -45%. The attacker successfully obtained a profit of 245.52 $BNB and approximately $","defi_rekt,defihacklabs,slowmist",https://de.fi/rekt-database?id=3548 | https://github.com/SunWeb3Sec/DeFiHackLabs/blob/main/past/2023/README.md | https://twitter.com/MistTrack_io/status/1664182095730872320,3
2023-06-02,NST Simple Swap,40000.0,0.0,40000.0,,DEX,EF,SC-Technical,,"Unverified contract, wrong approval","DeFiHackLabs entry (Unverified contract, wrong approval)",defihacklabs,https://github.com/SunWeb3Sec/DeFiHackLabs/blob/main/past/2023/README.md,1
2023-06-02,wDAO EON,29195.0,0.0,29195.0,,DEX,CPBP,SC-Economic,,Exploit/Flash Loan Attack/Flash Loan Attack,"Quick Summary wDAO EON, a DEX project on the Polygon network, was exploited via a flash loan attack resulting in the loss of 29,195 $USD. The initial attacker was front-run by another bot during the exploit. Details of the Exploit The wDAO EON project on Polygon suffered an exploit through a flash loan attack that tried to drain their pool. However, this attempt was frontrun by another bot who took out a flash loan from Balancer and used it to manipulate prices on wDAO EON's pool before returnin",defi_rekt,https://de.fi/rekt-database?id=3549,1
2023-06-02,Hector Lending,653000.0,0.0,653000.0,Fantom,Lending,EF,SC-Technical,Protocol Logic,Unknown,,defillama,https://api.llama.fi/hacks,1
2023-06-06,VINU,6000.0,0.0,6000.0,,Other,CPBP,SC-Economic,,Price Manipulation,DeFiHackLabs entry (Price Manipulation),defihacklabs,https://github.com/SunWeb3Sec/DeFiHackLabs/blob/main/past/2023/README.md,1
2023-06-06,UN,26000.0,0.0,26000.0,,Other,CPBP,SC-Economic,,Price Manipulation,DeFiHackLabs entry (Price Manipulation),defihacklabs,https://github.com/SunWeb3Sec/DeFiHackLabs/blob/main/past/2023/README.md,1
2023-06-07,USEA,1100000.0,0.0,1100000.0,,DEX,IF,Cyber-Operational,,Rug Pull,"A Rug Pull occurred on the USEA token on BNB Chain with a loss of about $1.1 million, and the deployer minted a total of 700 million USEAs via the mint function, then transferred them to EOA addresses and sold 1114468 BUSD via PancakeSwap V3.",slowmist,https://bscscan.com/address/0x11eb8c55603b9720804db178b788f69f7b7a5dc7,1
2023-06-07,CompounderFinance,27174.0,0.0,27174.0,Ethereum,Yield,CPBP,SC-Economic,,Manipulation of funds through fluctuations in the amount of exchangeable assets,DeFiHackLabs entry (Manipulation of funds through fluctuations in the amount of exchangeable assets) | ERC-4626 vault first depositor attack (share price inflation),"defihacklabs,kismp",https://github.com/SunWeb3Sec/DeFiHackLabs/blob/main/past/2023/README.md | https://github.com/kismp123/DeFi-Security-Incident/blob/main/2023/2023-06-12_CompounderFinance_ERC4626Inflation.md,2
2023-06-10,Atlantis Loans,1125811.0,0.0,1125811.0,BSC,Lending,CPBP,SC-Economic,Rugpull,Access Control Exploit,"rekt.news entry; audit=Unaudited | Quick Summary Atlantis Loans, a BSC-based lending protocol, was exploited, leading to a loss of 1,251,622 $USD. Details of the Exploit Atlantis Loans is a Lending and Borrowing platform running on Binance Smart Chain. On June 10, 2023, Atlantis Loans, a DeFi lending protocol on the BNB chain, fell victim to a governance attack. The attacker exploited a vulnerability that allowed them to become the administrator of the token's proxy contract and manipulate its f","defi_rekt,defillama,rekt,slowmist",https://api.llama.fi/hacks | https://bscscan.com/address/0xEADe071FF23bceF312deC938eCE29f7da62CF45b | https://de.fi/rekt-database?id=3558 | https://rekt.news/leaderboard,4
2023-06-11,SellToken04,107135.0,0.0,107135.0,,DEX,CPBP,SC-Economic,,Price Manipulation,"DeFiHackLabs entry (Price Manipulation) | Quick Summary SellToken, a Binance Smart Chain DEX, was exploited, leading to a loss of 12,000,000 $SELLC worth approximately 105,270 $USD. Details of the Exploit An exploiter took a flashloan of 620 $BNB and performed malicious actions involving the Miner contract and PancakeSwap pool. They exploited a logic issue in the sendMiner() function of the Miner contract, stealing over 12,000,000 $SELLC tokens. These were then swapped for 446 $BNB, worth around","defi_rekt,defihacklabs",https://de.fi/rekt-database?id=3557 | https://github.com/SunWeb3Sec/DeFiHackLabs/blob/main/past/2023/README.md,2
2023-06-12,Sturdy V1,800000.0,0.0,800000.0,Ethereum,Lending,CPBP,SC-Economic,Ecosystem,Flashloan Reentrancy Attack,"rekt.news entry; audit=Out of scope | Stale price used during Balancer B-stETH-STABLE pool ETH callback (read-only reentrancy) | DeFiHackLabs entry (Read-Only-Reentrancy) | BlockSec entry (Vulnerable Price Dependency): tx=0xeb87ebc0.. attacker=0x1e8419e7.. | Quick Summary Sturdy Finance, an Ethereum-based lending platform, fell victim to an oracle manipulation exploit, losing 775,332 $USD. Details of the Exploit Sturdy Finance was exploited through an oracle price manipulation attack. In a read-","blocksec,defi_rekt,defihacklabs,defillama,kismp,rekt,slowmist",https://api.llama.fi/hacks | https://blocksec.com/security-incident?hash=0xeb87ebc0a18aca7d2a9ffcabf61aa69c9e8d3c6efade9e2303f8857717fb9eb7 | https://de.fi/rekt-database?id=3559 | https://etherscan.io/address/0x1e8419e724d51e87f78e222d935fbbdeb631a08b | https://github.com/SunWeb3Sec/DeFiHackLabs/blob/main/past/2023/README.md | https://github.com/kismp123/DeFi-Security-Incident/blob/main/2023/2023-06-12_SturdyFinance_ReadOnlyReentrancy_ETH.md | https://rekt.news/leaderboard | https://twitter.com/BlockSecTeam/status/1668084629654638592,7
2023-06-14,Hashflow,620000.0,600000.0,20000.0,,DEX,EF,SC-Technical,,Exploit/Other/Other,"Quick Summary Hashflow, a DEX on Ethereum, was exploited leading to losses of approximately 600,000 $USD. Details of the Exploit On June 14, 2023, Hashflow, a crypto trading platform, encountered an approve-related exploit. This exploit led to the loss of around 600,000 $USD worth of digital assets including $USDT, $USDC, and $DAI. The attacker who carried out the exploit provided a recovery function contract, suggesting they may be a white hat hacker, preventing further losses. Users were instr","defi_rekt,slowmist",https://de.fi/rekt-database?id=3563 | https://twitter.com/hashflow/status/1669031128307572766,2
2023-06-14,Tropykus RSK,150000.0,0.0,150000.0,Rootstock,Lending,EF,SC-Technical,Protocol Logic,Redeem Rounding Error Exploit,,defillama,https://api.llama.fi/hacks,1
2023-06-15,Hyperliquid,37000.0,0.0,37000.0,Arbitrum,Derivatives,CPBP,SC-Economic,Ecosystem,CEX Price Manipulation Attack,,defillama,https://api.llama.fi/hacks,1
2023-06-15,DEPUSDT_LEVUSDC,105400.0,0.0,105400.0,,DEX,EF,SC-Technical,,Incorrect access control,"DeFiHackLabs entry (Incorrect access control) | DEP/USDT and LEV/USDC pools were stolen with 105,800 stablecoins worth (36,000 USDC and 69,960,000 USDT), and the attackers initially received 1 ETH of initial funding from Tornado Cash.","defihacklabs,slowmist",https://github.com/SunWeb3Sec/DeFiHackLabs/blob/main/past/2023/README.md | https://www.panewslab.com/zh/sqarticledetails/xbxdm9ar.html,2
2023-06-15,CFC,16000.0,0.0,16000.0,,DEX,EF,SC-Technical,,Uniswap Skim() token balance attack,DeFiHackLabs entry (Uniswap Skim() token balance attack),defihacklabs,https://github.com/SunWeb3Sec/DeFiHackLabs/blob/main/past/2023/README.md,1
2023-06-17,Pawnfi,820000.0,0.0,820000.0,Ethereum,Lending,EF,SC-Technical,,Untrusted Input,"Unauthorized `setCollectRate()` call permitted — staking collect rate manipulated via untrusted input | DeFiHackLabs entry (Business Logic Flaw) | BlockSec entry (Lack of Input Validation): tx=0xe855cc3b.. attacker=0x8f7370d5.. | Quick Summary Pawnfi, an Ethereum-based NFT project, was exploited resulting in a loss of 633,411 $USD. Details of the Exploit Several Pawnfi contracts including ApeStaking were exploited, leading to a total funds loss of 633,441 $USD worth of 366.77 $ETH. The attacker ","blocksec,defi_rekt,defihacklabs,kismp",https://blocksec.com/security-incident?hash=0xe855cc3bad87933bf742fd474bd0ae0ec58d45e9c1a0643b9700dafe8faf0864 | https://blog.solidityscan.com/pawnfi-hack-analysis-38ac9160cbb4 | https://de.fi/rekt-database?id=3565 | https://github.com/SunWeb3Sec/DeFiHackLabs/blob/main/past/2023/README.md | https://github.com/kismp123/DeFi-Security-Incident/blob/main/2023/2023-06-17_Pawnfi_UntrustedInput_ETH.md,4
2023-06-17,Midas Capital,600000.0,0.0,600000.0,BSC,Lending,EF,SC-Technical,Protocol Logic,Redeem Rounding Error Exploit,"rekt.news entry; audit=Out of scope | Quick Summary Midas Capital, a lending platform, was exploited resulting in a loss of over 600,000 $USD. Details of the Exploit The Midas Capital, a borrowing and lending platform on the Binance Smart Chain, was exploited by a logic flaw in one of its contracts with unverified source code. As a result, the attacker was able to drain over 600,000 $USD worth of various tokens in stablecoins and $BNB. Part of the stolen amount was swapped for 510 $BNB and then ","blocksec,defi_rekt,defihacklabs,defillama,kismp,rekt,slowmist",https://api.llama.fi/hacks | https://blocksec.com/security-incident?hash=0x4a304ff08851106691f626045b0f55d403e3a0958363bdf82b96e8ce7209c3a6 | https://de.fi/rekt-database?id=3566 | https://github.com/SunWeb3Sec/DeFiHackLabs/blob/main/past/2023/README.md | https://github.com/kismp123/DeFi-Security-Incident/blob/main/2023/2023-06-17_MidasCapitalXYZ_PrecisionLoss_BSC.md | https://rekt.news/leaderboard | https://www.panewslab.com/zh/articledetails/7xmbgnkh.html | https://x.com/BlockSecTeam/status/1670145829204819969,7
2023-06-23,Shido Global,235462.0,0.0,235462.0,,DEX,EDPM,Cyber-Operational,,Exploit/Other/Other,"Quick Summary Shido Global was exploited due to a smart contract configuration error, resulting in a loss of 235,458 $USD. Details of the Exploit Shido Global, a Cosmos-based blockchain with EVM compatibility, was exploited due to a configuration error in the lock and claim mechanism, as well as the price difference between their old and new token pools in PancakeSwap. The attacker initially took a flash loan of 40 $BNB and swapped it to obtain a large amount of Shido tokens. Then, the attacker ",defi_rekt,https://de.fi/rekt-database?id=3575,1
2023-06-27,Themis Protocol,370000.0,0.0,370000.0,Arbitrum,Lending,CPBP,SC-Economic,Ecosystem,Flashloan Price Oracle Attack,"Quick Summary Themis Protocol suffered a flashloan exploit which leads to a $367,748 USD loss in various assets. Details of the Exploit Themis Protocol, an Arbitrum-based lending protocol, fell victim to a flash loan attack. The attacker deployed a malicious contract with unverified source code which allowed them to exploit multiple pools of the Themis Protocol, including tArbWETH, tArbUSDC, tArbARB, tArbWBTC, tArbDAI, and tArbUSDT. The stolen assets were swapped to ETH, USDT, and USDC within th","defi_rekt,defihacklabs,defillama,slowmist",https://api.llama.fi/hacks | https://de.fi/rekt-database?id=3581 | https://github.com/SunWeb3Sec/DeFiHackLabs/blob/main/past/2023/README.md | https://twitter.com/ThemisProtocol/status/1673806486299099137,4
2023-06-27,Chibi Finance,1026323.0,0.0,1026323.0,,Yield,IF,Cyber-Operational,,Exit Scam/Rugpull/Rugpull,"Quick Summary The Chibi Finance project on the Arbitrum network was hit by a rugpull, resulting in a loss of 1,052,646 $USD. Details of the Exploit Chibi Finance is an Arbitrum-based yield farming protocol. On June 27, 2023, a malicious transaction with draining assets from three contracts took place. A scammer used a privileged function setSettings() to set a malicious contract as a Governance contract. They then withdrew funds from three smart contracts: StrategyAave, StrategySushiSwap, and St","defi_rekt,slowmist",https://de.fi/rekt-database?id=3577 | https://foresightnews.pro/news/detail/25306,2
2023-06-30,Biswap,710000.0,0.0,710000.0,,DEX,EF,SC-Technical,,V3Migrator Exploit,"DeFiHackLabs entry (V3Migrator Exploit) | Quick Summary BiSwap, a DEX on Binance Smart Chain, was exploited, resulting in the loss of 865,000 $USD. Details of the Exploit BiSwap is a DEX, running on BSC. The protocol was exploited via a parameter validation issue. In an intricate exploit, BiSwap's system failed to verify the validity of tokens and their pair parameters, which was taken advantage of by an attacker. By forging token0, token1, and a pair, the attacker was able to manipulate the mig","defi_rekt,defihacklabs,slowmist",https://de.fi/rekt-database?id=3591 | https://github.com/SunWeb3Sec/DeFiHackLabs/blob/main/past/2023/README.md | https://twitter.com/Biswap_Dex/status/1674871633461272578,3
2023-07-01,Carson Token,150000.0,0.0,150000.0,BSC (BNB Smart Chain),DEX,CPBP,SC-Economic,,Price Dependency,"Custom AMM pair contract relies on the current block's spot price, making it vulnerable to flash loan-based price manipulation",kismp,https://github.com/kismp123/DeFi-Security-Incident/blob/main/2023/2023-07-01_CarsonToken_PriceDependency_BSC.md,1
2023-07-02,Aave fork,930000.0,0.0,930000.0,,Lending,CPBP,SC-Economic,,Governance Attack,"The Aave fork project on the Pulse chain suffered a governance attack. The hacker first purchased a large number of Aave tokens to obtain the governance authority of the Aave fork project, and then created multiple contracts. The hacker seemed to want to use the governance authority to modify the implementation of the proxy contract Address, using the user&#39;s authorization to the contract that has not been canceled, to transfer the user&#39;s funds away. Such as WBTC, YFI, BAL, AAVE, UNI and ",slowmist,https://www.panewslab.com/zh/sqarticledetails/kaucoe3r.html,1
2023-07-02,Poly Network,7500000.0,0.0,7500000.0,"Ethereum,BSC,Polygon",Bridge,EF,SC-Technical,Infrastructure,Private Key Compromised (Unknown Method),"rekt.news entry; audit=N/A | Quick Summary Poly Network, a crosschain bridge, suffered an exploit leading to a loss of 5,196.95 $ETH, equivalent to 10,201,612 $USD. Details of the Exploit The Poly Network suffered an attack via access control, where the exploiter was able to generate signatures possibly using the project's wallets, and drained significant amounts of various assets in multiple chains, including Ethereum, Binance Smart Chain, Avalance, and Metis. After the first distinct attack, t","defi_rekt,defillama,rekt,slowmist",https://api.llama.fi/hacks | https://de.fi/rekt-database?id=3585 | https://polynetwork.medium.com/the-poly-network-exploit-analysis-b0a77aff6078 | https://rekt.news/leaderboard,4
2023-07-04,Rodeo,1289000.0,810000.0,479000.0,Arbitrum,Yield,CPBP,SC-Economic,Protocol Logic,Mint Reserves Logic Exploit,"BlockSec entry (Vulnerable Price Dependency): tx=0xb1be5dee.. attacker=0x2f3788f2.. | Quick Summary Rodeo Finance, a Yield Protocol on Arbitrum, was exploited through an oracle issue causing a loss of 1,690,000 $USD. Details of the Exploit Rodeo Finance was hit by an exploit resulting in a loss of approximately $880k stolen from the lending pool. Although the total impact was $1.7M, around $810k was recovered. The exploit occurred due to a sandwich attack on one of the oracles meant to be twap f","blocksec,defi_rekt,defillama,slowmist",https://api.llama.fi/hacks | https://blocksec.com/security-incident?hash=0xb1be5dee3852c818af742f5dd44def285b497ffc5c2eda0d893af542a09fb25a | https://de.fi/rekt-database?id=3597 | https://medium.com/@Rodeo_Finance/rodeo-post-mortem-overview-f35635c14101 | https://twitter.com/Phalcon_xyz/status/1678765773396008967,4
2023-07-04,BaoCommunity,46000.0,0.0,46000.0,,Yield,EF,SC-Technical,,Donate Inflation ExchangeRate && Rounding Error,DeFiHackLabs entry (Donate Inflation ExchangeRate && Rounding Error),defihacklabs,https://github.com/SunWeb3Sec/DeFiHackLabs/blob/main/past/2023/README.md,1
2023-07-07,Multichain,126000000.0,0.0,126000000.0,"Moonriver,BSC,Fantom",Bridge,IF,Cyber-Operational,Infrastructure,Private Key Compromised (Unknown Method),"rekt.news entry; audit=N/A | Multichain's CEO Zhaojun held unilateral access to the MPC signing keys used by all Multichain bridge routers. When Zhaojun was detained by Chinese police in May 2023, the team lost access to server infrastructure. Funds sat in limbo until July 6–7, when large unauthorized outflows occurred — likely from authorities or parties with access to the seized infrastructure. | Quick Summary Multichain, a crosschain bridge, was exploited leading to an estimated loss of 231,0","defi_rekt,defillama,kismp,rekt,slowmist",https://api.llama.fi/hacks | https://de.fi/rekt-database?id=3593 | https://github.com/kismp123/DeFi-Security-Incident/blob/main/2023/2023-07-06_Multichain_BridgeDrain_Multi.md | https://rekt.news/leaderboard | https://www.theblock.co/post/238206/tens-of-millions-of-dollars-withdrawn-from-multichain-on-fantom-in-possible-exploit,5
2023-07-08,Civfund,172500.0,0.0,172500.0,,Yield,EF,SC-Technical,,Lack of access control,"DeFiHackLabs entry (Lack of access control) | CivFund&#39;s ETH contract was attacked and lost $180,000. The attacker calls uniswapV3MintCallback to transfer funds approved by other users. Please revoke approval for the contract under attack as soon as possible.","defihacklabs,slowmist",https://github.com/SunWeb3Sec/DeFiHackLabs/blob/main/past/2023/README.md | https://twitter.com/revokecash/status/1677729762653995011?s=46&amp;t=DLwbX9Nw4QECiyZQ0av-fg,2
2023-07-10,Arcadia V1,455000.0,0.0,455000.0,"Ethereum,Optimism",DEX,CPBP,SC-Economic,Ecosystem,Flashloan Reentrancy Attack,"Quick Summary Arcadia Finance, a decentralized trading platform, was exploited through reentrancy on both Ethereum and Optimism, losing 459,094 $USD. Details of the Exploit Arcadia Finance, a DEX on Ethereum and Optimism chain was exploited due to a code vulnerability leading to the loss of funds on both Ethereum and Optimism chains. The hacker utilized a loophole in the code which lacked proper validation of untrusted input, draining assets from Ethereum (darcWETH) and Optimism (darcUSDC) vault","blocksec,defi_rekt,defillama,kismp,slowmist",https://api.llama.fi/hacks | https://blocksec.com/security-incident?hash=0xefc4ac015069fdf9946997be0459db44c0491221159220be782454c32ec2d651 | https://de.fi/rekt-database?id=3595 | https://github.com/kismp123/DeFi-Security-Incident/blob/main/2023/2023-07-10_ArcadiaFinance_Reentrancy_OP.md | https://twitter.com/Phalcon_xyz/status/1678250590709899264 | https://twitter.com/Phalcon_xyz/status/1678270672911605760,5
2023-07-10,ArcadiaFi,400000.0,0.0,400000.0,,DEX,EF,SC-Technical,,Reentrancy,DeFiHackLabs entry (Reentrancy),defihacklabs,https://github.com/SunWeb3Sec/DeFiHackLabs/blob/main/past/2023/README.md,1
2023-07-11,RodeoFinance,888000.0,0.0,888000.0,,Yield,CPBP,SC-Economic,,TWAP Oracle Manipulation,DeFiHackLabs entry (TWAP Oracle Manipulation),defihacklabs,https://github.com/SunWeb3Sec/DeFiHackLabs/blob/main/past/2023/README.md,1
2023-07-11,Platypus Finance,51000.0,0.0,51000.0,,DEX,EF,SC-Technical,,Exploit/Reentrancy/Reentrancy,"Quick Summary Platypus Finance, an Avalanche-based DEX, was exploited in a reentrancy attack causing a loss of 51,840 $USD. Details of the Exploit Platypus Finance faced an exploit that caused a loss of approximately $51k. The exploit emerged due to an issue with the liquidity conversion calculation for LP-USDC, which resulted in an excessively large quantity calculation for USDC.e when swapping USDC for USDC.e. The call to asset.addLiability() in the _deposit function caused an increase in the ","defi_rekt,defihacklabs,slowmist",https://de.fi/rekt-database?id=3601 | https://github.com/SunWeb3Sec/DeFiHackLabs/blob/main/past/2023/README.md | https://snowtrace.io/address/0xc64afc460290ed3df848f378621b96cb7179521a,3
2023-07-11,Libertify (LibertiVault),452000.0,0.0,452000.0,Polygon,Yield,EF,SC-Technical,,Reentrancy,"The `deposit()` function allowed an external 1inch swap callback without reentrancy protection, enabling double share minting within the same transaction | DeFiHackLabs entry (Reentrancy) | BlockSec entry (Reentrancy): tx=0xcb0ad9da.. attacker=0xfd2d3ffb..; tx=0x7320acce.. attacker=0xfd2d3ffb.. | Quick Summary Libertify, a portfolio manager, was exploited due to a reentrancy flaw, resulting in a loss of 452,114 $USD across Ethereum and Polygon chains. Details of the Exploit The exploit of the Li","blocksec,defi_rekt,defihacklabs,kismp,slowmist",https://blocksec.com/security-incident?hash=0xcb0ad9da33ecabf75df0a24aabf8a4517e4a7c5b1b2f11fee3b6a1ad9299a282 | https://de.fi/rekt-database?id=3602 | https://github.com/SunWeb3Sec/DeFiHackLabs/blob/main/past/2023/README.md | https://github.com/kismp123/DeFi-Security-Incident/blob/main/2023/2023-07-11_Libertify_Reentrancy_Polygon.md | https://twitter.com/Phalcon_xyz/status/1678694679767031809 | https://www.odaily.news/newsflash/329192,5
2023-07-13,Ethscriptions.com,2828.0,0.0,2828.0,,Other,EF,SC-Technical,,Contract Vulnerability,"Ethscriptions.com was hacked, and about 123 individual addresses lost a total of about 202 Ethscriptions. In terms of value, it is unclear how much the attack caused. Based on the current lowest price of $14, the loss is at least $2,828. Ethscriptions creator Tom Lehman stated that this is not a vulnerability in the Ethscriptions protocol. This is a vulnerability in a specific smart contract (0x3ca843b98a2fe8ef69bb0f169afad3812c275f5e). The protocol itself and other applications running on it ar",slowmist,https://twitter.com/dumbnamenumbers/status/1679259067833786374,1
2023-07-16,USDTStakingContract28,21000.0,0.0,21000.0,Ethereum,Yield,EF,SC-Technical,,Approval,"`tokenAllowAll()` function externally callable, allowing arbitrary token approvals",kismp,https://github.com/kismp123/DeFi-Security-Incident/blob/main/2023/2023-07-16_USDTStaking_Approval.md,1
2023-07-17,NewFi,31000.0,0.0,31000.0,,DEX,EF,SC-Technical,,Lack Slippage Protection,DeFiHackLabs entry (Lack Slippage Protection),defihacklabs,https://github.com/SunWeb3Sec/DeFiHackLabs/blob/main/past/2023/README.md,1
2023-07-18,BNO,502500.0,0.0,502500.0,,Yield,CPBP,SC-Economic,,Invalid emergency withdraw mechanism,"DeFiHackLabs entry (Invalid emergency withdraw mechanism) | BNO suffered a flash loan attack on BNBChain, resulting in a loss of about $500,000 due to business logic problems. The root cause of the attack is a problem with the reward calculation mechanism in the pool that supports NFT and ERC20 token rights. The pool has an &quot;emergencyWithdraw&quot; function that allows users to withdraw their ERC20 token stake immediately. Crucially, however, this feature does not process or interpret NFT s","defihacklabs,slowmist",https://blog.solidityscan.com/bno-hack-analysis-15436d73e44e | https://github.com/SunWeb3Sec/DeFiHackLabs/blob/main/past/2023/README.md,2
2023-07-18,APEDAO,7000.0,0.0,7000.0,,Yield,EF,SC-Technical,,Business Logic Flaw,"DeFiHackLabs entry (Business Logic Flaw) | APEDAO on the BNB chain was attacked and the loss was approximately $7,000. The attacker transferred APEDAO to the pair contract. The APEDAO contract mistook the attacker&#39;s behavior as a selling operation and gradually accumulated a value named &quot;amountToDead&quot;. The attacker repeatedly transferred APEDAO and then used the skim function to withdraw excess tokens. Eventually, the attacker calls the godead function to destroy APEDAO held in the","defihacklabs,slowmist",https://github.com/SunWeb3Sec/DeFiHackLabs/blob/main/past/2023/README.md | https://twitter.com/BeosinAlert/status/1681316257034035201,2
2023-07-20,Utopia,119509.0,0.0,119509.0,,Other,EF,SC-Technical,,Business Logic Flaw,"DeFiHackLabs entry (Business Logic Flaw) | Quick Summary Utopia, a BEP20 token, was exploited on Jul 20, 2023, resulting in a loss of 500.1 BNB worth approximately 120,024 $USD. Details of the Exploit On Jul 20, 2023, Utopia's contract was exploited on the Binance Smart Chain. The nature of the exploit falls under the ""Other"" category, as specific details were not provided. The attacker successfully manipulated the contract and stole funds equivalent to 500.1 BNB, or roughly 120,024 $USD. Follow","defi_rekt,defihacklabs",https://de.fi/rekt-database?id=3668 | https://github.com/SunWeb3Sec/DeFiHackLabs/blob/main/past/2023/README.md,2
2023-07-20,FFIST,110000.0,0.0,110000.0,BSC,Other,EF,SC-Technical,,Business Logic Flaw,DeFiHackLabs entry (Business Logic Flaw) | BlockSec entry (Business Logic Flaw): tx=0x199c4b88.. attacker=0xcc861733..,"blocksec,defihacklabs",https://blocksec.com/security-incident?hash=0x199c4b88cab6b4b495b9d91af98e746811dd8f82f43117c48205e6332db9f0e0 | https://github.com/SunWeb3Sec/DeFiHackLabs/blob/main/past/2023/README.md | https://twitter.com/Phalcon_xyz/status/1681869807698984961,2
2023-07-21,Conic Finance,3225000.0,0.0,3225000.0,Ethereum,Yield,EDPM,Cyber-Operational,Ecosystem,Flashloan Reentrancy Attack,"rekt.news entry; audit=Out of scope | Stale virtual_price used during Curve pool ETH callback (read-only reentrancy) | DeFiHackLabs entry (Read-Only-Reentrancy && MisConfiguration) | BlockSec entry (Vulnerable Price Dependency): tx=0x8b74995d.. attacker=0x8d67db0b.. | Quick Summary Conic Finance on Ethereum was exploited due to a reentrancy issue, resulting in a loss of 3,254,850 $USD. Details of the Exploit Conic Finance is a protocol for liquidity providers on Curve pools. The project fell vic","blocksec,defi_rekt,defihacklabs,defillama,kismp,rekt,slowmist",https://api.llama.fi/hacks | https://blocksec.com/security-incident?hash=0x8b74995d1d61d3d7547575649136b8765acb22882960f0636941c44ec7bbe146 | https://de.fi/rekt-database?id=3606 | https://github.com/SunWeb3Sec/DeFiHackLabs/blob/main/past/2023/README.md | https://github.com/kismp123/DeFi-Security-Incident/blob/main/2023/2023-07-21_ConicFinance_ReadOnlyReentrancy_ETH.md | https://rekt.news/leaderboard | https://twitter.com/BlockSecTeam/status/1682356244299010049 | https://twitter.com/ConicFinance/status/1682385596700844032 | https://twitter.com/ConicFinance/status/1682524319518269440,7
2023-07-21,SUT,8000.0,0.0,8000.0,,Other,EF,SC-Technical,,Business Logic Flaw,DeFiHackLabs entry (Business Logic Flaw),defihacklabs,https://github.com/SunWeb3Sec/DeFiHackLabs/blob/main/past/2023/README.md,1
2023-07-22,Wettok Market,189905.0,0.0,189905.0,,DEX,IF,Cyber-Operational,,Exit Scam/Rugpull/Rugpull,"Quick Summary Wettok Market project was rugpulled by its deployer who stole assets worth 189,905 $USD including 164,996 $USDT and 103 $BNB. Details of the Exploit Wettok Market (WTO) is a BEP20 token trading on the PancakeSwap. The token deployer minted 1 billion $WTO tokens to an EOA address controlled by the scammer. The scammer drained the liquidity pool through multiple transactions, causing significant financial loss. Notably, 100 $BNB, part of the stolen assets, were transferred through To",defi_rekt,https://de.fi/rekt-database?id=3610,1
2023-07-24,Palmswap,900000.0,0.0,900000.0,BSC,Derivatives,CPBP,SC-Economic,Protocol Logic,Inflationary Accounting Manipulation,"Vault balance manipulation via flash loan to distort PLP/USDP exchange rate (price oracle), then profit extraction | DeFiHackLabs entry (Business Logic Flaw) | BlockSec entry (Vulnerable Price Dependency): tx=0x62dba550.. attacker=0xf84efa8a.. | Quick Summary $900K USD Lost in USDP Staking and Liquidity Exploit. Details of the Exploit The root cause appears to be a design error in the USDP project's staking mechanism, which supports adding and removing liquidity. While the calculation of LP toke","blocksec,defi_rekt,defihacklabs,defillama,kismp,slowmist",https://api.llama.fi/hacks | https://blocksec.com/security-incident?hash=0x62dba55054fa628845fecded658ff5b1ec1c5823f1a5e0118601aa455a30eac9 | https://de.fi/rekt-database?id=3631 | https://github.com/SunWeb3Sec/DeFiHackLabs/blob/main/past/2023/README.md | https://github.com/kismp123/DeFi-Security-Incident/blob/main/2023/2023-07-24_Palmswap_OracleManipulation_BSC.md | https://mp.weixin.qq.com/s/qoZaQbPZMx4nuP-I8EgCEA | https://twitter.com/BlockSecTeam/status/1683680026766737408,6
2023-07-25,EraLend,3400000.0,0.0,3400000.0,zkSync Era,Lending,EF,SC-Technical,Protocol Logic,Reentrancy,"rekt.news entry; audit=Out of scope | Quick Summary EraLend, a zkSync Era lending protocol, was exploited via a read-only reentrancy attack, leading to a loss of approximately 3,400,000 $USD. Details of the Exploit EraLend, a lending protocol on zkSync Era, fell victim to an exploit. The root cause has been identified as a read-only reentrancy attack, which resulted in a substantial loss of around 3,400,000 $USD. Block Data Reference Attacker Address: https://explorer.zksync.io/accounts/0xf1D076","defi_rekt,defillama,rekt,slowmist",https://api.llama.fi/hacks | https://de.fi/rekt-database?id=3633 | https://rekt.news/leaderboard | https://twitter.com/Era_Lend/status/1683897328938389505,4
2023-07-26,Carson Token,147500.0,0.0,147500.0,BSC,DEX,CPBP,SC-Economic,,Vulnerable Price Dependency,"BlockSec entry (Vulnerable Price Dependency): tx=0xcd781fec.. attacker=0x25bcbbb9..; tx=0xed52a42b.. attacker=0x25bcbbb9..; tx=0x6a94a644.. attacker=0x25bcbbb9.. | DeFiHackLabs entry (Price manipulation) | Quick Summary Carson ERC20 Token Suffers Flash Loan Attack Resulting in Loss of $144,000 Worth 600 BNB. Details of the Exploit On July 26th, 2023, Carson, an ERC20 token trading on UniSwap, was attacked through a flash loan exploit. The attacker targeted the UniSwap pool, stealing funds that w","blocksec,defi_rekt,defihacklabs,slowmist",https://blocksec.com/security-incident?hash=0xcd781fec34b46f8c7372a9fcc7604c210b40442dc4f1a5c274fc3f9283df39ce | https://de.fi/rekt-database?id=3667 | https://github.com/SunWeb3Sec/DeFiHackLabs/blob/main/past/2023/README.md | https://twitter.com/BeosinAlert/status/1684393202252402688?s=20 | https://twitter.com/Phalcon_xyz/status/1684272129859289088,4
2023-07-27,DeFiLabs,1600000.0,0.0,1600000.0,,Yield,IF,Cyber-Operational,,Rug Pull,"rekt.news entry; audit=Out of scope | DefiLabs on the BNB chain has run away, taking about $1.6 million. The privileged address 0xee08 drains user funds by exploiting the backdoor function withdrawFunds() in the vPoolv6 contract. DeFiLabs claimed on Twitter that the platform had “experienced unexpected issues” while it was “going through maintenance and updates.”","rekt,slowmist",https://rekt.news/leaderboard | https://twitter.com/BeosinAlert/status/1684736475815157760,2
2023-07-28,Pond0x,2200000.0,0.0,2200000.0,,DEX,EF,SC-Technical,,Contract Vulnerability,"A serious flaw in Pond0x, the Pepe the Frog-branded MEME coin launched by Pauly0x, caused traders to lose at least $2.2 million after it was discovered that anyone could transfer tokens belonging to someone else. People quickly started scrambling to steal money from each other. Pauly0x responded by blaming traders who were buying and selling tokens, with various Twitter posts the next day saying he was teaching people a lesson that it wasn’t his fault that people lost money. He wrote to angry tr",slowmist,https://twitter.com/YazanXBT/status/1684971383590199325,1
2023-07-30,Curve DEX,60000000.0,6820757.0,53179243.0,Ethereum,DEX,EF,SC-Technical,Infrastructure,Vyper Compiler Bug,"rekt.news entry; audit=N/A | Vyper compiler (0.2.15, 0.2.16, 0.3.0) bug causing `@nonreentrant` decorator malfunction | DeFiHackLabs entry (Vyper Compiler Bug && Reentrancy) | BlockSec entry (Reentrancy): tx=0x006763df.. attacker=0x77c41798..; tx=0xe928d5de.. attacker=0xc0ffeeba..; tx=0xcd99fadd.. attacker=0xc0ffeeba.. | Quick Summary Vulnerability in Vyper Compiler exploited, causing a loss of 50,476,970 USD across multiple projects. Details of the Exploit The Vyper Compiler, a tool designed fo","blocksec,defi_rekt,defihacklabs,defillama,kismp,rekt,slowmist",https://api.llama.fi/hacks | https://blocksec.com/blog/curve-incident-compiler-error-produces-faulty-bytecode-from-innocent-source-code | https://blocksec.com/security-incident?hash=0x006763dff653ecddfd3681181a29e7e6d6c2aaa7bafb27fe1376f3f7ce367c1e | https://de.fi/rekt-database?id=3643 | https://github.com/SunWeb3Sec/DeFiHackLabs/blob/main/past/2023/README.md | https://github.com/kismp123/DeFi-Security-Incident/blob/main/2023/2023-07-30_Curve_VyperReentrancy_ETH.md | https://rekt.news/leaderboard | https://www.panewslab.com/zh/sqarticledetails/wu339f1f.html,7
2023-07-30,Alchemix,35315843.0,0.0,35315843.0,,Yield,EF,SC-Technical,,Affected by Vyper Vulnerability,"DeFi lending protocol Alchemix said on Twitter that after receiving notification from Curve Finance that the altH/ETH pool was attacked due to a Vyper bug, Alchemix quickly began removing AMO-controlled liquidity from the Curve pool through the AMO contract. The exploit was performed on the Curve pool contract. The Alchemix smart contract has not been compromised in any way and funds are safe. executed on the contract. Three transactions are required: unstake LP tokens from Convex, withdraw alET",slowmist,https://twitter.com/AlchemixFi/status/1685737632133971968,1
2023-07-30,JPEG&#39;d,11363266.0,0.0,11363266.0,,DEX,EF,SC-Technical,,Reentrancy Attack,"The NFT lending platform JPEG&#39;d was hacked, and JPEG tokens fell by 40% in a short period of time, with a loss of at least about $10 million. The root cause is re-entry. When the attacker calls the remove_liquidity function to remove liquidity, he adds liquidity by re-entering the add liquidity function. Because the balance update is before re-entering the add_liquidity function, the price calculation is wrong. JPEG&#39;d tweeted that the PETH-ETH curve pool was attacked. The vault contract ",slowmist,https://www.panewslab.com/zh/sqarticledetails/670e3s1g.html,1
2023-07-30,Kannagi,2100000.0,0.0,2100000.0,"zkSync Era,Ethereum",Yield,IF,Cyber-Operational,Rugpull,Drained Contracts,"rekt.news entry; audit=Out of scope | Kannagi Finance has rug pulled, making away with up to $2.13 million in investor funds. The platform runs o the zkSync Era, which is in the race for the best Ethereum Layer 2 network. The network has deleted its official website, including social media and communication accounts.","defillama,rekt,slowmist",https://api.llama.fi/hacks | https://rekt.news/leaderboard | https://www.fxstreet.com/cryptocurrencies/news/zksync-era-revenue-aggregator-protocol-kannagi-finance-has-reportedly-rug-pulled-over-2-million-2023072,3
2023-08-01,LeetSwap,629291.5,0.0,629291.5,Base,DEX,EF,SC-Technical,Protocol Logic,Liquidity Pools Compromised,"No access control on `_transferFeesSupportingTaxTokens()` — anyone can transfer tokens out of the pair contract | DeFiHackLabs entry (Access Control) | BlockSec entry (Access Control Issue): tx=0xf0c2ed12.. attacker=0x705f7361.. | Quick Summary LeetSwap, an AMM-based DEX on Base chain, was exploited, resulting in a loss of 342.56 ETH worth 628,583 USD. Details of the Exploit On Aug 01, 2023, LeetSwap's AMM-based DEX running on Base chain was exploited. The attacker executed a sequence of malicio","blocksec,defi_rekt,defihacklabs,defillama,kismp,slowmist",https://api.llama.fi/hacks | https://blocksec.com/security-incident?hash=0xf0c2ed12a446713d6e38e7a4f0e05d45360ee9305b7d6e0b796fc44f848f6052 | https://de.fi/rekt-database?id=3644 | https://github.com/SunWeb3Sec/DeFiHackLabs/blob/main/past/2023/README.md | https://github.com/kismp123/DeFi-Security-Incident/blob/main/2023/2023-08-01_LeetSwap_AccessControl_Base.md | https://twitter.com/BlockSecTeam/status/1686217464051539968 | https://twitter.com/LeetSwap/status/1686190488506769408,6
2023-08-02,Bald,23650000.0,0.0,23650000.0,Base,DEX,IF,Cyber-Operational,Rugpull,Drained Liquidity Pool,"rekt.news entry; audit=N/A | A MEME coin called BALD, built on the Coinbase Base test network, appears to have pulled in at least $25.6 million. Although the Base network was intended to be used for developer testing, an anonymous cryptocurrency user named &quot;Bald&quot; announced that they would be selling BALD tokens on the Base network, and the token&#39;s price skyrocketed. However, token deployers emptied liquidity pools of around $25.6 million worth of tokens just two days after launch, ","defillama,rekt,slowmist",https://api.llama.fi/hacks | https://decrypt.co/150693/following-meme-coin-mania-on-coinbases-base-one-token-appears-to-be-a-rug | https://rekt.news/leaderboard,3
2023-08-02,CurveBurner,36000.0,0.0,36000.0,,DEX,EF,SC-Technical,,Lack Slippage Protection,DeFiHackLabs entry (Lack Slippage Protection),defihacklabs,https://github.com/SunWeb3Sec/DeFiHackLabs/blob/main/past/2023/README.md,1
2023-08-07,Speadefi,1148309.0,0.0,1148309.0,,Yield,EF,SC-Technical,,Exploit/Access control/Access Control,"Quick Summary Steadefi, a Yield Aggregator on Arbitrum and Avalanche, was exploited, losing 624.63 ETH worth 1,148,309 USD. Details of the Exploit On Aug 07, 2023, Steadefi's multiple pools on both Arbitrum and Avalanche chains were exploited due to compromised private keys of the deployer. The attacker changed the owner of the pools to another EOA and utilized owner privileges to withdraw various assets including WBTC, WETH, and USDC. These stolen funds were bridged to the Ethereum chain via th",defi_rekt,https://de.fi/rekt-database?id=3658,1
2023-08-07,Cypher,1000000.0,0.0,1000000.0,Solana,Derivatives,EF,SC-Technical,nan,Unknown,"Quick Summary Cypher Protocol, a decentralized futures exchange built on the Solana blockchain, was forced to freeze its smart contract after falling victim to an estimated $1 million exploit. The platform's team is actively investigating the incident and attempting to negotiate the return of stolen funds. Details of the Exploit On August 7, Cypher Protocol took to X (formerly known as Twitter) to inform its 13,500 followers about a security breach that had led to the suspension of its smart con","defi_rekt,defillama,slowmist",https://api.llama.fi/hacks | https://de.fi/rekt-database?id=3660 | https://twitter.com/cypher_protocol/status/1688641036476731393,3
2023-08-08,Steadefi,1157000.0,0.0,1157000.0,Ethereum,Yield,EF,SC-Technical,Protocol Logic,Deployer Wallet Compromised,"rekt.news entry; audit=N/A | Steadefi, an automated yield leveraged strategy platform, tweeted: “Our protocol deployer wallet (which is also the owner of all vaults in the protocol) has been compromised. Attackers have transferred ownership of all vaults (borrows and strategies) to them in a wallet controlled by the user and continue to take various owner-only operations, such as allowing any wallet to be able to borrow any available funds from the lending vault. Currently, all available lending","defillama,rekt,slowmist",https://api.llama.fi/hacks | https://rekt.news/leaderboard | https://twitter.com/steadefi/status/1688619454178144264,3
2023-08-09,Earning.Farm,530000.0,0.0,530000.0,Ethereum,Yield,EF,SC-Technical,Protocol Logic,Reentrancy,"Reentrancy vulnerability in `withdraw()` due to share burn occurring after external contract call — violation of the CEI pattern | BlockSec entry (Reentrancy): tx=0x6e6e556a.. attacker=0xee4b3dd2.. | Quick Summary Earning Farm exploited via reentrancy attack, resulting in a loss of 541,381 USD worth of ETH. Details of the Exploit Earning Farm, an investment tool on the Ethereum chain, suffered a reentrancy attack on Aug 09, 2023. The attacker exploited ENF ETH Leverage LP and Controller contract","blocksec,defi_rekt,defillama,kismp,slowmist",https://api.llama.fi/hacks | https://blocksec.com/security-incident?hash=0x6e6e556a5685980317cb2afdb628ed4a845b3cbd1c98bdaffd0561cb2c4790fa | https://de.fi/rekt-database?id=3663 | https://etherscan.io/address/0xee4b3dd20902Fa3539706F25005fa51D3b7bDF1b | https://github.com/kismp123/DeFi-Security-Incident/blob/main/2023/2023-08-09_EarningFarm_Reentrancy_ETH.md | https://twitter.com/Phalcon_xyz/status/1689182459269644288,5
2023-08-09,EarningFram,286000.0,0.0,286000.0,,Yield,EF,SC-Technical,,Reentrancy,DeFiHackLabs entry (Reentrancy),defihacklabs,https://github.com/SunWeb3Sec/DeFiHackLabs/blob/main/past/2023/README.md,1
2023-08-13,Zunami Protocol,2055000.0,0.0,2055000.0,Ethereum,Yield,CPBP,SC-Economic,Ecosystem,Price Manipulation Attack,"rekt.news entry; audit=Hashex | Curve pool spot price and manipulable external state (SDT balance) used for UZD price calculation | Quick Summary Zunami Yield Aggregator Suffers Flash Loan Attack; Loss of $2,177,741 Worth Approximately 1,180 ETH. Details of the Exploit On August 13th, 2023, Zunami, a Yield Aggregator on the Ethereum chain, was compromised through a flash loan attack. The attacker exploited a price manipulation issue in two transactions, utilizing a donation method to miscalculat","blocksec,defi_rekt,defihacklabs,defillama,kismp,rekt,slowmist",https://api.llama.fi/hacks | https://blocksec.com/security-incident?hash=0x0788ba222970c7c68a738b0e08fb197e669e61f9b226ceec4cab9b85abe8cceb | https://de.fi/rekt-database?id=3669 | https://github.com/SunWeb3Sec/DeFiHackLabs/blob/main/past/2023/README.md | https://github.com/kismp123/DeFi-Security-Incident/blob/main/2023/2023-08-13_Zunami_CurveSpotPriceManipulation_ETH.md | https://rekt.news/leaderboard | https://twitter.com/BlockSecTeam/status/1690931111776358400 | https://www.odaily.news/newsflash/332604?source=share,7
2023-08-15,RocketSwap Base,867000.0,0.0,867000.0,Base,DEX,EF,SC-Technical,Infrastructure,Private Key Compromised (Brute Force),"rekt.news entry; audit=N/A | Quick Summary RocketSwap, a DEX on Base chain, suffered an access control exploit on Aug 14, 2023, leading to a loss of 472 ETH, equivalent to 869,000 $USD. Details of the Exploit On Aug 14, 2023, RocketSwap, a decentralized exchange operating on the Base chain, fell victim to an access control exploit. The attacker managed to compromise the RocketSwap: Deployer EOA address, allowing them to seize LP tokens. After acquiring these tokens, the attacker removed liquidit","defi_rekt,defillama,rekt",https://api.llama.fi/hacks | https://de.fi/rekt-database?id=3671 | https://rekt.news/leaderboard,3
2023-08-16,SwilrLend,460158.5,0.0,460158.5,,Lending,IF,Cyber-Operational,,Exit Scam/Rugpull/Rugpull,"Quick Summary SwirlLend protocol was exploited in a rugpull; 460,317 $USD worth of 253.2 $ETH were stolen across Linea and Base chains on Aug 16, 2023. Details of the Exploit SwirlLend, a decentralized lending and borrowing protocol running on Base and Linea chains, fell victim to a rugpull attack. The scammer bridged 253.2 $ETH (worth 460,317 $USD) from Linea and Base chains to the Ethereum chain via Orbiter Finance's Bridge. The stolen funds were then deposited into TornadoCash. Specifically, ","defi_rekt,slowmist",https://de.fi/rekt-database?id=3678 | https://www.odaily.news/newsflash/332931?source=share,2
2023-08-17,Shibarium Bridge,2600000.0,0.0,2600000.0,,Bridge,EF,SC-Technical,,,rekt.news entry; audit=N/A,rekt,https://rekt.news/leaderboard,1
2023-08-18,Exactly,7100000.0,0.0,7100000.0,Optimism,Lending,EF,SC-Technical,Protocol Logic,DebtManager Exploit,"rekt.news entry; audit=Out of scope | DebtManager `leverage()` — permit signature bypass and arbitrary `_msgSender` impersonation via a fake market contract | BlockSec entry (Lack of Input Validation): tx=0xe8999fb5.. attacker=0x3747dbbc..; tx=0x1526acfb.. attacker=0x3747dbbc..; tx=0x3d6367de.. attacker=0x3747dbbc.. | Quick Summary Exactly Protocol suffered a reentrancy attack, resulting in the loss of 4332.92 ETH, valued at approximately 7,197,240 $USD. Details of the Exploit On August 18, 2023","blocksec,defi_rekt,defihacklabs,defillama,kismp,rekt,slowmist",https://api.llama.fi/hacks | https://blocksec.com/security-incident?hash=0xe8999fb57684856d637504f1f0082b69a3f7b34dd4e7597bea376c9466813585 | https://de.fi/rekt-database?id=3682 | https://github.com/SunWeb3Sec/DeFiHackLabs/blob/main/past/2023/README.md | https://github.com/kismp123/DeFi-Security-Incident/blob/main/2023/2023-08-18_ExactlyProtocol_PeripheralAccessControl_OP.md | https://rekt.news/leaderboard | https://twitter.com/BlockSecTeam/status/1692533280971936059 | https://www.wu-talk.com/index.php?m=content&amp;c=index&amp;a=show&amp;catid=46&amp;id=17283,7
2023-08-19,Harbor Protocol,20000.0,0.0,20000.0,,Stablecoin,EF,SC-Technical,,Contract Vulnerability,"Harbor Protocol, the Cosmos ecological cross-chain stablecoin protocol, tweeted that Harbor Protocol was exploited, causing stablecoin minting and part of the funds in stOSMO, LUNA and WMATIC vaults to be depleted. From the information gathered so far, the attackers used the following address to perform all operations: comdex1sma0ntw7fq3fpux8suxkm9h8y642fuqt0ujwt5. Harbor Protocol lost 42,261 LUNA, 1,533 CMDX, 1,571 stOSMO, and 18,600,000,000,000,000 WMATIC-WEI in the attack.",slowmist,https://twitter.com/Harbor_Protocol/status/1692836252498723154,1
2023-08-20,Thales,35000.0,0.0,35000.0,,Derivatives,EF,SC-Technical,,Information Leakage,"Derivatives marketplace Thales issued an announcement that a core contributor’s PC/Metamask had been hacked and that some hot wallets acting as casual deployers ($25k) or admin bots ($10k) had been compromised. Do not interact with any Thalesmarket contracts on the BNB Chain and revoke any contracts that are pending approval. All funds are safe on Optimism, Arbitrum, Polygon and Base. Thales said that due to the attack, support for the BSC will be officially dropped.",slowmist,https://twitter.com/thalesmarket/status/1692935883521953997?s=46&amp;t=DLwbX9Nw4QECiyZQ0av-fg,1
2023-08-21,Fake &quot;LayerZero&quot; Token,1000000.0,0.0,1000000.0,,Bridge,IF,Cyber-Operational,,Rug Pull,"A fake &quot;LayerZero&quot; token on the BSC chain has had a lot of liquidity removed. The deployer removed 4,827.99 WBNB worth about $1 million. The contract address of the fake token is 0x2266362f414Bf2476C5465dc2eA953Fe2A99AE1c.",slowmist,https://bscscan.com/address/0x2266362f414Bf2476C5465dc2eA953Fe2A99AE1c,1
2023-08-21,Ethereum Hive,15569.0,0.0,15569.0,,Yield,EF,SC-Technical,,Exploit/Other/Other,"Quick Summary EthereumHive project exploited, resulting in the loss of 744 million EHIVE tokens worth 15,569 USD (9.32 ETH). Details of the Exploit EthereumHive, a project running on the Ethereum chain, was exploited on August 21, 2023, through a reentrancy attack. The attacker used a rewarding issue in the EHIVE token's smart contract which allowed stakes with zero amount. They created multiple contracts and staked 0 EHIVE tokens from each of them. By calling stake and unstake immediately in ea",defi_rekt,https://de.fi/rekt-database?id=3697,1
2023-08-24,GSS,25000.0,0.0,25000.0,,Other,EF,SC-Technical,,skim token balance,DeFiHackLabs entry (skim token balance),defihacklabs,https://github.com/SunWeb3Sec/DeFiHackLabs/blob/main/past/2023/README.md,1
2023-08-25,Magnate Finance,6400000.0,0.0,6400000.0,Base,Lending,IF,Cyber-Operational,Rugpull,Drained Contracts,"Quick Summary Magnate Finance exit scammed, removing various assets worth 5,357,862 $USD, causing a drop in TVL of approximately 6,400,000 $USD. Details of the Exploit Magnate Finance, a borrowing and lending platform running on Base chain, experienced a significant exploit on Aug 25, 2023. The deployer removed various assets from Magnate Finance's smart contract with unverified source code. The funds were transferred and bridged via Stargate to various chains including Arbitrum, Ethereum, Optim","defi_rekt,defillama,slowmist",https://api.llama.fi/hacks | https://de.fi/rekt-database?id=3690 | https://twitter.com/SlowMist_Team/status/1694918938424234433,3
2023-08-26,Star Token,517684.0,0.0,517684.0,,DEX,CPBP,SC-Economic,,Exploit/Other/Other,"Quick Summary Star Token was exploited via price manipulation, resulting in a loss of 517,684 USD. Details of the Exploit Star Token (STV) is a BEP20 token traded on PancakeSwap. On August 26, 2023, an attacker exploited a vulnerability in STV's unverified smart contract by manipulating the price, ultimately profiting by a total of 517,684 USD. The attacker took most of the stolen funds and deposited them into TornadoCash, while the remaining 119,902 USDT was transferred to another externally ow",defi_rekt,https://de.fi/rekt-database?id=3692,1
2023-08-27,Balancer V2,2000000.0,0.0,2000000.0,Ethereum,DEX,EF,SC-Technical,Protocol Logic,nan,"Balancer says it has received reports of a critical vulnerability affecting multiple V2 pools. Emergency mitigation procedures have been implemented to secure the majority of TVL, but some funds remain at risk. Users are advised to immediately withdraw affected LPs. According to news on August 28, Balancer’s losses have exceeded $2.1 million, and multiple fund pools on Ethereum, Fantom, and Optimism have been affected. | rekt.news entry; audit=Out of scope | BPT (Balancer Pool Token) exchange ra","blocksec,defi_rekt,defihacklabs,defillama,kismp,rekt,slowmist",https://api.llama.fi/hacks | https://blocksec.com/security-incident?hash=0x2a027c8b915c3737942f512fc5d26fd15752d0332353b3059de771a35a606c2d | https://blocksecteam.medium.com/yet-another-risk-posed-by-precision-loss-an-in-depth-analysis-of-the-recent-balancer-incident-fad93a3c75d4 | https://de.fi/rekt-database?id=3691 | https://github.com/SunWeb3Sec/DeFiHackLabs/blob/main/past/2023/README.md | https://github.com/kismp123/DeFi-Security-Incident/blob/main/2023/2023-08-27_Balancer_BoostedPoolVuln_ETH.md | https://rekt.news/leaderboard | https://twitter.com/balancer/status/1694014645378724280,7
2023-09-01,SharedStake,175000.0,0.0,175000.0,Ethereum,Derivatives,EF,SC-Technical,Protocol Logic,Ownership Override Attack,,defillama,https://api.llama.fi/hacks,1
2023-09-02,DAppSocial,16000.0,0.0,16000.0,Ethereum,Other,EF,SC-Technical,,Business Logic Flaw,DeFiHackLabs entry (Business Logic Flaw) | Reentrancy vulnerability in the reward withdrawal function of the social token staking contract,"defihacklabs,kismp",https://github.com/SunWeb3Sec/DeFiHackLabs/blob/main/past/2023/README.md | https://github.com/kismp123/DeFi-Security-Incident/blob/main/2023/2023-09-07_DAppSocial_Reentrancy.md,2
2023-09-05,FloorDAO,65000.0,0.0,65000.0,,Stablecoin,EF,SC-Technical,,Exploit/Other/Other,"Quick Summary FloorDAO has experienced an exploit leading to the loss of around 40 $ETH (~$65,000). Details of the Exploit FloorDAO has experienced an exploit leading to the loss of around 40 $ETH (~$65,000). The attack was attributed to design flaws in the ""distribute"" and ""rebase"" functions.&nbsp; The attacker was funded by TornadoCash and successfully acquired 40 $ETH, equivalent to $65,000. All the compromised funds have been deposited into the address 0xd3b8. Block Data Reference Attacker A",defi_rekt,https://de.fi/rekt-database?id=3709,1
2023-09-05,Connext,39000.0,0.0,39000.0,,Bridge,EF,SC-Technical,,DoS Attack,"According to a number of community users, there seems to be a problem in the Layer2 interoperability protocol Connext airdrop claim process. The NEXT tokens of some accounts were claimed to unexpected addresses. The data on the chain shows that the address starting with 0x44Af received a large number of Connext token NEXT airdrops through 230 accounts in the past 1 hour, and sold them all for ETH, USDT and USDC, earning nearly 39,000 US dollars. According to SlowMist analysis, users can claim NE",slowmist,https://www.panewslab.com/zh/sqarticledetails/y42fzup8.html,1
2023-09-05,Haribo,35400.0,0.0,35400.0,,Other,IF,Cyber-Operational,,Rug Pull,There is a large liquidity removal on Haribo. Owner removed ~24 ETH ($35.4k) from the tokens LP. Token appears to be a honeypot. Token Contract: 0x582992190976d9d96e5ABbB711259744A00e809e.,slowmist,https://etherscan.io/address/0x582992190976d9d96e5abbb711259744a00e809e,1
2023-09-07,0x0 DEX (Privacy DEX),61000.0,0.0,61000.0,Ethereum,DEX,EF,SC-Technical,,Access Control,Certain swap functions allowed funds to be sent to arbitrary addresses without validating the recipient address | DeFiHackLabs entry (Parameter manipulation),"defihacklabs,kismp",https://github.com/SunWeb3Sec/DeFiHackLabs/blob/main/past/2023/README.md | https://github.com/kismp123/DeFi-Security-Incident/blob/main/2023/2023-09-07_0x0DEX_AccessControl.md,2
2023-09-08,APIG,169000.0,0.0,169000.0,BSC,DEX,EF,SC-Technical,,Business Logic Flaw,"DeFiHackLabs entry (Business Logic Flaw) | Collateral value calculation relies on AMM spot reserves, allowing collateral value to be inflated via large swaps within a single block","defihacklabs,kismp",https://github.com/SunWeb3Sec/DeFiHackLabs/blob/main/past/2023/README.md | https://github.com/kismp123/DeFi-Security-Incident/blob/main/2023/2023-09-11_APIG_FlashLoan.md,2
2023-09-11,Paxos,500000.0,0.0,500000.0,,Stablecoin,EF,SC-Technical,,Transfer Vulnerability,"Stablecoin issuer Paxos admitted in a statement that the account that paid out nearly 20 BTC in fees in a single transaction in the early hours of September 11 belonged to the company. Paxos claims that end users have not been affected and all user funds are safe. The announcement comes after users on twitter speculated that PayPal could be responsible for the transaction, as analytics platform OXT identified relevant wallet accounts belonging to PayPal. A Paxos spokesperson said: &quot;PayPal t",slowmist,https://cointelegraph.com/news/paxos-confirms-responsible-for-500k-mistaken-bitcoin-transaction,1
2023-09-12,OxODexPool,61000.0,0.0,61000.0,,DEX,CPBP,SC-Economic,,Flash Loan Attack,OxODexPool suffered from a flash loan. ETH: 0x6128d5F7c64Dab48a1C66f9D62EaeFa1d5aA03ed. Approximately 40 ETH (~$61k) was lost. The stolen funds currently reside in the attacker&#39;s wallet.,slowmist,https://twitter.com/Cointime_CN/status/1701420147616145422,1
2023-09-19,Balancer V2,238000.0,0.0,238000.0,Ethereum,DEX,EF,SC-Technical,Protocol Logic,Frontend Attack,"Quick Summary Balancer DEX faced a frontend vulnerability exploit on Sep 20, 2023, resulting in a loss of 238,000 USD. Details of the Exploit Balancer, an AMM-based DEX operating on multiple chains, experienced a frontend vulnerability exploit on September 20, 2023. The attacker managed to transfer the stolen funds using the bridge between the Avalanche and Ethereum chains. They also distributed some of the stolen funds to several wallets. One of the attacker-related addresses, 0xf998, received ","defi_rekt,defillama,slowmist",https://api.llama.fi/hacks | https://de.fi/rekt-database?id=3713 | https://twitter.com/Balancer/status/1704402769535438928,3
2023-09-21,Linear Finance,211726.0,0.0,211726.0,,Derivatives,EF,SC-Technical,,Exploit/Other/Other,"Quick Summary Linear Finance exploited on Sep 21, 2023, draining lUSD liquidity on PancakeSwap and AscendEX, with losses exceeding 211,726 USD (1,000 BNB). Details of the Exploit Linear Finance, a non-custodial, cross-chain compatible, delta-one asset protocol, was exploited on Sep 21, 2023. The attacker minted an unlimited supply of LAAVE, traded it for LUSD on the Linear Exchange, and sold the tokens on PancakeSwap and Ascendex decentralized exchanges. As a result, all lUSD liquidity was drain",defi_rekt,https://de.fi/rekt-database?id=3714,1
2023-09-21,BNBpay,114000.0,0.0,114000.0,,Other,IF,Cyber-Operational,,Rug Pull,There was a large liquidity removal on BNBpay. Deployer profited ~$114k from this liquidity removal. BSC: 0xaDD62696db2c2fb7DE8e0f07F422e03BF69646A2.,slowmist,https://bscscan.com/address/0xaDD62696db2c2fb7DE8e0f07F422e03BF69646A2,1
2023-09-21,YZER,28600.0,0.0,28600.0,,Other,IF,Cyber-Operational,,Rug Pull,"On September 21st, a large liquidity of YZER was removed. Deployer profited ~$28.6k from this liquidity removal.",slowmist,https://etherscan.io/address/0xCBb391907A492a1e721bB16ae0563243E2B71987,1
2023-09-21,CEXISWAP,30000.0,0.0,30000.0,Ethereum,DEX,EF,SC-Technical,,Access Control,Arbitrary token approvals executable without parameter validation in the swap router | DeFiHackLabs entry (Incorrect Access Control),"defihacklabs,kismp",https://github.com/SunWeb3Sec/DeFiHackLabs/blob/main/past/2023/README.md | https://github.com/kismp123/DeFi-Security-Incident/blob/main/2023/2023-09-21_CEXISWAP_AccessControl.md,2
2023-09-22,BEAST,55300.0,0.0,55300.0,,Other,IF,Cyber-Operational,,Rug Pull,There was a large liquidity removal on Unleashed Beast (BEAST). Deployer removed ~$55.3k from the LP. BSC:0x626b596dd10467ea969179235123f884e133074a.,slowmist,https://bscscan.com/address/0x626b596dd10467ea969179235123f884e133074a,1
2023-09-23,DUO,352698.0,0.0,352698.0,,Other,IF,Cyber-Operational,,Rug Pull,There was a large liquidity removal on DUO. The Deployer removed $352.6K WBNB of LP in 3 transactions over a 4 day period. BSC: 0x1ED990bdcAEf4B13b01F4996dDe59EcD04F1343A .,slowmist,https://bscscan.com/address/0x1ED990bdcAEf4B13b01F4996dDe59EcD04F1343A,1
2023-09-26,XSDWETHpool,12100.0,0.0,12100.0,,DEX,CPBP,SC-Economic,,Flash Loan Attack,"On September 26th, XSDWETHpool On BSC was exploited for ~$12.1k in a flash loan attack. The attacker created a malicious contract to interact with the pool contract and gained 56.96 WBNB. Pool Contract: 0xbfBcB8BDE20cc6886877DD551b337833F3e0d96d.",slowmist,https://bscscan.com/address/0xbfbcb8bde20cc6886877dd551b337833f3e0d96d,1
2023-09-29,DEXRouter,4000.0,0.0,4000.0,,DEX,EF,SC-Technical,,Arbitrary External Call,DeFiHackLabs entry (Arbitrary External Call),defihacklabs,https://github.com/SunWeb3Sec/DeFiHackLabs/blob/main/past/2023/README.md,1
2023-09-30,FireBirdPair,3200.0,0.0,3200.0,,DEX,EF,SC-Technical,,Lack Slippage Protection,DeFiHackLabs entry (Lack Slippage Protection),defihacklabs,https://github.com/SunWeb3Sec/DeFiHackLabs/blob/main/past/2023/README.md,1
2023-10-05,DePay,827.0,0.0,827.0,,DEX,CPBP,SC-Economic,,Flash Loan Attack,There is a flashloan attack on the DePay platform that resulted in the theft of 827 USDC. The exploiter used a security issue with DePay router to steal the USDC.,slowmist,https://etherscan.io/address/0xae60ac8e69414c2dc362d0e6a03af643d1d85b92,1
2023-10-08,ZS,14000.0,0.0,14000.0,,Other,EF,SC-Technical,,Business Logic Flaw,DeFiHackLabs entry (Business Logic Flaw),defihacklabs,https://github.com/SunWeb3Sec/DeFiHackLabs/blob/main/past/2023/README.md,1
2023-10-08,pSeudoEth,2300.0,0.0,2300.0,,DEX,CPBP,SC-Economic,,Pool manipulation,"DeFiHackLabs entry (Pool manipulation) | On Oct 8, the pSeudoEth token on ETH was exploited for ~$2.3K in a flash loan attack. Contract: 0x62aBdd605E710Cc80a52062a8cC7c5d659dDDbE7. Attacker: 0xea75AeC151f968b8De3789CA201a2a3a7FaeEFbA.","defihacklabs,slowmist",https://etherscan.io/tx/0x4ab68b21799828a57ea99c1288036889b39bf85785240576e697ebff524b3930 | https://github.com/SunWeb3Sec/DeFiHackLabs/blob/main/past/2023/README.md,2
2023-10-09,Ethereum Foundation,9101.0,0.0,9101.0,,DEX,BDSF,Blockchain-Infrastructure,,Sandwich Attack,"The Ethereum Foundation fell victim to a sandwich attack by an MEV Bot when selling 1700 ETH through Uniswap V3, resulting in a loss of $9,101. The MEV Bot profited $4,060 from the attack.",slowmist,https://eigenphi.io/mev/ethereum/tx/0x20f1f47c24b087621ff784c1f837465ed88758ac7d31750fa4da3e0a7df4157c,1
2023-10-13,Platypus Finance,2100000.0,0.0,2100000.0,Avalanche,DEX,CPBP,SC-Economic,Protocol Logic,Reentrancy,"rekt.news entry; audit=Out of scope | Business logic flaw exploiting the asymmetric pool coverage ratio structure via flash loan | DeFiHackLabs entry (Business Logic Flaw) | BlockSec entry (Business Logic Flaw): tx=0xab5f6242.. attacker=0x0cd4fd0e.. | On October 12th, the stablecoin trading project Platypus Finance appeared to have been hit by a suspected hacker attack, with total losses of around $2.2 million. Platypus Finance tweeted, &quot;Due to suspicious activities in our protocol, we have","blocksec,defihacklabs,defillama,kismp,rekt,slowmist",https://api.llama.fi/hacks | https://blocksec.com/security-incident?hash=0xab5f6242fb073af1bb3cd6e891bc93d247e748a69e599a3744ff070447acb20f | https://github.com/SunWeb3Sec/DeFiHackLabs/blob/main/past/2023/README.md | https://github.com/kismp123/DeFi-Security-Incident/blob/main/2023/2023-10-12_Platypus_EmergencyWithdraw_AVAX.md | https://rekt.news/leaderboard | https://twitter.com/BlockSecTeam/status/1712445197538468298 | https://twitter.com/Platypusdefi/status/1712365385100689584,6
2023-10-13,WiseLending,260000.0,0.0,260000.0,Ethereum,Lending,EF,SC-Technical,,Donate Inflation ExchangeRate && Rounding Error,DeFiHackLabs entry (Donate Inflation ExchangeRate && Rounding Error) | BlockSec entry (Precision Loss): tx=0x7ac4a985.. attacker=0xc0ffeeba..,"blocksec,defihacklabs",https://blocksec.com/security-incident?hash=0x7ac4a98599596adbf12fffa2bd23e2a2d2ac7e8989b6ea043fcc412a29126555 | https://github.com/SunWeb3Sec/DeFiHackLabs/blob/main/past/2023/README.md | https://twitter.com/BlockSecTeam/status/1712871304993689709,2
2023-10-13,BelugaDex,175000.0,0.0,175000.0,,DEX,CPBP,SC-Economic,,Price manipulation,"DeFiHackLabs entry (Price manipulation) | The Beluga Protocol on Arbitrum fell victim to a flashloan attack. The attacker made a profit of approximately $175,000 by manipulating the USDT-USDC.e balance, allowing for the withdrawal of extra tokens.","defihacklabs,slowmist",https://github.com/SunWeb3Sec/DeFiHackLabs/blob/main/past/2023/README.md | https://twitter.com/CryptoGiants_/status/1712709341709476015,2
2023-10-18,Hope.money / HopeLend,825000.0,0.0,825000.0,Ethereum Mainnet,Lending,EF,SC-Technical,,Precision Loss,"Share/asset conversion precision loss via liquidityIndex manipulation (division floor error) | DeFiHackLabs entry (Div Precision Loss) | Quick Summary Hope Lend lending protocol was exploited via a front run attack, resulting in a loss of 834,616 USD worth 528 ETH. Details of the Exploit Hope Lend is a DeFi Lending Protocol running on the Ethereum chain. On October 18, 2023, the protocol experienced a front run attack. The attacker attempted to exploit the protocol by taking advantage of a WBTC ","blocksec,defi_rekt,defihacklabs,kismp,slowmist",https://blocksec.com/security-incident?hash=0x1a7ee0a7efc70ed7429edef069a1dd001fbff378748d91f17ab1876dc6d10392 | https://de.fi/rekt-database?id=3747 | https://github.com/SunWeb3Sec/DeFiHackLabs/blob/main/past/2023/README.md | https://github.com/kismp123/DeFi-Security-Incident/blob/main/2023/2023-10-18_HopeMoney_PrecisionLoss_ETH.md | https://twitter.com/SlowMist_Team/status/1714655324395704423 | https://x.com/BlockSecTeam/status/1714701696189034664,5
2023-10-19,kTAF,8000.0,0.0,8000.0,,Lending,EF,SC-Technical,,CompoundV2 Inflation Attack,DeFiHackLabs entry (CompoundV2 Inflation Attack),defihacklabs,https://github.com/SunWeb3Sec/DeFiHackLabs/blob/main/past/2023/README.md,1
2023-10-19,Synthetify,230000.0,0.0,230000.0,,Derivatives,CPBP,SC-Economic,,Governance Attack,"On October 19, Synthetify Protocol experienced a security incident. The smart contract and the entire platform are currently frozen.",slowmist,https://twitter.com/synthetify/status/1714933001027477909?s=20,1
2023-10-22,OpenLeverage,8000.0,0.0,8000.0,,DEX,EF,SC-Technical,,Business Logic Flaw,DeFiHackLabs entry (Business Logic Flaw),defihacklabs,https://github.com/SunWeb3Sec/DeFiHackLabs/blob/main/past/2023/README.md,1
2023-10-23,Maestro,538250.0,465000.0,73250.0,Ethereum,DEX,EF,SC-Technical,Protocol Logic,Arbitrary External Call,"BlockSec entry (Arbitrary Call): tx=0xc087fbd6.. attacker=0xce6397e5.. | Maestro Router was compromised and approximately $ 510,000 was stolen.","blocksec,defillama,slowmist",https://api.llama.fi/hacks | https://blocksec.com/security-incident?hash=0xc087fbd68b9349b71838982e789e204454bfd00eebf9c8e101574376eb990d92 | https://twitter.com/MaestroBots/status/1716969767804747820 | https://twitter.com/Phalcon_xyz/status/1717014871836098663,3
2023-10-27,STIMMY,78800.0,0.0,78800.0,,Other,IF,Cyber-Operational,,Rug Pull,STIMMY on Ethereum pulled liquidity to the tune of 43.8 ETH (~$78.8K) and deleted its social platforms.,slowmist,https://etherscan.io/token/0x5bc749a299c5de62325e1a676d53527149f7aa30,1
2023-10-29,Astrid Finance,228000.0,0.0,228000.0,Ethereum,Derivatives,EF,SC-Technical,Protocol Logic,Withdraw Function Argument Manipulation,"BlockSec entry (Business Logic Flaw): tx=0x8af9b5fb.. attacker=0x792ec278.. | The Ethereum liquidity restaking pool Astrid was attacked due to a vulnerability in the withdrawal function, resulting in a loss of approximately $228,000. The parameters of the `withdraw()` function, specifically the token address and token amount, were exploitable. On October 29, the hackers returned 80% of the stolen funds (102 ETH).","blocksec,defillama,slowmist",https://api.llama.fi/hacks | https://blocksec.com/security-incident?hash=0x8af9b5fb3e2e3df8659ffb2e0f0c1f4c90d5a80f4f6fccef143b823ce673fb60 | https://twitter.com/AstridFinance/status/1718254655288066501 | https://twitter.com/Phalcon_xyz/status/1718454835966775325,3
2023-10-31,UniBotRouter,83944.0,0.0,83944.0,,Other,EF,SC-Technical,,Arbitrary External Call,DeFiHackLabs entry (Arbitrary External Call),defihacklabs,https://github.com/SunWeb3Sec/DeFiHackLabs/blob/main/past/2023/README.md,1
2023-11-01,Onyx Protocol,2050000.0,0.0,2050000.0,Ethereum,Lending,CPBP,SC-Economic,Ecosystem,Flashloan Donate Function Logic Exploit,"rekt.news entry; audit=N/A | Quick Summary Onyx Protocol suffered a flash loan attack, exploiting a rounding issue, leading to a loss of approximately 2,149,772 USD worth 1,161.29 ETH. Details of the Exploit Onyx Protocol, a decentralized liquidity protocol, was exploited on November 1, 2023, through a flash loan attack. The attacker took advantage of a critical vulnerability in CompoundV2 forks, which caused a known rounding issue. To execute the exploit, the attacker took out a substantial fla","blocksec,defi_rekt,defihacklabs,defillama,kismp,rekt,slowmist",https://api.llama.fi/hacks | https://blocksec.com/security-incident?hash=0xf7c21600452939a81b599017ee24ee0dfd92aaaccd0a55d02819a7658a6ef635 | https://de.fi/rekt-database?id=3780 | https://github.com/SunWeb3Sec/DeFiHackLabs/blob/main/past/2023/README.md | https://github.com/kismp123/DeFi-Security-Incident/blob/main/2023/2023-11-01_OnyxProtocol_ERC4626Inflation_ETH.md | https://rekt.news/leaderboard | https://twitter.com/Phalcon_xyz/status/1719697319824851051 | https://twitter.com/SlowMist_Team/status/1719667931926413679,7
2023-11-06,TheStandard.io,290000.0,264000.0,26000.0,Arbitrum,Lending,CPBP,SC-Economic,,Slippage Protection,"`amountOutMinimum = 0` setting in `SmartVaultV2.swap()` allowed price manipulation through an attacker-controlled low-liquidity pool | DeFiHackLabs entry (Lack of slippage protection) | BlockSec entry (Lack of Slippage Protection): tx=0x51293c11.. attacker=0x09ed480f.. | Quick Summary TheStandard.io exploited through price manipulation on Arbitrum, resulting in a temporary loss of 264,000 USD worth of USDC.e and EURO. Details of the Exploit TheStandard.io, a project running on multiple chains in","blocksec,defi_rekt,defihacklabs,kismp,slowmist",https://blocksec.com/security-incident?hash=0x51293c1155a1d33d8fc9389721362044c3a67e0ac732b3a6ec7661d47b03df9f | https://de.fi/rekt-database?id=3771 | https://github.com/SunWeb3Sec/DeFiHackLabs/blob/main/past/2023/README.md | https://github.com/kismp123/DeFi-Security-Incident/blob/main/2023/2023-11-06_TheStandard_SlippageProtection_ARB.md | https://twitter.com/Phalcon_xyz/status/1721807569222549518 | https://twitter.com/thestandard_io/status/1721823727925829842,5
2023-11-06,KR,15000.0,0.0,15000.0,,Other,EF,SC-Technical,,Precision loss,DeFiHackLabs entry (Precision loss),defihacklabs,https://github.com/SunWeb3Sec/DeFiHackLabs/blob/main/past/2023/README.md,1
2023-11-10,Raft,3250000.0,0.0,3250000.0,Ethereum,Lending,EF,SC-Technical,Protocol Logic,Infinite Mint and Dump,"rekt.news entry; audit=Trail of Bits, Hats Finance | cbETH donation inflates the rcbETH-c index → precision loss causes excessive rcbETH-c minting per 1 wei cbETH → excess R stablecoin issuance using over-collateralized position | BlockSec entry (Precision Loss): tx=0xfeedbf51.. attacker=0xc1f2b71a.. | Quick Summary Raft lending platform was exploited due to a precision calculation issue, resulting in a loss of 3,304,406 USD worth 1575.67 ETH. Details of the Exploit Raft is a lending and borrowi","blocksec,defi_rekt,defihacklabs,defillama,kismp,rekt,slowmist",https://api.llama.fi/hacks | https://blocksec.com/security-incident?hash=0xfeedbf51b4e2338e38171f6e19501327294ab1907ab44cfd2d7e7336c975ace7 | https://de.fi/rekt-database?id=3778 | https://github.com/SunWeb3Sec/DeFiHackLabs/blob/main/past/2023/README.md | https://github.com/kismp123/DeFi-Security-Incident/blob/main/2023/2023-11-10_Raft_FlashMintPrecision_ETH.md | https://rekt.news/leaderboard | https://twitter.com/BlockSecTeam/status/1723229393529835972 | https://twitter.com/raft_fi/status/1723057566664548623,7
2023-11-11,MahaLend,20000.0,0.0,20000.0,Ethereum,Lending,EF,SC-Technical,,Donate Inflation ExchangeRate & Rounding Error,DeFiHackLabs entry (Donate Inflation ExchangeRate & Rounding Error) | Exchange rate donation attack on Compound fork,"defihacklabs,kismp",https://github.com/SunWeb3Sec/DeFiHackLabs/blob/main/past/2023/README.md | https://github.com/kismp123/DeFi-Security-Incident/blob/main/2023/2023-11-14_MahaLend_CompoundFork.md,2
2023-11-13,Token 8633/9419,52000.0,0.0,52000.0,BSC,DEX,CPBP,SC-Economic,,Flash Loan,"Both token contracts use unvalidated AMM spot reserves for reward/price calculation, allowing manipulation within a single transaction | DeFiHackLabs entry (Price Manipulation)","defihacklabs,kismp",https://github.com/SunWeb3Sec/DeFiHackLabs/blob/main/past/2023/README.md | https://github.com/kismp123/DeFi-Security-Incident/blob/main/2023/2023-11-13_Token8633_FlashLoan.md,2
2023-11-14,Exzo Network,470498.0,0.0,470498.0,,DEX,EF,SC-Technical,,Wallet Stolen,"Exzo Network tweeted that a recent security breach targeted Exzo ($XZO), resulting from a compromised owner/admin account. The malicious group utilized the compromised admin wallet to transfer the &#39;ownership&#39; role of Exzo ($XZO) to their wallet, enabling them to mint a substantial amount of $XZO and drain 169 ETH from the XZO/ETH liquidity pool on Uniswap. The attackers also transferred a total of 69 ETH and the remaining XZO in the admin wallet to their own wallet(s).",slowmist,https://twitter.com/Exzo_Network/status/1726680105915765211,1
2023-11-15,LinkDAO,30000.0,0.0,30000.0,,DEX,EF,SC-Technical,,Bad `K` Value Verification,DeFiHackLabs entry (Bad `K` Value Verification),defihacklabs,https://github.com/SunWeb3Sec/DeFiHackLabs/blob/main/past/2023/README.md,1
2023-11-16,WECO,18000.0,0.0,18000.0,BSC,Other,EF,SC-Technical,,Business Logic Flaw,DeFiHackLabs entry (Business Logic Flaw) | Combined vulnerability from WECO token's rebase mechanism and fee logic,"defihacklabs,kismp",https://github.com/SunWeb3Sec/DeFiHackLabs/blob/main/past/2023/README.md | https://github.com/kismp123/DeFi-Security-Incident/blob/main/2023/2023-11-24_WECO_TokenLogic.md,2
2023-11-18,dYdX V3,9000000.0,0.0,9000000.0,Ethereum,Derivatives,CPBP,SC-Economic,Protocol Logic,Price Manipulation Attack,"The attacker accumulated a large leveraged long position in the thin YFI-USD perpetuals market on dYdX, then coordinated a sharp crash of the YFI spot price on external markets (CEXs), triggering mass liquidations on dYdX whose insurance fund could not fully cover the resulting bad debt | rekt.news entry; audit=N/A | About $9m from the dYdX v3 insurance fund were used to fill gaps on liquidations processed in the YFI market, and the CEO said this was pretty clearly a targeted attack against dYdX","defillama,kismp,rekt,slowmist",https://api.llama.fi/hacks | https://github.com/kismp123/DeFi-Security-Incident/blob/main/2023/2023-11-17_dYdX_InsuranceFundDrain_ETH.md | https://rekt.news/leaderboard | https://twitter.com/dYdX/status/1725921897848914353,4
2023-11-18,SpookySwap,5000.0,0.0,5000.0,,DEX,EF,SC-Technical,,Malicious Code Injection Attack,"DEX SpookySwap on Fantom tweeted that the team is investigating a frontend vulnerability on their domain. Please do not execute any transactions on the DEX. On November 19, Spooky updated that a 3rd party JavaScript plugin enabled code injection from npm packages. This enabled replacing the spooky router contract on the Spooky Fi frontend with a malicious contract which sent funds that users attempted to swap to the exploiter.",slowmist,https://twitter.com/SpookySwap/status/1725677274718994543,1
2023-11-22,Heco Bridge,86442215.0,0.0,86442215.0,Ethereum,Bridge,EF,SC-Technical,Infrastructure,Private Key Compromised (Unknown Method),"Quick Summary Heco Bridge suffered an access control exploit on Nov 22, 2023, resulting in a loss of over 86,284,430 USD worth of various assets. Details of the Exploit Heco Bridge, a cross-chain bridge between Ethereum and Heco chain, fell victim to an access control exploit on Nov 22, 2023. The exploit led to the loss of 86,284,430 USD worth of assets, including 10,145 ETH, 42,110,000 USDT, 489 HBTC, 346,867,120,000 SHIB, 173,200 UNI, 619,000 USDC, 42,399 LINK, and 346,994 TUSD. The private ke","defi_rekt,defillama",https://api.llama.fi/hacks | https://de.fi/rekt-database?id=3783,2
2023-11-22,KyberSwap Elastic,47000000.0,0.0,47000000.0,"Ethereum,Base,Polygon,Optimism,Arbitrum",DEX,CPBP,SC-Economic,Protocol Logic,Flashloan Swap Logic Exploit,"Double liquidity counting bug at tick boundaries caused by incorrect rounding direction in the `estimateIncrementalLiquidity` function | rekt.news entry; audit=ChainSecurity, Sherlock | DeFiHackLabs entry (precision loss) | BlockSec entry (Precision Loss): tx=0xef2c710b.. attacker=0x50275e0b..; tx=0x8464ee4e.. attacker=0x50275e0b..; tx=0x34e5c79d.. attacker=0x50275e0b.. | Quick Summary KyberSwap DEX suffers a $45 million loss in cross-chain flash loan price manipulation attack. Details of the Ex","blocksec,defi_rekt,defihacklabs,defillama,kismp,rekt",https://api.llama.fi/hacks | https://blocksec.com/blog/kyberswap-incident-masterful-exploitation-of-rounding-errors-with-exceedingly-subtle-calculations | https://blocksec.com/security-incident?hash=0xef2c710b4dab33844b6affb1b05bdb943a1f89d4c22fdd6ddd5b07ea12d92360 | https://de.fi/rekt-database?id=3787 | https://github.com/SunWeb3Sec/DeFiHackLabs/blob/main/past/2023/README.md | https://github.com/kismp123/DeFi-Security-Incident/blob/main/2023/2023-11-22_KyberSwap_TickMathBug_Multi.md | https://rekt.news/leaderboard,6
2023-11-23,Kyber Network,54700000.0,0.0,54700000.0,,DEX,EF,SC-Technical,,Liquidity Exploit,"Kyber Network tweeted that KyberSwap Elastic has experienced a security incident. According to the analysis of the SlowMist security team, the root cause of this attack is that in calculating the number of tokens needed for the exchange from the current price to the boundary scale price, the liquidity will be added to the portion of the fee compounding because of KyberSwap Elastic&#39;s reinvestment curve, thus causing its calculation result to be larger than expected, which can cover the user&#",slowmist,https://twitter.com/KyberNetwork/status/1727475235342217682,1
2023-11-24,MetaLend,4000.0,0.0,4000.0,Ethereum,Lending,EF,SC-Technical,,Compound Fork,Donation attack against an empty Compound fork market | DeFiHackLabs entry (CompoundV2 Inflation Attack),"defihacklabs,kismp",https://github.com/SunWeb3Sec/DeFiHackLabs/blob/main/past/2023/README.md | https://github.com/kismp123/DeFi-Security-Incident/blob/main/2023/2023-11-24_MetaLend_CompoundFork.md,2
2023-11-29,AIS,61000.0,0.0,61000.0,,Other,EF,SC-Technical,,Insufficient validation,DeFiHackLabs entry (Insufficient validation),defihacklabs,https://github.com/SunWeb3Sec/DeFiHackLabs/blob/main/past/2023/README.md,1
2023-11-29,Velodrome Finance,146000.0,0.0,146000.0,,DEX,EF,SC-Technical,,Exploit/Other/Other,"Quick Summary Velodrome DEX on Optimism chain was exploited due to a DNS attack, resulting in a loss of 42,000 USD. Details of the Exploit Velodrome, a decentralized trading protocol on the Optimism chain, experienced a DNS attack on November 29, 2023. The frontend was compromised, and users were urged not to interact with the platform. The Velodrome team regained control of their domain after a social engineering attack on their provider. However, the provider was exploited again, and the front","defi_rekt,slowmist",https://de.fi/rekt-database?id=3823 | https://twitter.com/VelodromeFi/status/1729771762752135463,2
2023-11-30,EEE,22800.0,0.0,22800.0,,Other,CPBP,SC-Economic,,Price Manipulation,DeFiHackLabs entry (Price Manipulation),defihacklabs,https://github.com/SunWeb3Sec/DeFiHackLabs/blob/main/past/2023/README.md,1
2023-11-30,Florence Finance,1453081.0,0.0,1453081.0,Ethereum,Lending,EDPM,Cyber-Operational,Infrastructure,Address Poisoning,"Quick Summary FlorenceFinance exit scammed via phishing attack and address poisoning, resulting in a loss of 1,456,162 USD. Details of the Exploit Florence Finance, a lending protocol on the Ethereum chain, suffered a phishing attack through address poisoning on Nov 28, 2023. The attacker created a wallet address that closely mimicked a legitimate address, exploiting human error to steal approximately 1,450,000 USDC. After the incident, the hackers converted the funds to Ethereum (ETH) and trans","defi_rekt,defillama",https://api.llama.fi/hacks | https://de.fi/rekt-database?id=3799,2
2023-11-30,Carol Protocol,61164.0,0.0,61164.0,,DEX,CPBP,SC-Economic,,Exploit/Flash Loan Attack/Flash Loan Attack,"Quick Summary Carol Protocol suffers flash loan exploit, resulting in a loss of $61,164 USD (29.92 ETH). Details of the Exploit On November 30th, 2023, Carol Protocol, a project running on the Base chain, experienced a flash loan exploit due to a smart contract vulnerability. The root cause of this exploit was identified as manipulation of the stake amount. The contract's design flaw lies in its reliance on Uniswap Pair Balance to determine user balances, a metric that is susceptible to manipula",defi_rekt,https://de.fi/rekt-database?id=3818,1
2023-12-02,bZxProtocol,208000.0,0.0,208000.0,,Lending,EF,SC-Technical,,Inflation Attack,DeFiHackLabs entry (Inflation Attack),defihacklabs,https://github.com/SunWeb3Sec/DeFiHackLabs/blob/main/past/2023/README.md,1
2023-12-05,BEARNDAO (BvaultsStrategy),769000.0,0.0,769000.0,BSC (BNB Chain),Yield,CPBP,SC-Economic,,Slippage Protection,"Missing `amountOutMin` validation in the `convertDustToEarned()` function's token swap enables price manipulation via flash loan | DeFiHackLabs entry (Business Logic Flaw) | BlockSec entry (Lack of Slippage Protection): tx=0x51913be3.. attacker=0xce27b195.. | Quick Summary Bearn DAO exploited through price manipulation attack on BSC, leading to a loss of approximately $769,000 in assets. Details of the Exploit Bearn DAO, a decentralized reserve currency protocol on the Binance Smart Chain, was e","blocksec,defi_rekt,defihacklabs,kismp",https://blocksec.com/security-incident?hash=0x51913be3f31d5ddbfc77da789e5f9653ed6b219a52772309802226445a1edd5f | https://de.fi/rekt-database?id=3820 | https://github.com/SunWeb3Sec/DeFiHackLabs/blob/main/past/2023/README.md | https://github.com/kismp123/DeFi-Security-Incident/blob/main/2023/2023-12-05_BEARNDAO_SlippageProtection_BSC.md | https://twitter.com/AnciliaInc/status/1732159377749180646,4
2023-12-05,MAMO,3300.0,0.0,3300.0,,Other,CPBP,SC-Economic,,Price Manipulation,DeFiHackLabs entry (Price Manipulation),defihacklabs,https://github.com/SunWeb3Sec/DeFiHackLabs/blob/main/past/2023/README.md,1
2023-12-06,Time,195000.0,0.0,195000.0,,DEX,CPBP,SC-Economic,,Exploit/Other/Other,"Quick Summary Time token, an ERC20 token on Ethereum, suffered a price manipulation exploit on Dec 6, 2023, resulting in a loss of 94 ETH or $200,000 USD. Details of the Exploit On December 6, 2023, Time token was exploited due to a smart contract vulnerability that allowed price manipulation via a public burn issue and vulnerable ERC2771 standard. The attacker exploited the vulnerable Forwarder contract and was able to drain funds from the DEX by burning TIME tokens to inflate the token price a","defi_rekt,slowmist",https://de.fi/rekt-database?id=3819 | https://www.panewslab.com/zh/articledetails/4hkd7dcm.html,2
2023-12-11,GoodCompound,13000.0,0.0,13000.0,,Lending,CPBP,SC-Economic,,Price Manipulation,DeFiHackLabs entry (Price Manipulation),defihacklabs,https://github.com/SunWeb3Sec/DeFiHackLabs/blob/main/past/2023/README.md,1
2023-12-11,Venus Protocol,270000.0,0.0,270000.0,,Lending,CPBP,SC-Economic,,Oracle Attack,"According to on-chain data, a user deposited 0.5 BNB into Venus and borrowed a series of assets, including stkBNB, ankrBNB, etc. The user then exchanged them for 116.45 ETH assets and transferred them to another account. In response to the attack on Venus, official personnel from the Venus Protocol addressed the issue on Telegram, stating, &quot;The core pool and XVS are not affected. The attack occurred due to a price malfunction in Binance&#39;s oracle, involving the BNB price in a small indep",slowmist,https://twitter.com/VenusProtocol/status/1733934890658263517,1
2023-12-12,OKX,2545488.0,0.0,2545488.0,,DEX,EF,SC-Technical,,Exploit/Access control/Access Control,"Quick Summary OKX DEX suffered an access control exploit on Dec 12, 2023, resulting in a loss of 2,390,976 USD worth of assets, including USDT, USDC, and WETH. Details of the Exploit OKX DEX, a trading aggregator for cross-chain transactions, experienced an access control exploit on December 12, 2023. The proxy admin owner upgraded the DEX proxy contract to a new implementation contract, which may have led to the compromise of the private key of the OKX DEX. After the upgrade, tokens started bei","defi_rekt,slowmist",https://de.fi/rekt-database?id=3816 | https://web3isgoinggreat.com/?id=okx-dex-hack,2
2023-12-13,Hypr Network,215193.0,0.0,215193.0,Ethereum (L1),Bridge,EF,SC-Technical,,Business Logic,"rekt.news entry; audit=Unaudited | The `clearLegacySlot` modifier resets `Initializable`'s initialization flag (storage slot 0), allowing re-initialization | DeFiHackLabs entry (Business Logic Flaw) | BlockSec entry (Business Logic Flaw): tx=0x51ce3d9c.. attacker=0x3ea6ba6d.. | Quick Summary Hypr OP Stack Bridge exploited due to a smart contract vulnerability, resulting in a loss of 2,570,000 HYPR tokens worth 215,193 USD. Details of the Exploit Hypr OP Stack Bridge, a bridge between Ethereum Ma","blocksec,defi_rekt,defihacklabs,kismp,rekt",https://blocksec.com/security-incident?hash=0x51ce3d9cfc85c1f6a532b908bb2debb16c7569eb8b76effe614016aac6635f65 | https://de.fi/rekt-database?id=3827 | https://github.com/SunWeb3Sec/DeFiHackLabs/blob/main/past/2023/README.md | https://github.com/kismp123/DeFi-Security-Incident/blob/main/2023/2023-12-13_HyprNetwork_BusinessLogic_ETH.md | https://rekt.news/leaderboard | https://twitter.com/BlockSecTeam/status/1735197818883588574,5
2023-12-13,Peapods Finance,230596.0,231192.0,0.0,,Yield,EF,SC-Technical,,Exploit/Reentrancy/Reentrancy,"Quick Summary Peapods yield protocol on Ethereum chain exploited via reentrancy attack, resulting in a temporary loss of 231,192 USD worth of PEAS tokens. Details of the Exploit Peapods is a yield protocol running on the Ethereum chain. On December 13, 2023, the project was exploited through a reentrancy attack. The attacker, a white hat hacker with the axxe.eth ENS name, was able to gain PEAS tokens worth 231,192 USD (104.47 ETH). The hacker returned 90% of the stolen funds initially, and later","defi_rekt,slowmist",https://de.fi/rekt-database?id=3826 | https://twitter.com/zachxbt/status/1735025990819049968,2
2023-12-13,OKX DEX,2700000.0,0.0,2700000.0,Ethereum,DEX,EF,SC-Technical,Infrastructure,Private Key Compromised (Unknown Method),rekt.news entry; audit=N/A,"defillama,rekt",https://api.llama.fi/hacks | https://rekt.news/leaderboard,2
2023-12-13,Levana Protocol,1143000.0,0.0,1143000.0,,Derivatives,CPBP,SC-Economic,,Oracle Attack,"rekt.news entry; audit=Out of scope | The perpetual contract on Osmosis, Levana, has been subjected to an attack resulting in a loss exceeding $1.14 million. A post-incident report provided by its team indicates that between December 13th and December 26th, attackers successfully drained 10% of Levana&#39;s liquidity pool. Levana states that efforts are underway to rectify the issue, assuring that existing trading positions and profits remain unaffected. Future plans involve compensating affecte","rekt,slowmist",https://rekt.news/leaderboard | https://www.theblock.co/post/269455/levana-protocol-exploited-osmosis,2
2023-12-16,KEST,2300.0,0.0,2300.0,,Other,EF,SC-Technical,,Business Logic Flaw,DeFiHackLabs entry (Business Logic Flaw),defihacklabs,https://github.com/SunWeb3Sec/DeFiHackLabs/blob/main/past/2023/README.md,1
2023-12-16,GoodDollar,2000000.0,0.0,2000000.0,,Yield,EF,SC-Technical,,Lack of Input Validation & Reentrancy,DeFiHackLabs entry (Lack of Input Validation & Reentrancy),defihacklabs,https://github.com/SunWeb3Sec/DeFiHackLabs/blob/main/past/2023/README.md,1
2023-12-16,GoodDollars,627919.0,0.0,627919.0,,Other,CPBP,SC-Economic,,Exploit/Flash Loan Attack/Flash Loan Attack,"Quick Summary GoodDollar project on the Ethereum chain was exploited via a flash loan attack, resulting in the loss of 627,919 $USD worth of DAI. Details of the Exploit GoodDollar, a project on the Ethereum chain, was exploited on December 16, 2023, through a flash loan attack. The attacker took a flash loan from Balancer and managed to gain a significant amount of G$ tokens. These stolen funds were then swapped for DAI and currently remain at the EOA address controlled by the attacker. Some of ",defi_rekt,https://de.fi/rekt-database?id=3821,1
2023-12-20,Transit Finance,110000.0,0.0,110000.0,BSC,DEX,EF,SC-Technical,,Lack of Input Validation,BlockSec entry (Lack of Input Validation): tx=0x93ae5f0a.. attacker=0xf7552ba0..,blocksec,https://blocksec.com/security-incident?hash=0x93ae5f0a121d5e1aadae052c36bc5ecf2d406d35222f4c6a5d63fef1d6de1081 | https://twitter.com/Phalcon_xyz/status/1737355152779030570,1
2023-12-22,Pine Protocol,90000.0,0.0,90000.0,,Lending,CPBP,SC-Economic,,Flash Loan Attack,"PineProtocol seems to have been exploited. According to SlowMist&#39;s analysis, the exploiter&#39;s IP is 116.*.*.112. The exploiter has withdrawn ETH from FixedFloat and ChangeNOW, and has transferred 20 ETH to TornadoCash. The exploiter appears to have received part of the bounty.",slowmist,https://twitter.com/MistTrack_io/status/1738131780459430338,1
2023-12-26,Pike Finance,52600.0,0.0,52600.0,,Lending,IF,Cyber-Operational,,Rug Pull,"Pike Finance, a cross-chain lending protocol on Base, is suspected of a rug pull, with the deployer removing substantial liquidity, causing a 100% price decline.",slowmist,https://twitter.com/CryptoMonkeyAi/status/1739203055978160553,1
2023-12-27,Levana Perps,1100000.0,0.0,1100000.0,Osmosis,Derivatives,CPBP,SC-Economic,Protocol Logic,Price Oracle Attack,,defillama,https://api.llama.fi/hacks,1
2023-12-27,Thunder,192000.0,0.0,192000.0,,Other,EF,SC-Technical,,Third-party Vulnerability,"Multi-chain trading platform Thunder suffered an attack. Thunder responded by stating that a third-party service it uses appears to have been targeted. No one&#39;s private keys are compromised. Only 114 wallets out of over 14,000 were affected.",slowmist,https://twitter.com/ThunderTerminal/status/1739813779976982946,1
2023-12-30,Locus Finance,321000.0,0.0,321000.0,"Ethereum,Arbitrum",Yield,EF,SC-Technical,Infrastructure,Private Key Compromised (Unknown Method),,defillama,https://api.llama.fi/hacks,1
2023-12-30,Channels Finance,162200.0,0.0,162200.0,,Lending,CPBP,SC-Economic,,Price Manipulation,"ChannelsFinance on BSC was attacked, resulting in losses of over $320K. The contract uses an old Compound v2 protocol which has a known vulnerability. | DeFiHackLabs entry (Price Manipulation)","defihacklabs,slowmist",https://bscscan.com/tx/0x93372ce9c86a25f1477b0c3068e745b5b829d5b58025bb1ab234230d3473b776 | https://github.com/SunWeb3Sec/DeFiHackLabs/blob/main/past/2023/README.md,2
2023-12-31,Orbit Bridge,81551234.0,0.0,81551234.0,Ethereum,Bridge,EF,SC-Technical,Protocol Logic,Signature Exploit,"rekt.news entry; audit=Out of scope | The multi-signature verification logic in `withdraw()` accepted forged signatures as valid, allowing unauthorized withdrawals | Quick Summary Orbit Chain suffered a private key compromise exploit on Dec 31, 2023, resulting in a loss of 81,540,000 USD worth of various assets. Details of the Exploit Orbit Chain, a South Korean cross-chain project, experienced a private key compromise exploit on its Orbit Bridge. The attacker drained funds from the Bridge Contr","defi_rekt,defillama,kismp,rekt,slowmist",https://api.llama.fi/hacks | https://de.fi/rekt-database?id=3837 | https://github.com/kismp123/DeFi-Security-Incident/blob/main/2023/2023-12-31_OrbitChain_SignatureForgery.md | https://rekt.news/leaderboard | https://twitter.com/Orbit_Chain/status/1741725778956730778,5
2024-01-02,Radiant V2,4500000.0,0.0,4500000.0,Arbitrum,Lending,CPBP,SC-Economic,Protocol Logic,Flashloan New Market Exploit,"rekt.news entry; audit=Out of scope | Manipulation of `liquidityIndex` to an extreme value by exploiting `rayDiv` rounding errors in the newly deployed, empty USDC market | BlockSec entry (Accounting Error): tx=0xc5c4bbdd.. attacker=0x826d5f4d..; tx=0x2af55638.. attacker=0x826d5f4d..; tx=0x1ce7e9a9.. attacker=0x826d5f4d.. | Quick Summary Radiant Capital suffers $4.5 million loss in ETH due to flash loan attack. Details of the Exploit On January 2, 2024, Radiant Capital, a multichain lending prot","blocksec,defi_rekt,defillama,kismp,rekt,slowmist",https://api.llama.fi/hacks | https://blocksec.com/security-incident?hash=0xc5c4bbddec70edb58efba60c1f27bce6515a45ffcab4236026a5eeb3e877fc6d | https://de.fi/rekt-database?id=3836 | https://github.com/kismp123/DeFi-Security-Incident/blob/main/2024/2024-01-02_RadiantCapital_EmptyMarketRounding_ARB.md | https://neptunemutual.com/blog/how-was-radiant-capital-exploited/ | https://rekt.news/leaderboard | https://twitter.com/RDNTCapital/status/1742338729925112272,6
2024-01-04,Gamma,5340000.0,0.0,5340000.0,Arbitrum,Yield,CPBP,SC-Economic,Protocol Logic,Price Manipulation Attack,"The liquidity management protocol Gamma has been attacked, and its post-mortem indicates that there was a flaw in the deposit agent configuration. This flaw allowed the attacker to manipulate the price up to the price change threshold and mint a disproportionately high number of LP tokens.","defillama,slowmist",https://api.llama.fi/hacks | https://medium.com/gamma-strategies/post-mortem-remediation-plan-9a62f10d90f3,2
2024-01-04,Chronos,148000.0,0.0,148000.0,,DEX,CPBP,SC-Economic,,Flash Loan Attack,"Liquidity layer &amp; AMM Chronos tweeted that its concentrated liquidity pools managed by @dyson_money have been exploited in a manner similar to the gamma exploit. Users are advised to revoke contracts associated with these pools. This vulnerability is specific to concentrated liquidity pools, and all other V2 pools remain safe and unaffected. The rest of the funds are secure.",slowmist,https://twitter.com/ChronosFi_/status/1742902758850584635,1
2024-01-04,Gamma Strategies,6296375.0,0.0,6296375.0,Arbitrum,Yield,CPBP,SC-Economic,,Price Manipulation,"rekt.news entry; audit=Out of scope | Use of Algebra AMM spot price during concentrated liquidity deposits — deposit amounts calculated using a manipulable real-time price without TWAP | BlockSec entry (Vulnerable Price Dependency): tx=0xa96584f8.. attacker=0x53515361..; tx=0xcbb7ba9a.. attacker=0x53515361..; tx=0xbbc005af.. attacker=0x53515361.. | Quick Summary Gamma Strategies, a decentralized asset management protocol, suffered a price manipulation attack, resulting in a loss of 6,412,750 $US","blocksec,defi_rekt,kismp,rekt",https://blocksec.com/security-incident?hash=0xa96584f8ab7c27daea33798bb8a66286c75a2ba57eee3b4192c771f4eb4ac609 | https://de.fi/rekt-database?id=3841 | https://github.com/kismp123/DeFi-Security-Incident/blob/main/2024/2024-01-04_GammaStrategies_PriceManipulation_ARB.md | https://medium.com/gamma-strategies/post-mortem-remediation-plan-9a62f10d90f3 | https://rekt.news/leaderboard,4
2024-01-05,Narwhal,1531643.0,0.0,1531643.0,,DEX,EF,SC-Technical,,Exploit/Other/Other,"Quick Summary NRW token on Pancake Swap exploited, resulting in a loss of 1,563,286 USD. Details of the Exploit NRW is a BEP-20 token trading on Pancake Swap. On Jan 5-6, 2024, the token's contract was exploited in two transactions. It is suspected that the signer's private key was compromised or the information was forged. The attacker called the withdraw() function and passed in the signer info. The stolen funds were transferred to other EOAs and contracts, and later withdrawn through Stargate","defi_rekt,slowmist",https://de.fi/rekt-database?id=3839 | https://twitter.com/Narwhal_fyi/status/1744042646954488145,2
2024-01-07,MangoFarmSol,2000000.0,0.0,2000000.0,Solana,Yield,IF,Cyber-Operational,Rugpull,Frontend Attack,The MangoFarm project is suspected of a rug pull. The official Twitter account of the MangoFarm is no longer accessible.,"defillama,slowmist",https://api.llama.fi/hacks | https://twitter.com/tayvano_/status/1743789297877262642,2
2024-01-07,Orange Finance,843500.0,0.0,843500.0,,DEX,EF,SC-Technical,,,rekt.news entry; audit=N/A,rekt,https://rekt.news/leaderboard,1
2024-01-12,Wise Lending V1,464000.0,0.0,464000.0,Ethereum,Lending,CPBP,SC-Economic,Protocol Logic,Rounding Donation Attack,"The @Wise_Lending market was exploited today, resulting in ~177 ETH loss (~$464K). Our initial analysis shows the share accounting logic is flawed with a precision issue to drain the market funds. | Empty pool first depositor inflation + Faulty health factor calculation (Business Logic Flaw) | BlockSec entry (Business Logic Flaw): tx=0x04e16a79.. attacker=0xb90cf1d7.. | Quick Summary Wise Lending protocol was exploited on Ethereum Mainnet, losing 178.19 ETH. Details of the Exploit Wise Lending i","blocksec,defi_rekt,defillama,kismp,slowmist",https://api.llama.fi/hacks | https://blocksec.com/security-incident?hash=0x04e16a79ff928db2fa88619cdd045cdfc7979a61d836c9c9e585b3d6f6d8bc31 | https://de.fi/rekt-database?id=3843 | https://github.com/kismp123/DeFi-Security-Incident/blob/main/2024/2024-01-12_WiseLending_BusinessLogic_ETH.md | https://twitter.com/BlockSecTeam/status/1746022970265342111 | https://twitter.com/peckshield/status/1745907642118123774?s=46&amp;t=DLwbX9Nw4QECiyZQ0av-fg,5
2024-01-16,Bungee,3300000.0,0.0,3300000.0,Ethereum,Bridge,EF,SC-Technical,Protocol Logic,Missing Input Validation,"rekt.news entry; audit=Out of scope | Newly added Permit2 route's `swapExtraData` calldata passed without validation, enabling arbitrary external call execution | BlockSec entry (Lack of Input Validation): tx=0x591d054a.. attacker=0x50df5a22..; tx=0xc6c3331f.. attacker=0x50df5a22.. | Quick Summary The Socket Protocol was exploited on January 16, 2024, which resulted in a loss of approximately $3.3 million worth of assets. Details of the Exploit Socket is an interoperability protocol that enables","blocksec,defi_rekt,defillama,kismp,rekt,slowmist",https://api.llama.fi/hacks | https://blocksec.com/security-incident?hash=0x591d054a9db63f0976e533f447df482bed5f24d7429646570b2108a67e24ce54 | https://de.fi/rekt-database?id=3845 | https://github.com/kismp123/DeFi-Security-Incident/blob/main/2024/2024-01-16_SocketGateway_ArbitraryCallRoute_ETH.md | https://rekt.news/leaderboard | https://twitter.com/Phalcon_xyz/status/1747349099702059072 | https://twitter.com/socketdottech/status/1747349422730813525?s=46&amp;t=VOX9GON9LkityHRA95UVTQ,6
2024-01-16,Hector Network,2700000.0,0.0,2700000.0,,Stablecoin,EF,SC-Technical,,Unknown,"Another $2.7 million is gone after an apparent thief was able to exploit a smart contract that was intended to distribute payouts to Hector&#39;s token holders. They then swapped the tokens from the USDC stablecoin to ETH. Investors in the project are furious, especially because various parties had warned Hector Network about apparently insecure practices. Hector Network&#39;s team, meanwhile, have not acknowledged the theft, although a law firm involved in the project liquidation promised a sta",slowmist,https://www.web3isgoinggreat.com/?id=hector-network-compensation-fund-theft,1
2024-01-16,Citadel Finance,93000.0,0.0,93000.0,Arbitrum,DEX,CPBP,SC-Economic,,Price Oracle Manipulation,"`getCITInUSDAllFixedRates()` directly references the Uniswap V3 `slot0()` spot price, allowing excessive USDC withdrawal at a manipulated CIT price during `redeem()` | Quick Summary Citadel Finance suffers flash loan attack, losing about $97,000 USD worth of 43.34 ETH on Arbitrum chain. Details of the Exploit On January 27th, 2024, Citadel Finance, a Treasury-Backed Protocol on the Arbitrum chain, was exploited through a flash loan attack. The attacker manipulated the price of underlying assets,","defi_rekt,kismp,slowmist",https://de.fi/rekt-database?id=3859 | https://github.com/kismp123/DeFi-Security-Incident/blob/main/2024/2024-01-16_CitadelFinance_PriceOracleManipulation.md | https://neptunemutual.com/blog/how-was-citadel-finance-exploited/,3
2024-01-17,BasketDAO (BMIZapper),107000.0,0.0,107000.0,Ethereum Mainnet,Yield,EF,SC-Technical,,Unverified Input,"`zapToBMI()` function's `_aggregator` address and `_aggregatorData` calldata lack validation — attacker specified the USDC contract as the aggregator and injected `transferFrom` calldata to drain the victim's balance | BlockSec entry (Lack of Input Validation): tx=0x97201900.. attacker=0x63136677.. | Quick Summary BasketDAO exploited due to smart contract vulnerability, resulting in a loss of approximately $107,000 worth of assets (42.55 ETH). Details of the Exploit BasketDAO, a decentralized pl","blocksec,defi_rekt,kismp,slowmist",https://blocksec.com/security-incident?hash=0x97201900198d0054a2f7a914f5625591feb6a18e7fc6bb4f0c964b967a6c15f6 | https://de.fi/rekt-database?id=3852 | https://foresightnews.pro/news/detail/37065 | https://github.com/kismp123/DeFi-Security-Incident/blob/main/2024/2024-01-17_BasketDAO_UnverifiedInput_ETH.md | https://twitter.com/Phalcon_xyz/status/1747813119856914615,4
2024-01-18,Rose Finance,44735.0,0.0,44735.0,,Lending,CPBP,SC-Economic,,Exploit/Flash Loan Attack/Flash Loan Attack,"Quick Summary Rosa Finance suffers $44,670 USD loss in flash loan attack on Arbitrum. Details of the Exploit On January 18th, 2024, Rosa Finance, a decentralized non-custodial liquidity market protocol on Arbitrum, fell victim to a flash loan attack. The attacker exploited the project, stealing various cryptocurrencies including 12,601 DAI, 2,749 USDC, 0.2317 WBTC, 97.12 GMX, 3,873 ARB, and 3,396 PENDLE, amounting to a total loss of $44,670 USD. At the time of this report, the stolen funds remai","defi_rekt,slowmist",https://de.fi/rekt-database?id=3848 | https://twitter.com/rosa_finance/status/1747917232644948236,2
2024-01-19,MIC Token,500000.0,0.0,500000.0,BSC,DEX,CPBP,SC-Economic,,Flash Loan L P Fee Exploit,"The LP fee distribution logic in `swapManual()` allows fees to be extracted multiple times from the same LP via repeated calls through helper contracts, as distribution state is never reset",kismp,https://github.com/kismp123/DeFi-Security-Incident/blob/main/2024/2024-01-19_MIC_FlashLoanLPFeeExploit.md,1
2024-01-22,Bullran Index,310000.0,0.0,310000.0,,DEX,BDSF,Blockchain-Infrastructure,,Contract Vulnerability,Bullran Index was attacked due to a lack of permission control. An MEV bot was able to burn the BUI tokens that a user deposited into a custom safe contract and exploit the lack of permission control to extract 136 ETH.,slowmist,https://x.com/tonyke_bot/status/1749489858807230734,1
2024-01-22,Concentric,1700000.0,0.0,1700000.0,Arbitrum,Yield,EF,SC-Technical,Infrastructure,Private Key Compromised (Social Engineering),"Quick Summary Concentric Finance, a yield aggregator on Arbitrum, exploited via social engineering attack, losing $1,654,517 worth 715.7 WETH. Details of the Exploit Concentric Finance is a yield aggregator project running on the Arbitrum chain. On January 22, 2024, the project suffered a severe security breach due to a targeted social engineering attack on one of the team members holding the deployer wallet. The attacker compromised the private key for the protocol's deployer account and used i","defi_rekt,defillama,slowmist",https://api.llama.fi/hacks | https://de.fi/rekt-database?id=3849 | https://twitter.com/ConcentricFi/status/1749418658818830622,3
2024-01-22,DAO SoulMate (BUI — Bullran Index),319000.0,0.0,319000.0,Ethereum Mainnet,Yield,EF,SC-Technical,,Access Control,"No access control (e.g., `ownerOnly` or whitelist) on the `redeem()` function — any arbitrary address can burn the Vault's entire BUI balance and receive the underlying component assets | BlockSec entry (Access Control Issue): tx=0x1ea0a2e8.. attacker=0xd215ffaf..","blocksec,kismp",https://blocksec.com/security-incident?hash=0x1ea0a2e88efceccb2dd93e6e5cb89e5421666caeefb1e6fc41b68168373da342 | https://github.com/kismp123/DeFi-Security-Incident/blob/main/2024/2024-01-22_DAOSoulMate_AccessControl_ETH.md | https://twitter.com/Phalcon_xyz/status/1749494924662223349,2
2024-01-28,Goledo Finance,1700000.0,0.0,1700000.0,,Lending,CPBP,SC-Economic,,Flash Loan Attack,"GoledoFinance on Conflux was attacked, with a loss of 7.9m $CFX ($1.7M). The Goledo team has completed the initial investigation of the large borrowings in the lending pool. The team has determined that the issue is related to a flash loan. | Quick Summary Goledo Finance suffers a $1.7 million loss in a flash loan attack on the Conflux blockchain. Details of the Exploit On January 29th, 2024, Goledo, a cross-chain lending and borrowing protocol based on Aave, was attacked through a flash loan ex","defi_rekt,slowmist",https://de.fi/rekt-database?id=3855 | https://twitter.com/GoledoFinance/status/1751442740200517984,2
2024-01-28,Barley Finance,130000.0,0.0,130000.0,Ethereum,Yield,EF,SC-Technical,,Reentrancy,"BlockSec entry (Reentrancy): tx=0xb95f56a9.. attacker=0xc596523b..; tx=0x032c9e7f.. attacker=0x68ff5202..; tx=0x2a50db3d.. attacker=0x7b3a6eff.. | Barley Finance tweeted that there has been a vulnerability attack on the wBARL pod. The team is working on resolving the issue. Details are as follows: 1. The exploiter took more than 10% of the total BARL supply in the pod, of which about 9% was the development team&#39;s collateral, used from Marketing and Dev allocations. Therefore, the damage to u","blocksec,slowmist",https://blocksec.com/security-incident?hash=0xb95f56a93af1dbf477b2c527e186cc37aa4a973f8007717ff6c58ac62eb28a62 | https://twitter.com/Barley_Finance/status/1751693455179522139 | https://twitter.com/Phalcon_xyz/status/1751788389139992824,2
2024-01-30,Abracadabra Spell,6500000.0,0.0,6500000.0,Ethereum,Lending,EF,SC-Technical,Protocol Logic,Borrow Logic Exploit,"Rounding down error in `rayDiv()` causes debt to be eliminated by 1 unit every 90 borrow-repay cycles, enabling artificial debt erasure | BlockSec entry (Precision Loss): tx=0xdb4616b8.. attacker=0x87f58580..; tx=0x26a83db7.. attacker=0x87f58580.. | rekt.news entry; audit=Unaudited | Quick Summary Abracadabra Money lending platform exploited, resulting in a loss of 6,414,205 USD (2737.48 ETH). Details of the Exploit Abracadabra Money, a DeFi crypto lending platform, was exploited on January 30, ","blocksec,defi_rekt,defillama,kismp,rekt,slowmist",https://api.llama.fi/hacks | https://blocksec.com/security-incident?hash=0xdb4616b89ad82062787a4e924d520639791302476484b9a6eca5126f79b6d877 | https://de.fi/rekt-database?id=3858 | https://github.com/kismp123/DeFi-Security-Incident/blob/main/2024/2024-01-30_MIMSpell2_PrecisionLossManipulation.md | https://rekt.news/leaderboard | https://twitter.com/MIM_Spell/status/1752368458715607261 | https://twitter.com/MageIntern/status/1752319261908017632,6
2024-01-31,CheckDotProtocol,120000.0,120000.0,0.0,BNB Smart Chain (BSC),Other,EF,SC-Technical,,Access Control,BlockSec entry (Access Control Issue): tx=0xdd19e3a1.. attacker=0x1f9e20c1..,"blocksec,kismp",https://blocksec.com/security-incident?hash=0xdd19e3a1657f8381b561c4d6c9b61be67380e10fd4d367ccad6e8cf28c114e72 | https://github.com/kismp123/DeFi-Security-Incident/blob/main/2024/2024-01-31_CheckDotProtocol_AccessControl_BSC.md | https://twitter.com/Phalcon_xyz/status/1754130247409438738,2
2024-02-01,DualPools,41643.0,0.0,41643.0,BSC,Lending,CPBP,SC-Economic,,Flash Loan Oracle Manipulation,"The Venus protocol collateral price oracle references AMM spot prices, enabling collateral value manipulation via large swaps within a single block to facilitate excessive borrowing | Quick Summary DualPools DeFi project was exploited via a smart contract vulnerability, resulting in a loss of 41,286 $USD. Details of the Exploit DualPools, a DeFi project offering Swap, Lend, and Borrow services, was exploited on February 15, 2024. The attacker manipulated the price of dLINK by exploiting insuffic","defi_rekt,kismp",https://de.fi/rekt-database?id=3880 | https://github.com/kismp123/DeFi-Security-Incident/blob/main/2024/2024-02-XX_DualPools_FlashLoanOracleManipulation.md,2
2024-02-01,Seneca Protocol,6000000.0,0.0,6000000.0,Ethereum,Yield,EF,SC-Technical,,Arbitrary Call,"The `performOperations()` function allows arbitrary contract calls via the `OPERATION_CALL(30)` action type, enabling the attacker to exploit the `transferFrom` approval the victim had granted to the Chamber contract and drain Pendle PT tokens",kismp,https://github.com/kismp123/DeFi-Security-Incident/blob/main/2024/2024-02-XX_Seneca_ArbitraryCall.md,1
2024-02-01,PANDORA,17000.0,0.0,17000.0,Ethereum,DEX,EF,SC-Technical,,Integer Underflow,"Integer underflow bug in the `transferFrom()` implementation of the PANDORA ERC404 token, causing a mismatch between pair reserves and actual balances — WETH drained via a combination of `sync()` and `swap()`",kismp,https://github.com/kismp123/DeFi-Security-Incident/blob/main/2024/2024-02-XX_PANDORA_IntegerUnderflow.md,1
2024-02-02,Detto Finance,94147.0,0.0,94147.0,,Yield,IF,Cyber-Operational,,Rug Pull,"The project Detto Finance in the Base ecosystem is suspected of a rug pull, with its social media accounts currently inaccessible, resulting in approximately $95,000 in losses.",slowmist,https://twitter.com/DackieSwap/status/1753229580465484085,1
2024-02-04,User,85467.0,0.0,85467.0,,Derivatives,EF,SC-Technical,,Exploit/Phishing/Phishing,"Quick Summary The user on Ethereum chain suffered a phishing scam, losing 73.85 wstETH worth approximately $195,887 USD. Details of the Exploit On February 4, 2024, a user fell victim to a phishing scam. The victim signed an ""Increase Allowance"" transaction, which allowed the attacker to steal 73.85 wstETH (worth around $195,887 USD) from the wallet. The attacker first stole 18.46 wstETH and then, almost immediately, another 55.39 wstETH. Most of the stolen funds were exchanged for ETH and still",defi_rekt,https://de.fi/rekt-database?id=3862 | https://de.fi/rekt-database?id=3863 | https://de.fi/rekt-database?id=3881,1
2024-02-06,MangoFarmSOL,1297344.0,0.0,1297344.0,,Yield,IF,Cyber-Operational,,Exit Scam/Rugpull/Rugpull,"Quick Summary MangoFarmSOL exit scammed, stealing 1,297,344 USD worth of SOL (13,514 tokens) from users and deleting their website and Twitter account. Details of the Exploit MangoFarmSOL, a yield farming protocol on the Solana blockchain, encouraged users to deposit Solana tokens into the protocol to earn airdrops. On January 6, 2024, the project conducted an exit scam, withdrawing a total of 13,514 SOL tokens (worth around 1.29 million USD) deposited by users. The stolen funds primarily consis",defi_rekt,https://de.fi/rekt-database?id=3875,1
2024-02-08,Starlay Finance,2100000.0,0.0,2100000.0,,Lending,EF,SC-Technical,,Contract Vulnerability,"A critical security incident within the Starlay protocol’s USDC lending pool on the Acala EVM platform. An exploit was identified and executed due to abnormal behavior in the liquidity index calculation mechanism, which allowed an attacker to withdraw an amount far exceeding their original deposit after borrowing LDOT.",slowmist,https://twitter.com/starlay_fi/status/1755920814497742957,1
2024-02-09,Not Found (404),156000.0,0.0,156000.0,,Other,IF,Cyber-Operational,,Rug Pull,"The Not Found (404) project on ETH is suspected to have exited with losses of approximately $156,000, as the deployer withdrew a large amount of liquidity.",slowmist,https://www.dextools.io/app/cn/ether/pair-explorer/0x8c8e380ade29ae67355d833c204a79d0053f8851?t=1707667726962,1
2024-02-12,Burns DeFi (BurnsBuild),67000.0,0.0,67000.0,BSC,DEX,CPBP,SC-Economic,,Flash Loan Burn To Holder,"The `burnToHolder()` function uses a spot reserve-based price from DEX pair `getReserves()`, allowing reserve manipulation within a single block to receive excess reward tokens",kismp,https://github.com/kismp123/DeFi-Security-Incident/blob/main/2024/2024-02-12_BurnsDefi_FlashLoanBurnToHolder.md,1
2024-02-12,GAME,49596.0,0.0,49596.0,,Other,EF,SC-Technical,,Exploit/Reentrancy/Reentrancy,"Quick Summary GAME experienced a reentrancy attack resulting in a loss of 49,596 USD. Details of the Exploit On February 12, 2024, an attacker exploited a reentrancy vulnerability in a GAME's smart contract by repeatedly calling the makeBid() function. The stolen funds were transferred to another EOAs and then the part was deposited into FixedFloat, while the remainder was sent to an unknown address with over 2 million transactions. The attacker obtained 1.1 ETH from an address to which sent som",defi_rekt,https://de.fi/rekt-database?id=3867,1
2024-02-13,Compound (UNI Market),549768.5,0.0,549768.5,Ethereum,DEX,CPBP,SC-Economic,,Price Manipulation,"Compound's UNI market price feeder referenced Balancer AMM spot prices, making it manipulable via large single-block swaps — excessive UNI borrowing followed by incomplete liquidation resulted in bad debt | On the evening of February 23rd, UNI experienced a sudden price surge, causing Compound to fail in promptly updating UNI&#39;s price. As a result, the protocol used an incorrect price provided by Uniswap&#39;s TWAP (Time-Weighted Average Price). This allowed users to borrow UNI using collater","kismp,slowmist",https://github.com/kismp123/DeFi-Security-Incident/blob/main/2024/2024-02-13_CompoundUni_PriceManipulation.md | https://x.com/0xLEVI104/status/1762092203894276481,2
2024-02-14,MINER,466312.0,0.0,466312.0,,Other,EF,SC-Technical,,Exploit/Other/Other,"Quick Summary The MINER's smart contract was exploited , resulting in a loss of 466,624 USD worth 168.6 WETH. Details of the Exploit MINER is a collection of 100,000 avatars tied to the first tokens built on ERC-X, a fully optimized, experimental standard that enables the use of multiple token standards. On Feb 14, 2024, the project was exploited due to a double-transfer vulnerability caused by a lack of input validation in the update function. The attacker performed several malicious transactio","defi_rekt,slowmist",https://de.fi/rekt-database?id=3868 | https://twitter.com/shoucccc/status/1757777764646859121,2
2024-02-15,Particle Trade,140342.0,0.0,140342.0,Ethereum,Derivatives,EF,SC-Technical,,Lack of Input Validation,"BlockSec entry (Lack of Input Validation): tx=0x2cc3c3cf.. attacker=0x2c903f97..; tx=0xd9b3e229.. attacker=0x2c903f97.. | Quick Summary Particle trade, a decentralized leverage trading protocol, was exploited, resulting in the loss of 141,684 USD worth 50.12 WETH. Details of the Exploit Particle trade is a permissionless decentralized leverage trading protocol for any digital asset. On February 15, 2024, the project was exploited due to a contract vulnerability in its previously deprecated NFT c","blocksec,defi_rekt",https://blocksec.com/security-incident?hash=0x2cc3c3cfbdf04441f3349e49768c909ac252ace6f78b24a25d4700a47883514a | https://de.fi/rekt-database?id=3879 | https://twitter.com/PeiQI99440310/status/1758681695208034604,2
2024-02-16,xPet,255285.0,254826.0,459.0,,Other,EF,SC-Technical,,Exploit/Other/Other,"Quick Summary xPET, a Social Fi and Game Fi platform on Arbitrum, was exploited due to a smart contract vulnerability, resulting in a loss of 91.5 ETH worth 256,570 USD. Details of the Exploit On February 16, 2024, xPET's on-chain PvP contract was exploited, allowing the attacker to withdraw a large amount of $BPET tokens. The vulnerability was related to the newly launched PvP feature. The attacker dumped over 1 million BPET tokens to obtain 91.5 ETH, which was then transferred to another EOAs ","defi_rekt,slowmist",https://de.fi/rekt-database?id=3869 | https://twitter.com/Michaeltalkhere/status/1758558740461306362,2
2024-02-22,Tectonic,250000.0,0.0,250000.0,Cronos,Lending,CPBP,SC-Economic,Protocol Logic,Flashloan New Market Exploit,,defillama,https://api.llama.fi/hacks,1
2024-02-24,BlueBerry,1350000.0,1071106.0,278894.0,Ethereum,Yield,EDPM,Cyber-Operational,Protocol Logic,Flashloan Price Oracle Attack,"PriceOracleProxy decimal normalization misconfiguration — all prices scaled to 18 decimals regardless of token decimals, causing USDC/WBTC (6/8 decimal) assets to be massively undervalued as collateral | DeFi leverage project Blueberry Protocol was exploited for approximately $1.35 million. However, the attack was intercepted by a white hat, c0ffeebabe.eth. 366 ETH has already been returned to Blueberry. The vulnerability stemmed from the incorrect handling of decimals by the lending contract. T","blocksec,defi_rekt,defillama,kismp,slowmist",https://api.llama.fi/hacks | https://blocksec.com/security-incident?hash=0xf0464b01d962f714eee9d4392b2494524d0e10ce3eb3723873afd1346b8b06e4 | https://de.fi/rekt-database?id=3876 | https://github.com/kismp123/DeFi-Security-Incident/blob/main/2024/2024-02-22_BlueberryProtocol_PriceOracleRounding_ETH.md | https://twitter.com/BlockSecTeam/status/1760876339903558114 | https://twitter.com/web3isgreat/status/1761101904795271657,5
2024-02-28,Seneca,6450000.0,5300000.0,1150000.0,"Ethereum,Arbitrum",Lending,EF,SC-Technical,Protocol Logic,Token approval exploit,rekt.news entry; audit=Halborn | The `_call()` function inside `performOperations()` can invoke arbitrary external contracts with user-controlled calldata — allowing the attacker to drain tokens that victims had previously `approve`d to the Chamber contract | BlockSec entry (Arbitrary Call): tx=0x9f371267.. attacker=0x94641c01..; tx=0x5e9c14e3.. attacker=0x94641c01..; tx=0x3fe4b148.. attacker=0x94641c01.. | Quick Summary Exploitation of Seneca Protocol Leads to $6.5 Million Asset Loss Details of,"blocksec,defi_rekt,defillama,kismp,rekt,slowmist",https://api.llama.fi/hacks | https://blocksec.com/security-incident?hash=0x9f3712672be7a120757d42fbe15ceefe9578914946bacbd0f3531e7fb7305576 | https://de.fi/rekt-database?id=3885 | https://github.com/kismp123/DeFi-Security-Incident/blob/main/2024/2024-02-28_Seneca_ArbitraryCall_ETH.md | https://rekt.news/leaderboard | https://twitter.com/Phalcon_xyz/status/1763045563040411876 | https://twitter.com/SlowMist_Team/status/1762865505042645010,6
2024-03-01,Prisma Finance,11000000.0,0.0,11000000.0,Ethereum,Lending,CPBP,SC-Economic,,Flash Loan Trove Zap,"`MigrateTroveZap.onFlashLoan()` callback does not validate the caller (msg.sender), allowing arbitrary triggering of `setDelegateApproval()` to hijack Trove collateral",kismp,https://github.com/kismp123/DeFi-Security-Incident/blob/main/2024/2024-03-XX_Prisma_FlashLoanTroveZap.md,1
2024-03-01,MO Finance,413000.0,0.0,413000.0,Optimism,Lending,EF,SC-Technical,,Borrow Redeem Logic Flaw,"`Loan.borrow()` can be called repeatedly without proper collateral or duplicate borrow validation, and `redeem()` executes without position validity checks, draining LP liquidity",kismp,https://github.com/kismp123/DeFi-Security-Incident/blob/main/2024/2024-03-XX_MO_BorrowRedeemLogicFlaw.md,1
2024-03-01,TGBS,150500.0,0.0,150500.0,BSC,Other,CPBP,SC-Economic,,Burn Block Bypass,"The `_burnBlock()` function returns a block number used to determine whether token burning occurs; by performing 1,600+ self-transfers, the attacker bypasses the block number condition and accumulates large amounts of tokens without any burn | Quick Summary Flash loan exploit on TGBS contract resulted in a loss of approximately $151k. Details of the Exploit The exploit targeted the TGBS contract (bsc 0xedecfA18CAE067b2489A2287784a543069f950F4) through a flash loan scheme. The attacker took 1,229","blocksec,defi_rekt,kismp,slowmist",https://blocksec.com/security-incident?hash=0xa0408770d158af99a10c60474d6433f4c20f3052e54423f4e590321341d4f2a4 | https://bscscan.com/tx/0xa0408770d158af99a10c60474d6433f4c20f3052e54423f4e590321341d4f2a4 | https://de.fi/rekt-database?id=3895 | https://github.com/kismp123/DeFi-Security-Incident/blob/main/2024/2024-03-06_TGBSToken_BusinessLogic_BSC.md | https://github.com/kismp123/DeFi-Security-Incident/blob/main/2024/2024-03-XX_TGBS_BurnBlockBypass.md | https://twitter.com/Phalcon_xyz/status/1765285257949974747,4
2024-03-01,GHT,57000.0,0.0,57000.0,Ethereum,Other,EF,SC-Technical,,Transfer From Sync Manipulation,"Used GHT token's `transferFrom()` to drain the pair balance down to 1, called `sync()` to update reserves, then transferred a large amount of GHT back and exploited the price discrepancy via `swap()` to drain WETH",kismp,https://github.com/kismp123/DeFi-Security-Incident/blob/main/2024/2024-03-XX_GHT_TransferFromSyncManipulation.md,1
2024-03-05,WOOFi Swap,8750000.0,0.0,8750000.0,Arbitrum,DEX,CPBP,SC-Economic,Protocol Logic,Price Oracle Manipulation,rekt.news entry; audit=Certik | The sPMM price algorithm can be manipulated via sequential large-scale swaps within a single block; `woFeasible` remains `true` even when the deviation threshold against Chainlink is exceeded | BlockSec entry (Vulnerable Price Dependency): tx=0xe80a1667.. attacker=0x9961190b..; tx=0x40e1b8c7.. attacker=0x9961190b..; tx=0x57e55532.. attacker=0x9961190b.. | Quick Summary WOOFi Swap on Arbitrum experienced an exploit resulting in a loss of approximately $8.5 million.,"blocksec,defi_rekt,defillama,kismp,rekt,slowmist",https://api.llama.fi/hacks | https://blocksec.com/security-incident?hash=0xe80a16678b5008d5be1484ec6e9e77dc6307632030553405863ffb38c1f94266 | https://de.fi/rekt-database?id=3889 | https://github.com/kismp123/DeFi-Security-Incident/blob/main/2024/2024-03-05_WOOFi_sPMMOracleManipulation_ARB.md | https://rekt.news/leaderboard | https://woo.org/blog/en/woofi-spmm-exploit-post-mortem,6
2024-03-08,Unizen,2050000.0,2100000.0,0.0,Ethereum,DEX,EF,SC-Technical,Protocol Logic,External Call Vulnerability,"The selector `0x1ef29a02` function in the trade aggregator proxy executes arbitrary target + calldata within a Call struct, exploiting victim's DMTR token approval to execute `transferFrom` | rekt.news entry; audit=Halborn, Verichains | Unvalidated calldata external call in `trade()` function used to steal user tokens | BlockSec entry (Lack of Input Validation): tx=0x3eb2002b.. attacker=0x268a6635..; tx=0x30fef86a.. attacker=0xd440b927..; tx=0x57b736ac.. attacker=0xc596523b.. | Quick Summary DeF","blocksec,defi_rekt,defillama,kismp,rekt,slowmist",https://api.llama.fi/hacks | https://blocksec.com/security-incident?hash=0x3eb2002b46de3e4adee9ed9e093e79582f08fed912194d6e869e6cbbf97eb6e9 | https://de.fi/rekt-database?id=3890 | https://github.com/kismp123/DeFi-Security-Incident/blob/main/2024/2024-03-08_Unizen_ArbitraryCall_ETH.md | https://github.com/kismp123/DeFi-Security-Incident/blob/main/2024/2024-03-XX_UnizenIO_ArbitraryCalldata.md | https://rekt.news/leaderboard | https://twitter.com/Phalcon_xyz/status/1766274000534004187 | https://twitter.com/SlowMist_Team/status/1766311510362734824,6
2024-03-09,JUICE,216000.0,0.0,216000.0,,DEX,EF,SC-Technical,,Exploit/Other/Other,"Quick Summary The $JUICE Staking contract was exploited on March 9th, 2024, resulting in the loss of 1,303,811 $JUICE Tokens, which were immediately sold for approximately 54 ETH on Uniswap. The exploit was promptly addressed, and investigations were launched to understand the attack. Details of the Exploit The $JUICE Staking contract was exploited on March 9th, 2024, allowing the attacker to drain 1,303,811 $JUICE Tokens and sell them for approximately 54 ETH on Uniswap. The exploit stemmed fro",defi_rekt,https://de.fi/rekt-database?id=3894,1
2024-03-12,Polyhedra,760000.0,0.0,760000.0,,Bridge,EF,SC-Technical,,Private Key Leakage,"Polyhedra was exploited due to the compromise of the private keys, which resulted in a loss of 1,400,323 THENA tokens worth approximately $760,000. The contract was maliciously upgraded following the leakage of the private key of the administrator account. The exploiter swapped all of the stolen assets for 1,299 BNB tokens. According to the team, the incident resulted from intentional theft rather than a vulnerability in the contract itself.",slowmist,https://foresightnews.pro/news/detail/40607,1
2024-03-14,MO Token (Loan contract),750000.0,0.0,750000.0,Optimism,Lending,EF,SC-Technical,,Business Logic,Business logic flaw enabling unlimited MO token withdrawal from the LP pool via repeated `borrow()` + `redeem()` calls | BlockSec entry (Business Logic Flaw): tx=0xedad1792.. attacker=0x4e2c6096..; tx=0x4ec30617.. attacker=0x4e2c6096..; tx=0x7168160b.. attacker=0x4e2c6096..,"blocksec,kismp",https://blocksec.com/security-incident?hash=0xedad1792eef7dcb6a4bd515d3d42a9cb4bd9f10c0e2979591fc6d25156ce865c | https://github.com/kismp123/DeFi-Security-Incident/blob/main/2024/2024-03-14_MOToken_BusinessLogic_OP.md | https://twitter.com/0xNickLFranklin/status/1768184024483430523,2
2024-03-15,Mozaic,2050000.0,0.0,2050000.0,,Yield,EF,SC-Technical,,Exploit/Access control/Access Control,"Quick Summary Mar-15-2024 Mozaic Finance was hacked on Arbitrum, leading to a loss of approximately $2.1 million. Details of the Exploit Mozaic_Fi's breach stemmed from compromised access controls within the Arbitrum network. Vaults were drained for about $2.1M in USDT tokens. Subsequently, the stolen funds were funneled to @MEXC_Official. Block Data Reference Attacker: https://arbiscan.io/address/0xd6d4e8038df50803412d1b1ad2c9845bacf7c52b Exploit tx: https://arbiscan.io/tx/0xed6c13860eda65d7b53","defi_rekt,slowmist",https://de.fi/rekt-database?id=3901 | https://twitter.com/Mozaic_Fi/status/1768754080271196178,2
2024-03-15,MOBOX,750000.0,0.0,750000.0,,Lending,EF,SC-Technical,,Contract Vulnerability,"The DeFi protocol MOBOX was attacked due to a vulnerability in the borrow function, resulting in a loss of approximately $750,000.",slowmist,https://optimistic.etherscan.io/tx/0x4ec3061724ca9f0b8d400866dd83b92647ad8c943a1c0ae9ae6c9bd1ef789417,1
2024-03-19,ParaSwap,300000.0,0.0,300000.0,"Polygon, Ethereum, Optimism, Arbitrum, Base",DEX,EF,SC-Technical,,Access Control Issue,BlockSec entry (Access Control Issue): tx=0x7da5cc55.. attacker=0xe6e83f9d..; tx=0x479cf357.. attacker=0xe6e83f9d..; tx=0x1e73c420.. attacker=0xe6e83f9d.. | Missing caller validation in `uniswapV3SwapCallback()` — a fake Uniswap V3 pool triggers the callback to gain control of `fromAddress` and drain victim tokens | Decentralized exchange (DEX) aggregator ParaSwap announced the discovery of a critical vulnerability affecting its approved aggregation smart contract Augustus V6. This vulnerability,"blocksec,kismp,slowmist",https://blocksec.com/security-incident?hash=0x7da5cc55e0b386d117b78cf63ccac0dd67e34718e8be72e8a07068639039bede | https://github.com/kismp123/DeFi-Security-Incident/blob/main/2024/2024-03-20_ParaSwap_AccessControl_Multichain.md | https://medium.com/neptune-mutual/analysis-of-the-paraswap-exploit-1f97c604b4fe | https://www.panewslab.com/zh/articledetails/bgv603ia.html,3
2024-03-20,Dolomite,1800000.0,0.0,1800000.0,Ethereum,Lending,EF,SC-Technical,Protocol Logic,Access Control Exploit,"Quick Summary Dolomite encountered an approval attack, leading to approximately $1.9 million in losses on the Ethereum network. Details of the Exploit The attacker exploited the batchTransfer feature within the TradeDelegate contract, exploiting users' approved tokens and transferring them to the malicious contract. This method allowed the hacker to execute unauthorized transfers of approved tokens, resulting in significant financial losses. | On March 20th, Dolomite, a decentralized trading pro","defi_rekt,defillama,slowmist",https://api.llama.fi/hacks | https://de.fi/rekt-database?id=3903 | https://twitter.com/Dolomite_io/status/1770499040741859645,3
2024-03-20,LayerSwap,100000.0,0.0,100000.0,,Bridge,EF,SC-Technical,,DNS Attack,"The @GoDaddy account for the L2 cross-chain bridge LayerSwap&#39;s domain http://layerswap[.]io was compromised. The compromise of the domain led to a phishing site being displayed, resulting in approximately 50 users losing ~$100K worth assets. To address this, Layerswap is refunding the affected users in full plus and an additional 10% as a compensation for the caused inconvenience.",slowmist,https://twitter.com/layerswap/status/1770679223876780091,1
2024-03-21,TICKER,900000.0,0.0,900000.0,,Other,IF,Cyber-Operational,,Insider Manipulation,"TICKER project developer steals $900,000. A developer brought on to run a presale for the TICKER token stole $900,000 from the project. 15% of the token supply was sent to the developer to distribute via an airdrop, but instead of doing so, the developer sold the majority of the tokens for around $900,000.",slowmist,https://www.web3isgoinggreat.com/?id=ticker-rug-pull,1
2024-03-23,Curio Ecosystem,8050000.0,0.0,8050000.0,Ethereum,Stablecoin,CPBP,SC-Economic,,Governance Attack,"BlockSec entry (Governance Attack): tx=0x4ff4028b.. attacker=0xdaaa6294.. | The RWA infrastructure of the Curio Ecosystem suffered an attack, involving smart contracts based on MakerDAO within its ecosystem. The attacker exploited a permission access logic vulnerability.","blocksec,slowmist",https://blocksec.com/security-incident?hash=0x4ff4028b03c3df468197358b99f5160e5709e7fce3884cc8ce818856d058e106 | https://twitter.com/AnciliaInc/status/1771619444508459318 | https://www.theblockbeats.info/flash/240546,2
2024-03-25,Curio,16000000.0,0.0,16000000.0,Ethereum,Stablecoin,EF,SC-Technical,Protocol Logic,Voting Power Inflation,rekt.news entry; audit=N/A,"defillama,rekt",https://api.llama.fi/hacks | https://rekt.news/leaderboard,2
2024-03-28,PrismaLST,11600000.0,0.0,11600000.0,Ethereum,Lending,CPBP,SC-Economic,Protocol Logic,Flashloan Trove Manipulation,"rekt.news entry; audit=PrismaFi | `MigrateTroveZap.migrate()` does not validate the `account` parameter, allowing an arbitrary account's collateral (wstETH) to be transferred to the attacker | BlockSec entry (Lack of Input Validation): tx=0xdc5c5686.. attacker=0x7fe83f45..; tx=0x0e38dd69.. attacker=0x7c9fc6e2..; tx=0x3b6c97c7.. attacker=0x7fe83f45.. | Decentralized lending protocol Prisma Finance was hacked, with a loss of approximately 3,257.7 ETH (equivalent to around $11.6 million USD). The p","blocksec,defillama,kismp,rekt,slowmist",https://api.llama.fi/hacks | https://blocksec.com/security-incident?hash=0xdc5c56869862f7da6527ec68da9d8e1e04ccc3ca16a6b3ebe8f714432d505245 | https://github.com/kismp123/DeFi-Security-Incident/blob/main/2024/2024-03-28_PrismaFi_MigrateExploit_ETH.md | https://hackmd.io/@PrismaRisk/PostMortem0328 | https://rekt.news/leaderboard | https://twitter.com/PrismaFi/status/1773316945430852058,5
2024-03-29,Lava,340000.0,0.0,340000.0,Arbitrum,Lending,CPBP,SC-Economic,Protocol Logic,Calculation Error in Liquidation Engine ,"Quick Summary LavaLending experienced a flash loan exploit resulting in the theft of approximately $340K worth of various cryptocurrencies. Details of the Exploit LavaLending fell victim to a flash loan exploit, resulting in the unauthorized transfer of funds totaling approximately $340K. The stolen cryptocurrencies include 60,349 USDT, 8.5 wstETH, 96,215 UDSC.e, 77,477 USDC, and 20.3 ETH. These funds were sent to the address 0xfbcdb6ceca13b0e2ca51e86c94d78faab10a6428 on the Arbitrum network. In","defi_rekt,defillama,slowmist",https://api.llama.fi/hacks | https://de.fi/rekt-database?id=3908 | https://twitter.com/LavaLending/status/1773571491587637329,3
2024-03-29,ETHFIN,1240.0,0.0,1240.0,,Other,EF,SC-Technical,,lack of access control,DeFiHackLabs entry (lack of access control),defihacklabs,https://github.com/SunWeb3Sec/DeFiHackLabs/blob/main/past/2024/README.md,1
2024-04-01,Yield Protocol,181000.0,0.0,181000.0,Arbitrum,Yield,EF,SC-Technical,,Mint Divested Burn Divested Logic Flaw,"When `mintDivested()` and `burnDivested()` are used in combination, a donation of pool tokens to the vault distorts the shares ratio, allowing withdrawal of more USDC than was actually deposited",kismp,https://github.com/kismp123/DeFi-Security-Incident/blob/main/2024/2024-04-XX_Yield_MintDivestedBurnDivestedLogicFlaw.md,1
2024-04-01,XBridge,1600000.0,0.0,1600000.0,Ethereum,Bridge,EF,SC-Technical,,List Token Withdraw Unauthorized,"`listToken()` allowed the same token address to be registered multiple times under different chain IDs (85936, 95838), enabling an attacker to drain all STC tokens held by the bridge via `withdrawTokens()`",kismp,https://github.com/kismp123/DeFi-Security-Incident/blob/main/2024/2024-04-XX_XBridge_ListTokenWithdrawUnauthorized.md,1
2024-04-01,Chainge Finance,458000.0,0.0,458000.0,BSC,DEX,EF,SC-Technical,,Arbitrary Calldata,"`MinterProxyV2.swap()` executes arbitrary `callData` without validation, allowing unauthorized `transferFrom()` of tokens pre-approved by victims | Quick Summary The address possibly associated with Chainge Finance on BSC was drained. The exploited contract is temporarily paused, and users are warned not to approve or revoke approvals from it. The hack amount totals approximately $710k Details of the Exploit 0x80a0d7a6fd2a22982ce282933b384568e5c852bf, suspected to be connected to Chainge Finance","defi_rekt,kismp",https://de.fi/rekt-database?id=3916 | https://github.com/kismp123/DeFi-Security-Incident/blob/main/2024/2024-04-XX_ChaingeFinance_ArbitraryCalldata.md,2
2024-04-01,Sumer Money,310000.0,0.0,310000.0,Base,Lending,EF,SC-Technical,,Repay Borrow Behalf Reentrancy,"When calling `repayBorrowBehalf{value: borrowAmount + 1}()`, the `receive()` fallback is reentered during the ETH refund process, executing additional borrow/repay cycles to drain cbETH and USDC reserves | Reentrancy during `repayBorrowBehalf()` ETH transfer callback — `getCashPrior()` increases while `totalBorrows` has not yet decreased, causing abnormal `exchangeRate` inflation and enabling over-collateralized borrowing | Sumer Money was exploited on the Base chain due to a smart contract vuln","kismp,slowmist",https://basescan.org/tx/0x619c44af9fedb8f5feea2dcae1da94b6d7e5e0e7f4f4a99352b6c4f5e43a4661 | https://github.com/kismp123/DeFi-Security-Incident/blob/main/2024/2024-04-12_SumerMoney_Reentrancy_Base.md | https://github.com/kismp123/DeFi-Security-Incident/blob/main/2024/2024-04-XX_SumerMoney_RepayBorrowBehalfReentrancy.md,2
2024-04-01,OpenLeverage (BSC Margin Trading and Lending Protocol),234000.0,0.0,234000.0,BSC (BNB Chain),Lending,EF,SC-Technical,,Reentrancy,"Reentrancy during DEX swap callback within `marginTrade()` — `OPBorrowingDelegator.borrow()` is re-entered from the `Executor.execute()` callback, creating an inconsistent state where a margin position and a separate borrow position coexist, then `liquidate()` + `payoffTrade()` are used to seize the full collateral without repaying debt | The `marginTrade()` function executes DEX routing data (`dexData`) without validation, allowing the attacker to manipulate positions via crafted DEX data, then","blocksec,defi_rekt,kismp,slowmist",https://blocksec.com/security-incident?hash=0x0434bf08a63d70b84fad033d38d8b645498016b3931af4d13f6c11e86848876b | https://de.fi/rekt-database?id=3907 | https://github.com/kismp123/DeFi-Security-Incident/blob/main/2024/2024-04-01_OpenLeverage_Reentrancy_BSC.md | https://github.com/kismp123/DeFi-Security-Incident/blob/main/2024/2024-04-XX_OpenLeverage2_MarginTradeArbitraryDEX.md | https://twitter.com/0xNickLFranklin/status/1774727539975672136 | https://twitter.com/OpenLeverage/status/1774734793990971462,4
2024-04-01,WSM (Wall Street Memes),18000.0,0.0,18000.0,BSC,DEX,CPBP,SC-Economic,,Buy With B N B Price Manipulation,"`buyWithBNB()` uses Uniswap V3 spot price as a price oracle without TWAP, allowing an attacker to depress the price via a large single-block swap and then buy at the manipulated low price",kismp,https://github.com/kismp123/DeFi-Security-Incident/blob/main/2024/2024-04-XX_WSM_BuyWithBNBPriceManipulation.md,1
2024-04-01,GFA,14000.0,0.0,14000.0,BSC,Other,EF,SC-Technical,,Reward Selector Exploit,"Selector functions `0x5f7938f1` and `0x3890ec92` on the reward contract were callable by anyone without access control, allowing an attacker to generate excessive GFA rewards with arbitrary parameters and swap them for BUSD",kismp,https://github.com/kismp123/DeFi-Security-Incident/blob/main/2024/2024-04-XX_GFA_RewardSelectorExploit.md,1
2024-04-01,NGFS,190000.0,0.0,190000.0,BSC,Other,EF,SC-Technical,,Delegate Call Reserves Exploit,"The NGFS token contract exposes `delegateCallReserves()`, `setProxySync(address)`, and `reserveMultiSync(address, uint256)` without access control, allowing an attacker to sync pair reserves to their own contract and drain them",kismp,https://github.com/kismp123/DeFi-Security-Incident/blob/main/2024/2024-04-XX_NGFS_DelegateCallReservesExploit.md,1
2024-04-01,Z123,135500.0,0.0,135500.0,BSC,Other,EF,SC-Technical,,Consecutive Swap Liquidity Burn,"Each swap through the victim router excessively burns Z123 liquidity; after 79 iterations the supply reduction distorts the price, allowing the attacker to realize profit | Z123 on BSC was attacked by a hacker due to a contract vulnerability, resulting in a loss of approximately $136k. The .update() function of Z123 was repeatedly called which burned extra tokens and inflated the price.","kismp,slowmist",https://github.com/kismp123/DeFi-Security-Incident/blob/main/2024/2024-04-XX_Z123_ConsecutiveSwapLiquidityBurn.md | https://twitter.com/SlowMist_Team/status/1782324056647516180,2
2024-04-01,MARS,99000.0,0.0,99000.0,BSC,Other,EF,SC-Technical,,Reflection Tax Swap Sync Manipulation,"The reflection tax mechanism updates only `balanceOf` without updating the pair's internal reserves, causing an accumulated divergence between reserves and actual balances across repeated buy/sell cycles, enabling arbitrage profit | Token issuance protocol Mars was attacked and lost about 1M MARS 和 137 个 WBNB.","kismp,slowmist",https://github.com/kismp123/DeFi-Security-Incident/blob/main/2024/2024-04-XX_MARS_ReflectionTaxSwapSyncManipulation.md | https://twitter.com/Mars_DeFi412/status/1780154384107946332,2
2024-04-01,Rico,36000.0,0.0,36000.0,Arbitrum,Lending,EF,SC-Technical,,Bank Diamond Flash Arbitrary Transfer,"The `BankDiamond.flash()` function forwards `transferFrom`-encoded callback data to the token contract without validation, allowing the attacker to unauthorized transfer token balances from specific token holders",kismp,https://github.com/kismp123/DeFi-Security-Incident/blob/main/2024/2024-04-XX_Rico_BankDiamondFlashArbitraryTransfer.md,1
2024-04-01,UPS,29000.0,0.0,29000.0,BSC,DEX,EF,SC-Technical,,Skim Without Reserve Update,"When UPS tokens are transferred to the pair, the reserves are not updated, allowing repeated extraction of the difference between actual balance and reserves via repeated `sync()` + `skim()` | UPS on BNBChain was attacked and lost ~$30K.","kismp,slowmist",https://bscscan.com/tx/0xafea61edb932f816550ef7241e62355d4d50be1bdb7727d69a7a9fb4d510482e | https://github.com/kismp123/DeFi-Security-Incident/blob/main/2024/2024-04-XX_UPS_SkimWithoutReserveUpdate.md,2
2024-04-01,Hackathon,20000.0,0.0,20000.0,BSC,Other,EF,SC-Technical,,Balance Duplication Skim,"Hackathon token `transfer()` logic double-credits balances when `sender == recipient == pair`, and repeatedly calling `skim()` infinitely drains the excess over reserves",kismp,https://github.com/kismp123/DeFi-Security-Incident/blob/main/2024/2024-04-XX_Hackathon_BalanceDuplicationSkim.md,1
2024-04-01,ATM Token,182000.0,0.0,182000.0,BSC (BNB Chain),DEX,EF,SC-Technical,,Business Logic,"Business logic flaw caused by the combination of the ATM Fee-on-Transfer token's tax mechanism and PancakeSwap V2's `skim()` function | Directly transferring ATM tokens into the V2 pair causes `balanceOf` to exceed the internal reserve, allowing excess extraction via `skim()` — a business logic flaw with no reserve synchronization | BlockSec entry (Business Logic Flaw): tx=0x458ea2d7.. attacker=0xd070490b..; tx=0x2c110663.. attacker=0xd070490b..; tx=0xee10553c.. attacker=0x499057d1..","blocksec,kismp",https://blocksec.com/security-incident?hash=0x458ea2d7e6c5953b0d927aabc1c6a144df276d6ffa55b236087763396ee57067 | https://github.com/kismp123/DeFi-Security-Incident/blob/main/2024/2024-04-01_ATMToken_BusinessLogic_BSC.md | https://github.com/kismp123/DeFi-Security-Incident/blob/main/2024/2024-04-XX_ATM_FlashLoanSkim.md | https://twitter.com/0xNickLFranklin/status/1775008489569718508,2
2024-04-03,Avolend Finance,253000.0,0.0,253000.0,,Lending,IF,Cyber-Operational,,Rug Pull,"In the Blast ecosystem, the project Avolend Finance is suspected to be a rug pull. Currently, its official website and Twitter account cannot be accessed.",slowmist,https://twitter.com/mouisaac/status/1775192739275244024?s=46&amp;t=DLwbX9Nw4QECiyZQ0av-fg,1
2024-04-11,Empower AI,237500.0,0.0,237500.0,,Other,IF,Cyber-Operational,,Rug Pull,"The price of Empower AI (EMPAI) on Ethereum has dropped by 100%. A whale 0xE4808...f3bA has dumped 1,000,000,000,000 EMPAI for about 66.44 WETH (valued at around $23,750).",slowmist,https://www.dextools.io/app/cn/ether/pair-explorer/0x27d6f3d95e4888e1eacd19b200abec9089153a44?t=1713102750687,1
2024-04-12,SumerMoney,350000.0,0.0,350000.0,Base,Lending,CPBP,SC-Economic,,Reentrancy,"BlockSec entry (Reentrancy): tx=0x619c44af.. attacker=0xbb344544.. | Quick Summary The Summer Money protocol was exploited via a flash loan attack, resulting in losses of approximately $350,000 USD. Details of the Exploit The Summer Money protocol was exploited on the Base L2 blockchain, resulting in losses of approximately $350,000 USD. The attacker utilized an unverified contract for the attack, executing a flash loan of 150 ETH and 645,000 USDC to deposit into Summer ETH and USDC wrapper cont","blocksec,defi_rekt",https://blocksec.com/security-incident?hash=0x619c44af9fedb8f5feea2dcae1da94b6d7e5e0e7f4f4a99352b6c4f5e43a4661 | https://de.fi/rekt-database?id=3920 | https://twitter.com/0xNickLFranklin/status/1778986926705672698,2
2024-04-12,Zest Protocol,1000000.0,0.0,1000000.0,,Lending,CPBP,SC-Economic,,Price Manipulation,"The Bitcoin-native lending protocol, Zest Protocol twitted that it experienced an attack. The attacker lent out an amount exceeding the value of their collateral by artificially inflating its value. The attack has been mitigated, and all unauthorized access has been disabled. The attacker removed 324,000 STX from the protocol, and this loss will be compensated from the Zest Protocol&#39;s treasury, ensuring full reimbursement of user assets.",slowmist,https://twitter.com/ZestProtocol/status/1778533650520490342,1
2024-04-15,Grand Base,1850000.0,0.0,1850000.0,Base,Other,EF,SC-Technical,Infrastructure,Private Key Compromised (Unknown Method),"rekt.news entry; audit=Unaudited | Quick Summary Grand Base faced a severe issue, resulting in the unauthorized minting of $GB tokens on the base chain and a subsequent massive decline in token value. Approximately $2M worth of assets, including 615 $ETH, were transferred to #ETH wallets. Details of the Exploit The security breach at Grand Base involved the compromise of their deployer's wallet, allowing the attacker to mint $GB tokens on #BASEChain without authorization. This incident triggered","defi_rekt,defillama,rekt,slowmist",https://api.llama.fi/hacks | https://de.fi/rekt-database?id=3915 | https://rekt.news/leaderboard | https://twitter.com/grandbase_fi/status/1779842048234840261,4
2024-04-19,Hedgey,44700000.0,0.0,44700000.0,"Arbitrum,Ethereum",Other,CPBP,SC-Economic,Ecosystem,Claim Contract Flashloan Exploit,"`cancelCampaign()` returns deposited funds immediately to the original depositor without validating the lock period, enabling a create-cancel cycle within the same transaction to drain funds | rekt.news entry; audit=Consensys Diligence | BlockSec entry (Lack of Input Validation): tx=0x03c73a34.. attacker=0xc0ffeeba..; tx=0x9215b87e.. attacker=0xc0ffeeba..; tx=0xe118170d.. attacker=0xc0ffeeba.. | Quick Summary The Hedgey Finance-related contract was drained of approximately 2 million USD. Details","blocksec,defi_rekt,defillama,kismp,rekt,slowmist",https://api.llama.fi/hacks | https://blocksec.com/security-incident?hash=0x03c73a343b5a481c9431af2f4a2146a0e77522a23e5cca9b2ea024778589967f | https://cryptonews.com/news/hedgey-finance-suffers-dual-exploits-losing-44-7-million-in-funds.htm | https://de.fi/rekt-database?id=3919 | https://github.com/kismp123/DeFi-Security-Incident/blob/main/2024/2024-04-XX_HedgeyFinance_FlashLoanCampaign.md | https://rekt.news/leaderboard,6
2024-04-23,Magpie Protocol,129000.0,0.0,129000.0,"Ethereum,Polygon,BSC,Blast,Avalanche,Arbitrum,Optimism,Base,zkSync Era,Polygon zkEVM",Yield,EF,SC-Technical,Protocol Logic,Router Exploit,"The decentralized liquidity aggregation protocol Magpie Protocol was attacked due to a contract vulnerability, resulting in $129,000 being stolen from 221 wallets. The root cause is due to unchecked call data. The attacker called the contract&#39;s swap() function and passed in data which included a list of users to transfer tokens from.","defillama,slowmist",https://api.llama.fi/hacks | https://medium.com/@Magpieprotocol/magpie-protocol-smart-contract-vulnerability-post-mortem-f6400db0a25e,2
2024-04-24,YIEDL (SportVault),150000.0,0.0,150000.0,BSC (BNB Smart Chain),Yield,EF,SC-Technical,,Unverified Input,"Unvalidated `dataList` parameter in `redeem()` — attacker injected arbitrary swap commands to drain Vault assets | BlockSec entry (Lack of Input Validation): tx=0x8ef37656.. attacker=0x32269647..; tx=0x8710034d.. attacker=0x32269647..; tx=0x5e468cba.. attacker=0x32269647.. | According to intelligence from the SlowMist Security Team, the YIEDL project on the BSC chain was attacked, with the attacker stealing approximately $300,000. In this incident, the reason lies in the contract’s failure to ad","blocksec,kismp,slowmist",https://blocksec.com/security-incident?hash=0x8ef3765665cd849cdf9132ab37caf6aa0f891e1f7d9f418f86a6ab6ea38b6f5b | https://github.com/kismp123/DeFi-Security-Incident/blob/main/2024/2024-04-24_YIEDL_UnverifiedInput_BSC.md | https://twitter.com/Phalcon_xyz/status/1782966561726156945 | https://twitter.com/SlowMist_Team/status/1782962346039898473,3
2024-04-24,XBridge,1620000.0,0.0,1620000.0,"Ethereum,BSC",Bridge,EF,SC-Technical,Infrastructure,nan,"Quick Summary XBridge, a cross-chain platform connecting Ethereum Mainnet and BNB chain, experienced a significant smart contract vulnerability on April 24, 2024. This exploit resulted in a loss of assets totaling approximately $1.9 million. The vulnerability allowed the attacker to seamlessly take away assets from the protocol. Details of the Exploit The exploit was rooted in a faulty smart contract implementation due to a lack of regulated access control. The attacker invoked a call to the vul","defi_rekt,defillama,slowmist",https://api.llama.fi/hacks | https://de.fi/rekt-database?id=3924 | https://etherscan.io/tx/0x903d88a92cbc0165a7f662305ac1bff97430dbcccaa0fe71e101e18aa9109c92 | https://www.panewslab.com/zh/sqarticledetails/6xjzb1bo.html,3
2024-04-24,SaitaChain XBridge,1000000.0,0.0,1000000.0,Ethereum (additional losses: BNB Chain),Bridge,EF,SC-Technical,,Access Control,"In `listToken()`, when `_baseToken == _correspondingToken`, the token owner (`_tokenOwner`) can be set without any caller validation → subsequent `withdrawTokens()` call drains assets | BlockSec entry (Access Control Issue): tx=0x903d88a9.. attacker=0x0cfc28d1..; tx=0xe09d350d.. attacker=0x0cfc28d1..","blocksec,kismp",https://blocksec.com/security-incident?hash=0x903d88a92cbc0165a7f662305ac1bff97430dbcccaa0fe71e101e18aa9109c92 | https://github.com/kismp123/DeFi-Security-Incident/blob/main/2024/2024-04-24_SaitaChain_AccessControl_ETH.md,2
2024-04-25,NGFS Token (FengShou / NGFS),190000.0,0.0,190000.0,BSC (Binance Smart Chain),Other,EF,SC-Technical,,Access Control,Unauthorized addresses could sequentially call the proxy registration and balance manipulation functions (missing access control) | BlockSec entry (Access Control Issue): tx=0x8ff764dd.. attacker=0xd03d360d..,"blocksec,kismp",https://blocksec.com/security-incident?hash=0x8ff764dde572928c353716358e271638fa05af54be69f043df72ad9ad054de25 | https://github.com/kismp123/DeFi-Security-Incident/blob/main/2024/2024-04-25_NGFSToken_AccessControl_BSC.md | https://twitter.com/0xNickLFranklin/status/1783640967062663252,2
2024-04-27,xBank Finance,550000.0,0.0,550000.0,,Lending,IF,Cyber-Operational,,Rug Pull,"According to feedback from multiple community members, the zkSync ecosystem lending platform @xBankFinance is suspected of a rug pull. Currently, the official account displays that it has been frozen, and the platform&#39;s liquidity is reduced to single-digit assets.",slowmist,https://www.odaily.news/newsflash/366578,1
2024-04-30,Pike V1,1647920.5,1600000.0,47920.5,"Ethereum,Optimism,Arbitrum",Lending,EF,SC-Technical,Protocol Logic,Storage Misalignment Exploit,"BlockSec entry (Lack of Input Validation): tx=0x167c97b5.. attacker=0xe2edb263..; tx=0x979ad9b7.. attacker=0xadaf1626.. | Storage layout change after upgrade shifted the `initialized` variable slot → unauthorized re-invocation of the initializer function | BlockSec entry (Storage Collision): tx=0xe2912b8b.. attacker=0x19066f74..; tx=0xdac6af56.. attacker=0x19066f74..; tx=0x6baa6332.. attacker=0x19066f74.. | Quick Summary The USDC pool on Pike Beta was exploited by a hacker on April 26, 2024, res","blocksec,defi_rekt,defillama,kismp,rekt,slowmist",https://api.llama.fi/hacks | https://blocksec.com/security-incident?hash=0x167c97b5897d11b23a6694f30acb71e8deead771d22fe88aee04ca8696a2bffa | https://blocksec.com/security-incident?hash=0xe2912b8bf34d561983f2ae95f34e33ecc7792a2905a3e317fcc98052bce66431 | https://de.fi/rekt-database?id=3926 | https://de.fi/rekt-database?id=3927 | https://github.com/kismp123/DeFi-Security-Incident/blob/main/2024/2024-04-30_PikeFinance_StorageCollision_ETH.md | https://rekt.news/leaderboard | https://twitter.com/Phalcon_xyz/status/1784523042531819733 | https://twitter.com/Phalcon_xyz/status/1785508900093194591 | https://twitter.com/PikeFinance/status/1783989069212799321 | https://twitter.com/PikeFinance/status/1785572875124330644,6
2024-04-30,Yield Protocol,181000.0,0.0,181000.0,Arbitrum,Lending,EF,SC-Technical,Protocol Logic,Balance Disparity Exploit,"A hacker stole approximately $181,000 worth of crypto assets from Yield’s strategic contracts present on the Arbitrum blockchain. The hacker exploited a discrepancy between the pool token balance and total supply with flash-loaned assets and then withdrew extra pool tokens.","defillama,slowmist",https://api.llama.fi/hacks | https://www.odaily.news/newsflash/367002,2
2024-05-01,TSURU,406923.5,0.0,406923.5,Base,Other,EF,SC-Technical,,On E R C1155 Received Unauthorized,"The `onERC1155Received()` callback does not validate the caller, allowing the attacker to invoke the callback directly without an actual ERC1155 transfer to mint 167.2M TSURU tokens and swap them for WETH | Missing `msg.sender` validation in `onERC1155Received()` callback — arbitrary callers can mint TSURU tokens without authorization | BlockSec entry (Access Control Issue): tx=0xe63a8df8.. attacker=0x7a5eb99c.. | According to the SlowMist Security Alert system, potential suspicious activities r","blocksec,kismp,slowmist",https://blocksec.com/security-incident?hash=0xe63a8df8759f41937432cd34c590d85af61b3343cf438796c6ed2c8f5b906f62 | https://github.com/kismp123/DeFi-Security-Incident/blob/main/2024/2024-05-10_Tsuru_AccessControl_Base.md | https://github.com/kismp123/DeFi-Security-Incident/blob/main/2024/2024-05-XX_TSURU_OnERC1155ReceivedUnauthorized.md | https://twitter.com/SlowMist_Team/status/1788936928634834958 | https://twitter.com/TsuruBase/status/1789000570235420847,3
2024-05-01,Tradeonorion (Orion Protocol),645000.0,0.0,645000.0,BSC,DEX,EF,SC-Technical,,Redeem Atomic Signature Bypass,"A flaw in the signature verification logic of `redeemAtomic()` allowed attacker-controlled signatures to be accepted as valid, enabling the combined use of `depositAssetTo()` + `redeemAtomic()` to drain BUSDT, ORN, XRP, and BNB",kismp,https://github.com/kismp123/DeFi-Security-Incident/blob/main/2024/2024-05-XX_Tradeonorion_RedeemAtomicSignatureBypass.md,1
2024-05-01,NORMIE,490000.0,0.0,490000.0,Base,Other,EF,SC-Technical,,Skim Fee On Transfer Exploit,"Transferring NORMIE fee-on-transfer tokens to the pair and repeatedly calling `skim()` 50 times accumulates a discrepancy between the actual balance and reserves caused by the fee, ultimately draining the WETH reserves",kismp,https://github.com/kismp123/DeFi-Security-Incident/blob/main/2024/2024-05-XX_NORMIE_SkimFeeOnTransferExploit.md,1
2024-05-01,TCH,18000.0,0.0,18000.0,BSC,Other,EF,SC-Technical,,Burn Token Signature Malleable,"The `burnToken(uint256 amount, uint256 nonce, bytes memory signature)` function accepts manipulated signatures as valid even when the last byte (`v` value) is altered from `0x1c`→`0x01` or `0x1b`→`0x00` — a signature malleability vulnerability. Called 34 times to mass-burn TCH → price distortion followed by profit-taking | DeFiHackLabs entry (Signature Malleability Vulnerability) | According to the SlowMist security team&#39;s monitoring, the TCH token on the BNBChain has been continuously attac","defihacklabs,kismp,slowmist",https://github.com/SunWeb3Sec/DeFiHackLabs/blob/main/past/2024/README.md | https://github.com/kismp123/DeFi-Security-Incident/blob/main/2024/2024-05-XX_TCH_BurnTokenSignatureMalleable.md | https://x.com/SlowMist_Team/status/1791358365194650094,3
2024-05-01,Predy Finance,464000.0,0.0,464000.0,Arbitrum,Derivatives,EF,SC-Technical,,Register Pair Callback Exploit,Registering a malicious pair via `registerPair()` and draining assets from the Predy Finance pool through arbitrary call execution inside the `predyTradeAfterCallback()` callback | Cross-pair liquidity theft inside `trade()` callback (accounting validation ordering error) | BlockSec entry (Accounting Error): tx=0xbe163f65.. attacker=0x76b02ab4.. | Quick Summary On the 14th of May Predy finance on Arbitrum L2 network was exploited with losses about 464k USD.&nbsp; Details of the Exploit On May 14,"blocksec,defi_rekt,kismp,slowmist",https://blocksec.com/security-incident?hash=0xbe163f651d23f0c9e4d4a443c0cc163134a31a1c2761b60188adcfd33178f50f | https://de.fi/rekt-database?id=3931 | https://github.com/kismp123/DeFi-Security-Incident/blob/main/2024/2024-05-14_PredyFinance_AccountingError_ARB.md | https://github.com/kismp123/DeFi-Security-Incident/blob/main/2024/2024-05-XX_PredyFinance_RegisterPairCallbackExploit.md | https://twitter.com/SlowMist_Team/status/1790326798469001379 | https://x.com/predyfinance/status/1791109477049000336,4
2024-05-01,Liquiditytokens,200000.0,0.0,200000.0,BSC,Yield,EF,SC-Technical,,Join Stake Lock Exploit,"The three functions `join()` (0x28ffe6c8), `stake()` (0xa694fc3a), and `lock()` (0xdd467064) are externally callable without access control, allowing an attacker to stake LP tokens via a helper contract and manipulate internal reward calculations to drain assets",kismp,https://github.com/kismp123/DeFi-Security-Incident/blob/main/2024/2024-05-XX_Liquiditytokens_JoinStakeLockExploit.md,1
2024-05-01,OSN,109500.0,0.0,109500.0,BSC,Other,EF,SC-Technical,,Reward Distribution No Hold Duration,"The reward distribution contract does not check token hold duration, allowing immediate reward claims after acquiring a large balance within a single block | OSN on BNBChain is suspected to have been attacked. The attacker initiated multiple attack transactions, resulting in a loss of ~$110K. The attacker took advantage of the OSNLpDividendTracker contract which sells its own tokens as a reward for users adding liquidity.","kismp,slowmist",https://github.com/kismp123/DeFi-Security-Incident/blob/main/2024/2024-05-XX_OSN_RewardDistributionNoHoldDuration.md | https://twitter.com/SlowMist_Team/status/1787330586857861564,2
2024-05-01,GPU,32000.0,0.0,32000.0,BSC,Other,EF,SC-Technical,,Self Transfer Balance Multiplication,"The GPU token's `transfer()` function, when transferring to oneself, causes balance to be credited twice due to the tax mechanism — repeating this 87 times results in exponential balance growth | Calling selector `0x836aefb0` on the vulnerable contract with a 100 trillion TGC parameter to manipulate internal state, then after a 5-hour timestamp manipulation, claiming rewards via selector `0xfd5a466f` inside a flash swap callback | GPU on BNBChain was attacked, with a loss of about $32,000. There","defihacklabs,kismp,slowmist",https://github.com/SunWeb3Sec/DeFiHackLabs/blob/main/past/2024/README.md | https://github.com/kismp123/DeFi-Security-Incident/blob/main/2024/2024-05-XX_GPU_SelfTransferBalanceMultiplication.md | https://github.com/kismp123/DeFi-Security-Incident/blob/main/2024/2024-05-XX_TGC_SelectorBasedRewardManipulation.md | https://twitter.com/SlowMist_Team/status/1788153412019978733,3
2024-05-01,MetaDragon,180000.0,0.0,180000.0,BSC,Other,EF,SC-Technical,,Transfer To Contract Unrestricted Mint,"In the `transfer(to, tokenId)` function, when `to == address(this)",kismp,https://github.com/kismp123/DeFi-Security-Incident/blob/main/2024/2024-05-XX_MetaDragon_TransferToContractUnrestrictedMint.md,1
2024-05-06,Perpy Finance,132000.0,0.0,132000.0,,Derivatives,EF,SC-Technical,,Contract Vulnerability,"The Social Fi project Perpy Finance was attacked. A hacker was able to update the contract and illicitly withdrew 58,489,594 PRY tokens. These were then transferred and exchanged for 41.895 ETH. According to Perpy Finance&#39;s incident analysis report, &quot;this breach was made possible by an error in initializing the proxy contract for the staking liquid module, which was a fork of the staking vested model previously audited and used by Camelot. We overconfidently chose not to audit this fork",slowmist,https://perpy-finance.beehiiv.com/p/update-recent-exploit,1
2024-05-06,OSN Token,110000.0,0.0,110000.0,,Other,CPBP,SC-Economic,,Exploit/Flash Loan Attack/Flash Loan Attack,"Quick Summary On May 6th, OSN Token contract was exploited with a hacker's profit of about 110k USD. Details of the Exploit On May 6th, the address 0x835B4 exploited the OSN token via the unverified exploiter contract 0x4a5ac. During multiple transactions, the exploiter repeatedly added liquidity using flashloan from the Pancake V3 pool and then performed buy-sell operations, which generated rewards for LP holders via the OSNLpDividendTracker contract, followed by removing liquidity. This allowe",defi_rekt,https://de.fi/rekt-database?id=3933,1
2024-05-06,Saturn,8343.0,0.0,8343.0,,Other,CPBP,SC-Economic,,Price Manipulation,"Saturn, the new token issuance protocol, was exploited on the BNB chain, which resulted in a loss of 14.16 BNB, worth approximately $8,343. The protocol would reportedly burn and sync the asset amount before any prior token transfers, which led to a price manipulation attack that caused their SATURN/WBNB pool to be entirely empty.",slowmist,https://bscscan.com/tx/0x948132f219c0a1adbffbee5d9dc63bec676dd69341a6eca23790632cb9475312,1
2024-05-09,Bloom,570000.0,0.0,570000.0,,Yield,EF,SC-Technical,,Exploit/Other/Other,"Quick Summary On the 9th of May Bloom on Blast was exploited with a losses about 600k USD.&nbsp; Details of the Exploit On May 9th, Bloom on Blast was exploited due to an issue with specific Blast L2 rebasing tokens that weren't handled correctly. This vulnerability allowed the exploiter to gain $600,000 by exploiting the vulnerable Trading Blast contract. After that funds were bridged to the Ethereum mainnet. Block Data Reference Exploiter: https://blastscan.io/txs?a=0x60e329396f6dfb17f49c41dd3","defi_rekt,slowmist",https://de.fi/rekt-database?id=3930 | https://twitter.com/BloomOnBlast/status/1788695722952421689,2
2024-05-14,PredyFinance,464000.0,0.0,464000.0,,Derivatives,EF,SC-Technical,,Reentrancy,DeFiHackLabs entry (Reentrancy),defihacklabs,https://github.com/SunWeb3Sec/DeFiHackLabs/blob/main/past/2024/README.md,1
2024-05-15,Sonne Finance,20000000.0,0.0,20000000.0,Optimism,Lending,CPBP,SC-Economic,Ecosystem,Flashloan Donate Function Logic Exploit,"Direct donation to newly added VELO market to manipulate soVELO exchange rate — Precision Loss (ERC4626 Inflation Attack) | BlockSec entry (Precision Loss): tx=0xb43748ed.. attacker=0xae4a7cde..; tx=0x67632758.. attacker=0xae4a7cde..; tx=0x100ff031.. attacker=0xae4a7cde.. | Exploited a timelock-scheduled soVELO parameter change to mint a small amount of soVELO, then directly donated a large amount of VELO to the soVELO contract to manipulate the exchangeRate, enabling the attacker to borrow the ","blocksec,defi_rekt,defihacklabs,defillama,kismp,rekt,slowmist",https://api.llama.fi/hacks | https://blocksec.com/security-incident?hash=0xb43748ed668c1e44cf0a3e829ca0fe24eceaee7d33d06072bb11ca99afa7f448 | https://de.fi/rekt-database?id=3934 | https://github.com/SunWeb3Sec/DeFiHackLabs/blob/main/past/2024/README.md | https://github.com/kismp123/DeFi-Security-Incident/blob/main/2024/2024-05-14_SonneFinance_ERC4626Inflation_OP.md | https://github.com/kismp123/DeFi-Security-Incident/blob/main/2024/2024-05-XX_Sonne_CompoundDonateExploit.md | https://medium.com/@SonneFinance/post-mortem-sonne-finance-exploit-12f3daa82b06 | https://rekt.news/leaderboard | https://x.com/SonneFinance/status/1790578458172563648,7
2024-05-16,ALEX,4300000.0,0.0,4300000.0,Stacks,DEX,EF,SC-Technical,Infrastructure,Private Key Compromised (Phishing),"rekt.news entry; audit=CoinFabrik | Quick Summary ALEXLabBTC Exploit Results in $4.3 Million Theft and Subsequent Recovery Details of the Exploit A recent exploit targeted XLink, where the deployer at 0xb3955302E58FFFdf2da247E999Cd9755f652b13b executed four upgrades on a proxy contract linked to ALEXLabBTC. Within an hour, two addresses withdrew a total of $4.3 million in digital assets, which were transferred to addresses funded by TornadoCash. This attack was enabled through compromised privat","defi_rekt,defillama,rekt,slowmist",https://api.llama.fi/hacks | https://de.fi/rekt-database?id=3938 | https://rekt.news/leaderboard | https://twitter.com/ALEXLabBTC/status/1790611871986331855,4
2024-05-22,YON,118000.0,0.0,118000.0,,Other,EF,SC-Technical,,Contract Vulnerability,YON on BNBChain was exploited and lost 190 BNB (～$118K) as a result. The vulnerability in the transferFrom function of the target contract (YON) allowed the attacking contract to directly transfer YON to the LP contract.,slowmist,https://bscscan.com/tx/0x5b3ffec387b5e77b3fc1c6423ea2cbc47b2a8dacd74eb9f20bdfd852f5c28215,1
2024-05-28,"Orion Protocol (TradeOnOrion, BSC Exchange)",645000.0,0.0,645000.0,BSC (Binance Smart Chain),DEX,EF,SC-Technical,,Business Logic,"`redeemAtomic()` business logic flaw — double-draining stake balance via signed orders during stake release request, then over-withdrawing | BlockSec entry (Business Logic Flaw): tx=0x660837a1.. attacker=0x51177db1.. | Quick Summary On May-28-2024 , Orion protocol was exploited with a losses about of 994k USD.&nbsp; Details of the Exploit The root cause was improper updating of user liabilities during the removeLiability operation. The attacker manipulated the liabilities array of a controlled a","blocksec,defi_rekt,kismp,slowmist",https://blocksec.com/security-incident?hash=0x660837a1640dd9cc0561ab7ff6c85325edebfa17d8b11a3bb94457ba6dcae18c | https://de.fi/rekt-database?id=3942 | https://github.com/kismp123/DeFi-Security-Incident/blob/main/2024/2024-05-28_OrionProtocol_BusinessLogic_BSC.md | https://x.com/Phalcon_xyz/status/1795355758235693089 | https://x.com/SlowMist_Team/status/1795326102157816192,4
2024-05-31,TLN Protocol (TlnSwap),163000.0,0.0,163000.0,BSC (BNB Smart Chain),DEX,CPBP,SC-Economic,,Price Dependency,"The `lock()` function uses the PancakeSwap spot price (`getVowRate`) directly to determine vUSD mint amount — price manipulation via flash loan is possible | BlockSec entry (Vulnerable Price Dependency): tx=0x1350cc72.. attacker=0x6951eb8a.. | According to monitoring by the SlowMist security team, the TLN Protocol on BNBChain was attacked, resulting in a loss of approximately $280,000.","blocksec,kismp,slowmist",https://blocksec.com/security-incident?hash=0x1350cc72865420ba5d3c27234fd4665ad25c021b0a75ba03bc8340a1b1f98a45 | https://github.com/kismp123/DeFi-Security-Incident/blob/main/2024/2024-05-31_TLNProtocol_PriceDependency_BSC.md | https://x.com/Phalcon_xyz/status/1796481848387743959 | https://x.com/SlowMist_Team/status/1796475220372709776,3
2024-05-31,MixedSwapRouter,16000.0,0.0,16000.0,,DEX,EF,SC-Technical,,Contract Vulnerability,"According to monitoring by the SlowMist security team, the MixedSwapRouter on Arbitrum was attacked, resulting in a loss of approximately 293,000 WINR, valued at around $16,000.",slowmist,https://x.com/SlowMist_Team/status/1796469028858573023,1
2024-05-31,WINR,15000.0,0.0,15000.0,,Other,EF,SC-Technical,,Exploit/Other/Other,"Quick Summary May-31-2024 a $WINR token on Arbitrum was attacked, and the attacker managed to grab ~$15k worth of $WINR tokens Block Data Reference Attacker: https://arbiscan.io/address/0xfeef112831cc8f790abe71b4b196c220ee26ecf3 Attacker contract: Exploit tx: https://arbiscan.io/tx/0xf57f041cb6d8a10e11edab50b84e49b59ff834c7d114d1e049cedd654c36194d",defi_rekt,https://de.fi/rekt-database?id=3943,1
2024-06-01,SteamSwap (MineSTM Re-attack),91000.0,0.0,91000.0,BSC,DEX,EF,SC-Technical,,Update Allowance Sell Large,"`updateAllowance()` + `sell()` vulnerability enabling AMM reserve manipulation for profit — lack of access control allows arbitrary callers to update allowance and execute large-scale sells | DeFiHackLabs entry (Logic Flaw) | According to monitoring by the SlowMist security team, SteamSwap(STM) on BNBChain was attacked, resulting in a loss of approximately $105K.","defihacklabs,kismp,slowmist",https://github.com/SunWeb3Sec/DeFiHackLabs/blob/main/past/2024/README.md | https://github.com/kismp123/DeFi-Security-Incident/blob/main/2024/2024-06-XX_SteamSwap_UpdateAllowanceSellLarge.md | https://x.com/SlowMist_Team/status/1798905797440897386,3
2024-06-01,INcufi,60000.0,0.0,60000.0,BSC,Yield,EF,SC-Technical,,Stake Zero Day Withdral Swap Commision,"The `STAKE()` function allows a lock duration of 0, the `withdral()` function contains a typo that bypasses internal validation, and `swapCommision()` accumulates fees to referrer addresses created via CREATE2 which are then drained",kismp,https://github.com/kismp123/DeFi-Security-Incident/blob/main/2024/2024-06-XX_INcufi_StakeZeroDayWithdralSwapCommision.md,1
2024-06-01,Will (Trading Protocol),52777.0,0.0,52777.0,BSC,Derivatives,EF,SC-Technical,,Place Sell Order Expired Settlement,"`placeSellOrder()` allows order creation with zero margin, and `updateExpiredOrders()` + `settleExpiredPositions()` settle expired orders at a price-favorable rate, enabling theft of WILL token sale profits",kismp,https://github.com/kismp123/DeFi-Security-Incident/blob/main/2024/2024-06-XX_Will_PlaceSellOrderExpiredSettlement.md,1
2024-06-02,Velocore V2,6800000.0,0.0,6800000.0,"Linea,zkSync Era",DEX,EF,SC-Technical,Protocol Logic,Fee Overflow Exploit,"Calling `velocore__execute()` 3 times with the same parameters causes cumulative errors in the pool's internal balance accounting, allowing withdrawal of more USDC.e than actually held | DeFiHackLabs entry (lack-of-access-control) | rekt.news entry; audit=Zokyo, Hacken, Scalebit | Missing caller validation in AMM pool's `velocore__execute()` + arithmetic underflow caused by allowing `effectiveFee1e9` to exceed 100% | BlockSec entry (Business Logic Flaw): tx=0x4156d73c.. attacker=0x8cdc37ed..; tx","blocksec,defi_rekt,defihacklabs,defillama,kismp,rekt,slowmist",https://api.llama.fi/hacks | https://blocksec.com/security-incident?hash=0x4156d73cadc18419220f5bcf10deb4d97a3d3f7533d63ba90daeabc5fd11ba17 | https://de.fi/rekt-database?id=3946 | https://github.com/SunWeb3Sec/DeFiHackLabs/blob/main/past/2024/README.md | https://github.com/kismp123/DeFi-Security-Incident/blob/main/2024/2024-06-02_Velocore_InvariantFlaw_zkSync.md | https://github.com/kismp123/DeFi-Security-Incident/blob/main/2024/2024-06-XX_Velocore_ExecutePoolAccountingBug.md | https://rekt.news/leaderboard | https://velocorexyz.medium.com/velocore-incident-post-mortem-6197020ec3e9,7
2024-06-04,NCD,13200.0,0.0,13200.0,,Other,EF,SC-Technical,,Business Logic Flaw,"DeFiHackLabs entry (Business Logic Flaw) | According to monitoring by the SlowMist security team, NCD on BNBChain was attacked, resulting in a loss of approximately $20,000.","defihacklabs,slowmist",https://github.com/SunWeb3Sec/DeFiHackLabs/blob/main/past/2024/README.md | https://x.com/SlowMist_Team/status/1797821034319765604,2
2024-06-08,Gemholic,3400000.0,0.0,3400000.0,,DEX,IF,Cyber-Operational,,Rug Pull,"Gemholic, a crypto project, is accused of a rug pull after moving $3.5M in recently recovered funds and vanishing from social media.",slowmist,https://x.com/0xAA_Science/status/1799333616767635514,1
2024-06-10,UwU Lend,19300000.0,0.0,19300000.0,Ethereum,Lending,CPBP,SC-Economic,Ecosystem,Flashloan Price Oracle Attack,"The sUSDE price was referenced directly from the Curve pool spot price without a TWAP, enabling price manipulation via a large single-block swap, which was then exploited via the liquidation bonus mechanism and allowed borrowing against inflated collateral | rekt.news entry; audit=Peckshield | The spot price (`get_p()`) of the Curve sUSDE pool was used directly in the oracle median calculation, making it manipulable via flash loans | BlockSec entry (Vulnerable Price Dependency): tx=0x9235e066.. ","blocksec,defi_rekt,defillama,kismp,rekt,slowmist",https://api.llama.fi/hacks | https://blocksec.com/security-incident?hash=0x9235e0662e230bdfa94f56f4932fd09a95fea17e4b9b44a4f40a59449e216110 | https://de.fi/rekt-database?id=4040 | https://github.com/kismp123/DeFi-Security-Incident/blob/main/2024/2024-06-10_UwULend_CurveOracleManipulation_ETH.md | https://github.com/kismp123/DeFi-Security-Incident/blob/main/2024/2024-06-XX_UwuLend_First_OraclePriceManipulation.md | https://rekt.news/leaderboard | https://twitter.com/Phalcon_xyz/status/1800454428870275359 | https://x.com/SlowMist_Team/status/1800181916857155761 | https://x.com/SlowMist_Team/status/1801161421138600443,6
2024-06-13,UwU Lend #2,3700000.0,0.0,3700000.0,Ethereum,Lending,EF,SC-Technical,,Second,Same oracle vulnerability reused due to insufficient first attack patch,kismp,https://github.com/kismp123/DeFi-Security-Incident/blob/main/2024/2024-06-13_UwuLend_Second_OraclePriceManipulation.md,1
2024-06-17,Dyson,31000.0,0.0,31000.0,,DEX,EF,SC-Technical,,Contract Vulnerability,"According to monitoring by the SlowMist security team, Dyson on BNBChain was attacked, resulting in a loss of approximately $31,000.",slowmist,https://x.com/SlowMist_Team/status/1802606892428177440,1
2024-06-28,Will,52000.0,0.0,52000.0,,Derivatives,EF,SC-Technical,,business logic flaw,DeFiHackLabs entry (business logic flaw),defihacklabs,https://github.com/SunWeb3Sec/DeFiHackLabs/blob/main/past/2024/README.md,1
2024-07-05,DeFiPlaza V2 (XDP2 DEX),196000.0,0.0,196000.0,Ethereum,DEX,EF,SC-Technical,,Precision Loss,"In `removeLiquidity`, when the LP redemption ratio exceeds 15/16 of total supply, the fixed-point squaring computation truncates the `F_` value to 0, allowing the entire single-token liquidity balance to be drained | BlockSec entry (Precision Loss): tx=0xa245deda.. attacker=0xfde0d157..","blocksec,kismp",https://blocksec.com/security-incident?hash=0xa245deda8553c6e4c575baff9b50ef35abf4c8f990f8f36897696f896f240e3a | https://github.com/kismp123/DeFi-Security-Incident/blob/main/2024/2024-07-05_DeFiPlaza_PrecisionLoss_ETH.md | https://x.com/DefiPlaza/status/1810998905326252535,2
2024-07-11,OpSec,182000.0,0.0,182000.0,,Yield,EF,SC-Technical,,Security Vulnerability,"The OpSec staking contract was maliciously upgraded, allowing the attacker to withdraw and sell OPSEC tokens worth approximately 59 ETH (around $182,000).",slowmist,https://x.com/OpSecCloud/status/1811074256220115283,1
2024-07-12,Dough Finance,1960000.0,0.0,1960000.0,Ethereum,Lending,CPBP,SC-Economic,Protocol Logic,Unvalidated call data exploit,"Unvalidated `swapData` calldata inside the `flashloanReq()` callback, allowing arbitrary execution of WETH.transferFrom() | BlockSec entry (Access Control Issue): tx=0x589e9a80.. attacker=0xcdd9e99d..; tx=0x4d52f0da.. attacker=0x67104175..; tx=0xf356d1b0.. attacker=0x67104175.. | Quick Summary On July 12, 2024, Dough Finance, a DeFi protocol, lost $1.8 million in digital assets due to a flash loan attack Details of the Exploit On July 12, 2024, Dough Finance, a DeFi protocol, lost $1.8 million i","blocksec,defi_rekt,defillama,kismp,slowmist",https://api.llama.fi/hacks | https://blocksec.com/security-incident?hash=0x589e9a809ba14ff30fa22333f2432c364377df9ebf2681b6321aaca3028ff613 | https://de.fi/rekt-database?id=3957 | https://github.com/kismp123/DeFi-Security-Incident/blob/main/2024/2024-07-12_DoughFinance_FlashLoanArbitraryCall_ETH.md | https://x.com/Phalcon_xyz/status/1811661050707607889 | https://x.com/SlowMist_Team/status/1811655943056425236,5
2024-07-15,Minterest,1400000.0,0.0,1400000.0,Mantle,Lending,EF,SC-Technical,Protocol Logic,Reentrancy,"`liquidateBorrow` → attacker callback → reentrancy inflating mUSDY collateral | BlockSec entry (Reentrancy): tx=0xb3c4c313.. attacker=0x618f768a.. | Quick Summary On July 15, 2024, Minterest experienced a malicious entry resulting in the theft of approximately $1,460,000 worth of mETH and ETH.&nbsp; Details of the Exploit In July 2024, Minterest fell victim to a hack where an attacker stole approximately $1.4 million in cryptocurrency from the protocol by exploiting a reentrancy vulnerability th","blocksec,defi_rekt,defillama,kismp,slowmist",https://api.llama.fi/hacks | https://blocksec.com/security-incident?hash=0xb3c4c313a8d3e2843c9e6e313b199d7339211cdc70c2eca9f4d88b1e155fd6bd | https://de.fi/rekt-database?id=3958 | https://github.com/kismp123/DeFi-Security-Incident/blob/main/2024/2024-07-14_MinterestFinance_Reentrancy_Mantle.md | https://minterest.com/blog/minterest-security-incident-post-mortem-report/ | https://x.com/Minterest/status/1812540672248820033,5
2024-07-16,LiFi Finance,11000000.0,0.0,11000000.0,"zkSync Era,Linea,Metis",Bridge,EF,SC-Technical,Protocol Logic,Router Exploit via Infinite Approvals,"The newly deployed `GasZipFacet.depositToGasZipERC20()` allowed arbitrary external calls without whitelist validation, enabling token theft from users via `transferFrom()` | BlockSec entry (Arbitrary Call): tx=0x82f47783.. attacker=0x5ff8645b..; tx=0x48be219a.. attacker=0x8b3cb6bf..; tx=0x96436532.. attacker=0x5ff8645b.. | Quick Summary Jul 16, 2024, DeFi Protocol LI.FI Hit by $8M Exploit Details of the Exploit On July 16th, 2024, Li.Fi, a cross-chain DeFi protocol, suffered a significant exploi","blocksec,defi_rekt,defillama,kismp,slowmist",https://api.llama.fi/hacks | https://blocksec.com/security-incident?hash=0x82f47783e8d3029767090ed9a5ac3e2774d04b8fe908c9ca1f959d1b8c6a83a9 | https://de.fi/rekt-database?id=3955 | https://github.com/kismp123/DeFi-Security-Incident/blob/main/2024/2024-07-16_LIFI_DiamondFacetArbitraryCall_ETH.md | https://x.com/SlowMist_Team/status/1813195343057866972 | https://x.com/lifiprotocol/status/1813207291778215955,5
2024-07-16,LiFi/Jumper,9730000.0,0.0,9730000.0,,Bridge,EF,SC-Technical,,,rekt.news entry; audit=n/a,rekt,https://rekt.news/leaderboard,1
2024-07-19,Rho Markets,7550000.0,0.0,7550000.0,Scroll,Lending,CPBP,SC-Economic,Protocol Logic,Price Oracle Manipulation,"Quick Summary On July 19, 2024, Rho Markets, a DeFi lending protocol on the Scroll blockchain, was exploited for $7.5 million in Ether due to an oracle manipulation attack.&nbsp; Details of the Exploit The attacker manipulated Rho Markets’ oracle, which provides offchain price data to the protocol’s smart contracts, allowing them to withdraw far more Ether than the collateral they posted. This oracle manipulation targeted a known rounding error vulnerability common to Compound forks, a flaw prev","defi_rekt,defillama,rekt,slowmist",https://api.llama.fi/hacks | https://de.fi/rekt-database?id=4036 | https://rekt.news/leaderboard | https://www.panewslab.com/zh/sqarticledetails/wdq528s5.html,4
2024-07-22,ETHTrustFund,2100000.0,0.0,2100000.0,Base,Yield,IF,Cyber-Operational,Rugpull,Transferred Treasury to Mixers,"Quick Summary ETHTrustFund Rug Pull on July 16th, 2024: Over $2 Million Stolen Details of the Exploit On July 16th, 2024, the crypto project ETHTrustFund was exposed as a rug pull when the developer, known as ""Peng,"" transferred over $2 million from the project's treasury to a new wallet. ETHTrustFund, a fork of the $OHM project, had been leveraging the hype surrounding the Base, the ETF, and meme culture to gather funds. After months of inactivity and ignoring communications, ""Peng"" finally mov","defi_rekt,defillama,rekt,slowmist",https://api.llama.fi/hacks | https://de.fi/rekt-database?id=3961 | https://rekt.news/leaderboard | https://x.com/0ctoshi/status/1815026461675335752,4
2024-07-23,Spectra Finance (Interest Rate Derivative / Yield Derivative Protocol),550000.0,0.0,550000.0,Ethereum Mainnet,Derivatives,EF,SC-Technical,,Arbitrary Call,"The `KYBER_SWAP(0x12)` command was missing from the `_dispatch()` implementation, allowing arbitrary external calls through the router | BlockSec entry (Arbitrary Call): tx=0x491cf8b2.. attacker=0x53635bf7.. | DeFi protocol Spectra suffered an attack, resulting in a loss of approximately $550,000. Spectra has disabled the application and terminated the router contract to contain the situation, while the core protocol contract remains unaffected. Security personnel Chaofan Shou indicated that the","blocksec,kismp,slowmist",https://blocksec.com/security-incident?hash=0x491cf8b2a5753fdbf3096b42e0a16bc109b957dc112d6537b1ed306e483d0744 | https://github.com/kismp123/DeFi-Security-Incident/blob/main/2024/2024-07-23_Spectra_ArbitraryCall_ETH.md | https://x.com/shoucccc/status/1815981585637990899 | https://x.com/spectra_finance/status/1815813300111786488,3
2024-07-23,dYdX,31000.0,0.0,31000.0,,Derivatives,EF,SC-Technical,,DNS Attack,"On July 23, the dydx.exchange domain was discovered to have been compromised. The attacker changed the DNS Nameservers from Cloudflare to DDoS-Guard. The attacker also successfully removed the DNSSEC settings on the domain. The attacker hosted a malicious site which requested that any connected wallets transfer ETH and other ERC20 tokens to the attacker’s Ethereum address. Two users were affected, resulting in a loss of approximately $31,000.",slowmist,https://dydx.exchange/blog/dns-nameserver-hijacking-postmortem,1
2024-07-23,DeltaPrime,1000000.0,0.0,1000000.0,Arbitrum,Lending,EDPM,Cyber-Operational,Protocol Logic,nan,"BlockSec entry (Misconfiguration): tx=0xc4350cf2.. attacker=0x4fb2e0af..; tx=0x7d622091.. attacker=0x3c6184f4.. | On July 23, an attacker exploited a misconfiguration to gain access to $1 million from 13 different Prime accounts. This misconfiguration allowed the attacker to illegitimately transfer ownership of the Prime accounts to their own address, enabling them to repay loans and withdraw collateral. On July 24, the attacker returned $900,000.","blocksec,defillama,slowmist",https://api.llama.fi/hacks | https://blocksec.com/security-incident?hash=0xc4350cf22cabfd88e4221d3496e84cd28841682d60ef89020622844e5879b99f | https://medium.com/@Delta_Prime/deltaprime-post-mortem-report-752bd60a25e6 | https://x.com/DeltaPrimeDefi/status/1816902655223935323,3
2024-07-30,Anzen Finance,500000.0,0.0,500000.0,,Yield,EF,SC-Technical,,Contract Vulnerability,"Anzen Finance, the issuer of RWA stablecoins, announced on the X platform that on July 30, due to an error in the Blast vault contract, a white hat hacker exploited the vault to steal 500,000 USDz. The white hat returned $450,000 in a timely manner and received a $50,000 bounty as a reward.",slowmist,https://x.com/AnzenFinance/status/1818359128542319069,1
2024-07-30,Astroport,6400000.0,0.0,6400000.0,,DEX,EF,SC-Technical,,,rekt.news entry; audit=N/A,rekt,https://rekt.news/leaderboard,1
2024-07-31,Monoswap,1300000.0,0.0,1300000.0,Blast,Yield,EF,SC-Technical,Infrastructure,Private Key Compromised (Malware),"Quick Summary On July 24, 2024, MonoSwap suffered a hack after a developer was tricked into installing a phishing app while attempting to join a fake VC call. The phishing app infected the developer’s office PC with a botnet, which gave attackers access to MonoSwap’s wallets and smart contracts, allowing them to withdraw most of the staked liquidity.&nbsp; Details of the Exploit The attack started when scammers impersonated venture capitalists (VCs) and invited a MonoSwap developer to a call. To","defi_rekt,defillama,slowmist",https://api.llama.fi/hacks | https://de.fi/rekt-database?id=4035 | https://x.com/monoswapio/status/1816151998267547851,3
2024-08-01,Convergence,210000.0,0.0,210000.0,Ethereum,DEX,EF,SC-Technical,Protocol Logic,Missing Input Validation,"`claimMultipleStaking()` calls user-supplied arbitrary contract addresses without validation → malicious Mock contract returns inflated CVG reward amounts → unlimited CVG minting | BlockSec entry (Lack of Input Validation): tx=0x636be30e.. attacker=0x03560a9d.. | Quick Summary Convergence Finance Exploited on August 1st, 2024: $210K in CVG Tokens Stolen Details of the Exploit On August 1st, 2024, Convergence Finance, a yield-enhancing protocol based on Curve, was compromised due to inadequate in","blocksec,defi_rekt,defillama,kismp,slowmist",https://api.llama.fi/hacks | https://blocksec.com/security-incident?hash=0x636be30e58acce0629b2bf975b5c3133840cd7d41ffc3b903720c528f01c65d9 | https://de.fi/rekt-database?id=3964 | https://github.com/kismp123/DeFi-Security-Incident/blob/main/2024/2024-08-01_Convergence_UnverifiedInput_ETH.md | https://medium.com/@cvg_wireshark/post-mortem-08-01-2024-e80a49d108a0 | https://twitter.com/peckshield/status/1819032859283186120,5
2024-08-06,Ronin Bridge,12000000.0,12000000.0,0.0,Ethereum,Bridge,BDSF,Blockchain-Infrastructure,Protocol Logic,MEV bot manipulation exploit,"Quick Summary On August 6, 2024, the Ronin Network Bridge suffered an exploit resulting in the loss of $12 million, comprising $2 million in USDC and 4,000 ETH, due to a vulnerability introduced during a recent contract upgrade and exploited by an MEV-bot. Details of the Exploit The vulnerability stemmed from an uninitialized variable in the upgraded bridge manager contract. The Ronin team transitioned from version 2 to version 4 and introduced a new implementation, MainchainGatewayV3. However, ","blocksec,defi_rekt,defillama,kismp,rekt,slowmist",https://api.llama.fi/hacks | https://blocksec.com/security-incident?hash=0xbce5b8548db486c561948e8a177c8ccaa72810f972cee3909ea50af015a60ad8 | https://de.fi/rekt-database?id=3965 | https://github.com/kismp123/DeFi-Security-Incident/blob/main/2024/2024-08-06_RoninBridge_Misconfiguration_ETH.md | https://rekt.news/leaderboard | https://x.com/Phalcon_xyz/status/1820779222924705956 | https://x.com/SlowMist_Team/status/1820783952145355247,6
2024-08-06,OMPx,107000.0,0.0,107000.0,,Other,EF,SC-Technical,,Unknown,"OMPx was attacked, resulting in a loss of approximately $107,000. The attacker obtained initial funds through Railgun, and the stolen funds have already been deposited into Railgun.",slowmist,https://www.panewslab.com/zh/sqarticledetails/2yi1av9u.html,1
2024-08-07,Nexera,1800000.0,0.0,1800000.0,Ethereum,Other,EF,SC-Technical,Protocol Logic,Ownership Override Attack,"Quick Summary On August 7, 2024, Nexera Fundrs experienced an exploit that led to the unauthorized transfer of 47.24 million NXRA tokens from its smart contracts, with approximately 14.75 million tokens sold, valued at around $449,000. Details of the Exploit The incident occurred when an external actor gained unauthorized access to the credentials for managing Nexera Fundrs’ smart contracts. Utilizing this access, the attacker transferred NXRA tokens from the Fundrs staking contracts on Ethereum","defi_rekt,defillama,slowmist",https://api.llama.fi/hacks | https://de.fi/rekt-database?id=3967 | https://x.com/Nexera_Official/status/1821079381831512315,3
2024-08-12,PolyNetwork,5000000.0,0.0,5000000.0,PolyNetwork,Bridge,EF,SC-Technical,Protocol Logic,Reentrancy,,defillama,https://api.llama.fi/hacks,1
2024-08-28,YodlRouter,47809.0,0.0,47809.0,Ethereum,DEX,EF,SC-Technical,,Transfer Fee Exploit,"No validation of the `from` parameter in `transferFee(amount, feeBps, token, from, to)` — allows direct transfer of victim's USDC",kismp,https://github.com/kismp123/DeFi-Security-Incident/blob/main/2024/2024-08-28_YodlRouter_TransferFeeExploit.md,1
2024-08-28,Aave,56000.0,0.0,56000.0,,Lending,EF,SC-Technical,,Exploit/Other/Other,"Quick Summary On August 28, 2024, Aave’s periphery contract, specifically the Repay With Collateral Adapter V3, was exploited, resulting in a loss of $56,000 USD across multiple chains. Details of the Exploit The vulnerability was rooted in the _buyOnParaSwap function within the Aave Collateral Repay Adapter V3 contract. The function, which interacted with the Paraswap contract, left a high token allowance unadjusted if a swap failed or was only partially executed. This unadjusted allowance allo","defi_rekt,slowmist",https://de.fi/rekt-database?id=3968 | https://www.web3isgoinggreat.com/?id=peripheral-aave-smart-contract-hackhttps://www.web3isgoinggreat.com/?id=peripheral-aave-smart-contract-hack,2
2024-09-03,Penpie,27000000.0,0.0,27000000.0,Ethereum,Yield,EF,SC-Technical,Protocol Logic,Reentrancy,"rekt.news entry; audit=Watch Pug, Zokyo | Reward inflation via reentrancy after registering a malicious Pendle market | BlockSec entry (Reentrancy): tx=0x67c5400d.. attacker=0x7a2f4d62..; tx=0x663b55a1.. attacker=0x7a2f4d62..; tx=0x42b2ec27.. attacker=0x7a2f4d62.. | Quick Summary On September 3, 2024, the yield protocol Penpie was exploited for $27 million through a reentrancy vulnerability in its smart contracts. Details of the Exploit The attacker exploited a reentrancy vulnerability by creati","blocksec,defi_rekt,defillama,kismp,rekt,slowmist",https://api.llama.fi/hacks | https://blocksec.com/security-incident?hash=0x67c5400da117b906f8c0fc5f5149e4ea10ed6358cd9ea2ec0ed8f559d757b7df | https://de.fi/rekt-database?id=3970 | https://github.com/kismp123/DeFi-Security-Incident/blob/main/2024/2024-09-03_Penpie_ReentrancyRewardInflation_ETH.md | https://rekt.news/leaderboard | https://twitter.com/Phalcon_xyz/status/1831205911521599959 | https://www.odaily.news/newsflash/388884,6
2024-09-03,Pythia,53000.0,0.0,53000.0,,Stablecoin,CPBP,SC-Economic,,Contract Vulnerability,"The decentralized algorithmic stablecoin protocol Pythia was attacked due to a vulnerability in its staking contract, resulting in a loss of 21 ETH (approximately $53,000).",slowmist,https://x.com/pythiafinance/status/1830937365918969929,1
2024-09-10,CUT,1400000.0,0.0,1400000.0,BSC,DEX,CPBP,SC-Economic,,Vulnerable Price Dependency,"BlockSec entry (Vulnerable Price Dependency): tx=0x6262c0f1.. attacker=0x560a77bc..; tx=0xce6e474d.. attacker=0x560a77bc..; tx=0x2c123d08.. attacker=0x560a77bc.. | Quick Summary On an unspecified date, the CUT token was exploited using a flash loan attack, resulting in a loss of approximately $1.4 million through manipulation of the BUSD-CUT PancakeSwap pair on the Binance Smart Chain. Details of the Exploit The attacker exploited hidden functionality within the unverified contract ILPFutureYiel","blocksec,defi_rekt,slowmist",https://blocksec.com/security-incident?hash=0x6262c0f15c88aed6f646ed1996eb6aae9ccc5d5704d5faccd1e1397dd047bc8a | https://bscscan.com/tx/0x2c123d08ca3d50c4b875c0b5de1b5c85d0bf9979dffbf87c48526e3a67396827 | https://de.fi/rekt-database?id=3971,3
2024-09-11,Inferno,436500.0,0.0,436500.0,Ethereum,Other,EF,SC-Technical,,Lack of Slippage Protection,BlockSec entry (Lack of Slippage Protection): tx=0x7f78389c.. attacker=0xaaf17018.. | `amountBlazeMin = 0` in `swapTitanXForInfernoAndBurn()` — missing slippage protection forces swap execution at manipulated price,"blocksec,kismp",https://blocksec.com/security-incident?hash=0x7f78389cdc19c59c402fa9dddabcdbe7b9e6630f124362a764c0826ac863903c | https://github.com/kismp123/DeFi-Security-Incident/blob/main/2024/2024-09-16_Inferno_SlippageProtection_ETH.md | https://x.com/Phalcon_xyz/status/1838464742035218654,2
2024-09-11,Omnipus,30000.0,0.0,30000.0,,Other,EF,SC-Technical,,Contract Vulnerability,"Omnipus contracts were drained of approximately $30,000 during the OPUS token presale. The attack exploited a vulnerability in which the contracts mistakenly believed the attackers had sent too much ETH and refunded them.",slowmist,https://x.com/Omnipus_X/status/1833840674602446993,1
2024-09-13,BaseBros Fi,130000.0,0.0,130000.0,,Yield,IF,Cyber-Operational,,Rug Pull,The yield-optimizing DeFi protocol BaseBros Fi has vanished after executing a rug pull via an unaudited smart contract.,slowmist,https://cointelegraph.com/news/basebros-fi-defi-rug-pull-smart-contract-base,1
2024-09-13,OTSea,26000.0,0.0,26000.0,,DEX,EF,SC-Technical,,Unknown,"Peer-to-peer trading platform OTSea&#39;s staking contract on Ethereum was exploited by an EOA, resulting in the theft of approximately $26,000.",slowmist,https://etherscan.io/address/0x000000003704bc4ffb86000046721f44ef3dbabe,1
2024-09-16,WXETA,110000.0,0.0,110000.0,"Ethereum,BSC",Other,EF,SC-Technical,Protocol Logic,Access Control Exploit,,defillama,https://api.llama.fi/hacks,1
2024-09-16,DeltaPrime,5980000.0,0.0,5980000.0,Arbitrum,Lending,EF,SC-Technical,Protocol Logic,Private Key Compromised (Unknown Method),"rekt.news entry; audit=N/A | Quick Summary On September 16, 2024, DeFi platform Delta Prime suffered a breach, resulting in a loss of approximately $6 million in stablecoins, which the attacker swiftly swapped to ETH. Details of the Exploit The attack began with a suspicious address draining pools on Delta Prime, initially stealing around $4.5 million worth of USDC. The attacker quickly swapped these assets to Ethereum, but another wave of malicious transactions increased the total stolen to nea","defi_rekt,defillama,rekt,slowmist",https://api.llama.fi/hacks | https://de.fi/rekt-database?id=3974 | https://rekt.news/leaderboard | https://x.com/DeltaPrimeDefi/status/1835603279369125893,4
2024-09-19,Banana Gun,3000000.0,3000000.0,0.0,Ethereum,DEX,EF,SC-Technical,Protocol Logic,Front-end Vulnerability,"rekt.news entry; audit=N/A | Attacker exploited a vulnerability in the Banana Gun oracle/backend to trigger unauthorized ETH transfers from bot users' wallets, bypassing transaction confirmation | Quick Summary On September 19, 2024, Banana Gun suffered a $3M exploit targeting 11 users due to a Telegram message oracle vulnerability. The attacker manually transferred ETH from victims’ wallets while they interacted with the bot.&nbsp; Details of the Exploit The attack exploited a vulnerability in ","defi_rekt,defillama,kismp,rekt,slowmist",https://api.llama.fi/hacks | https://de.fi/rekt-database?id=4028 | https://github.com/kismp123/DeFi-Security-Incident/blob/main/2024/2024-09-19_BananaGun_TelegramBotOracle_ETH.md | https://rekt.news/leaderboard | https://x.com/BananaGunBot/status/1838660010387116484,5
2024-09-20,OcelotDex,4900000.0,0.0,4900000.0,Ethereum,DEX,EF,SC-Technical,Protocol Logic,Infinite Mint and Dump,,defillama,https://api.llama.fi/hacks,1
2024-09-20,Shezmu,4900000.0,0.0,4900000.0,Ethereum,Lending,EF,SC-Technical,,Business Logic,"rekt.news entry; audit=N/A | Missing access control on `mint()` in the collateral token (MockERC20) — anyone could mint unlimited collateral | BlockSec entry (Business Logic Flaw): tx=0x48e69dd7.. attacker=0x089a2011..; tx=0x39328ea4.. attacker=0xa3a64255..; tx=0x871ce051.. attacker=0x493c5655.. | Quick Summary On September 21, 2024, Shezmu Yield Protocol suffered a $4.9M exploit due to a vulnerability in one of its vaults, enabling the attacker to mint unlimited ShezUSD.&nbsp; Details of the Ex","blocksec,defi_rekt,kismp,rekt,slowmist",https://blocksec.com/security-incident?hash=0x48e69dd7ff3e0c728e818bf26d031f4989d3c3018ec464a18757825634cf7e3c | https://de.fi/rekt-database?id=4027 | https://github.com/kismp123/DeFi-Security-Incident/blob/main/2024/2024-09-20_Shezmu_BusinessLogic_ETH.md | https://rekt.news/leaderboard | https://www.web3isgoinggreat.com/?id=shezmu-hack,5
2024-09-25,Bedrock,2000000.0,0.0,2000000.0,Ethereum (Chain ID: 1),Derivatives,EF,SC-Technical,,Exploit/Other/Other,"rekt.news entry; audit=N/A | Quick Summary On September 27, 2024, liquid restaking protocol Bedrock suffered a $2 million exploit related to its synthetic Bitcoin token, uniBTC. The protocol confirmed that the vulnerability had been addressed, and all remaining assets were declared safe. Details of the Exploit The exploit targeted Bedrock’s uniBTC, a synthetic Bitcoin token used in decentralized finance (DeFi) staking. Hackers managed to siphon approximately $2 million from decentralized exchang","defi_rekt,kismp,rekt,slowmist",https://de.fi/rekt-database?id=3977 | https://github.com/kismp123/DeFi-Security-Incident/blob/main/2024/2024-09-26_RockX_UniBTC_Misconfiguration_ETH.md | https://rekt.news/leaderboard | https://x.com/Bedrock_DeFi/status/1839479965685100780,4
2024-09-26,Onyx V2,3800000.0,0.0,3800000.0,Ethereum,Lending,EF,SC-Technical,Protocol Logic,Liquidation Logic Exploit,"rekt.news entry; audit=CertiK | Compound v2 precision loss (oETH exchange rate inflation via tiny mint/redeem cycles) combined with fake Market injection via unvalidated user input into NFTLiquidation.liquidateWithSingleRepay() | BlockSec entry (Lack of Input Validation): tx=0x27ca5fbf.. attacker=0x1f382fef..; tx=0x3cdafb17.. attacker=0x67230329..; tx=0x9fe5ea5b.. attacker=0x00000000.. | Quick Summary On September 26th, 2024, Onyx DAO, a decentralized finance (DeFi) protocol derived from Compoun","blocksec,defi_rekt,defillama,kismp,rekt,slowmist",https://api.llama.fi/hacks | https://blocksec.com/security-incident?hash=0x27ca5fbfb8d6b21c1d90ba8982bd3195bcb62d844b810046d0f38e9814191e1c | https://de.fi/rekt-database?id=3978 | https://github.com/kismp123/DeFi-Security-Incident/blob/main/2024/2024-09-26_OnyxDAO_UnverifiedInput_ETH.md | https://rekt.news/leaderboard | https://x.com/BlockSecTeam/status/1839314277359849484 | https://x.com/OnyxDAO/status/1839444120060023167,6
2024-09-26,uniBTC,1700000.0,0.0,1700000.0,Ethereum,Derivatives,EDPM,Cyber-Operational,Protocol Logic,Minting Logic Exploit,BlockSec entry (Misconfiguration): tx=0x725f0d65.. attacker=0x2bfb3730..,"blocksec,defillama",https://api.llama.fi/hacks | https://blocksec.com/security-incident?hash=0x725f0d65340c859e0f64e72ca8260220c526c3e0ccde530004160809f6177940 | https://x.com/Bedrock_DeFi/status/1839712719630676051,2
2024-09-26,ReHold,700000.0,0.0,700000.0,,Yield,IF,Cyber-Operational,,Insider Manipulation,"ReHold CTO Michael Semin disclosed on the X platform that on July 15, 2024, ReHold&#39;s CEO and co-founder, Renat Gafarov, withdrew over $700,000 from the company&#39;s smart contract without his approval. ReHold has since moved to a new domain.",slowmist,https://x.com/rehold_io/status/1839070595289329814,1
2024-10-01,Fire Token,24000.0,0.0,24000.0,,DEX,EF,SC-Technical,,Exploit/Other/Other,"Quick Summary On October 1, 2024, the FireToken smart contract was exploited within 24 seconds of its launch, leading to an attacker profiting around $24,000. The vulnerability lay in its token-burning mechanism, which allowed manipulation of the Uniswap liquidity pool's balance. Details of the Exploit The root cause of the exploit stemmed from the FireToken contract's implementation of a token-burning mechanism during transfers. The contract's _transfer() function removed a portion of FireToken","defi_rekt,slowmist",https://de.fi/rekt-database?id=3976 | https://etherscan.io/tx/0xd20b3b31a682322eb0698ecd67a6d8a040ccea653ba429ec73e3584fa176ff2b,2
2024-10-03,N/A,130000.0,0.0,130000.0,,Lending,CPBP,SC-Economic,,Exploit/Oracle Issue/Oracle Issue,"Quick Summary On October 3, 2024, an unknown lending project on the Arbitrum network suffered a $130,000 loss due to a price oracle manipulation attack involving the WETH-USDC liquidity pool. Details of the Exploit The hacker exploited the lending protocol's reliance on a price feed from the UniswapV3Pool to manipulate the value of WETH-USDC LP tokens. Initially, the price of the LP tokens was 5,826,926,145,978,180, but after manipulation, the price jumped to 8,131,590,584,988,874. The attacker ",defi_rekt,https://de.fi/rekt-database?id=3980,1
2024-10-04,Lava,130000.0,0.0,130000.0,Arbitrum,Lending,CPBP,SC-Economic,Protocol Logic,Flashloan Exploit,,defillama,https://api.llama.fi/hacks,1
2024-10-05,EGA Token,554000.0,0.0,554000.0,BSC (BNB Smart Chain),DEX,CPBP,SC-Economic,,Slippage Protection,"Internal function that purchases EGA tokens from the PancakeSwap pair sets `amountOutMin = 0`, providing no slippage protection — callable after flash loan price manipulation | BlockSec entry (Lack of Slippage Protection): tx=0xece4a4ac.. attacker=0xe4fb2bc4..","blocksec,kismp",https://blocksec.com/security-incident?hash=0xece4a4ac46660618ecee43826fc6f89fe4beaef87ca5e5786f763892b48bc999 | https://github.com/kismp123/DeFi-Security-Incident/blob/main/2024/2024-10-05_EGAToken_SlippageProtection_BSC.md,2
2024-10-10,HYDT,58000.0,0.0,58000.0,,Other,CPBP,SC-Economic,,Price Manipulation,"A suspicious attack involving HYDT tokens has occurred on BSC, resulting in a loss of approximately $58,000.",slowmist,https://bscscan.com/tx/0xa9df1bd97cf6d4d1d58d3adfbdde719e46a1548db724c2e76b4cd4c3222f22b3,1
2024-10-14,LeadBlock's Morpho Blue Market,240000.0,0.0,240000.0,Ethereum,Lending,EDPM,Cyber-Operational,Protocol Logic,Oracle Misconfiguration Exploit,DeFiHackLabs entry (Overpriced Asset in Oracle),"defihacklabs,defillama",https://api.llama.fi/hacks | https://github.com/SunWeb3Sec/DeFiHackLabs/blob/main/past/2024/README.md,2
2024-10-14,Kalax,350000.0,0.0,350000.0,Blast,Yield,IF,Cyber-Operational,Rugpull,Drain Vaults,,defillama,https://api.llama.fi/hacks,1
2024-10-16,Radiant V2,53000000.0,0.0,53000000.0,"BSC,Arbitrum",Lending,EF,SC-Technical,Protocol Logic,Access Control Exploit,"BlockSec entry (Compromised Private Key): tx=0xd97b93f6.. attacker=0x0629b104..; tx=0x7856552d.. attacker=0x0629b104.. | rekt.news entry; audit=N/A | Lazarus Group used malware-injected hardware wallet signing sessions to steal 3-of-11 multisig owner private keys; once threshold was met, the protocol's ownership was transferred to a malicious contract, draining all lending pools | Quick Summary On October 16, 2024, Radiant Capital, a decentralized finance (DeFi) lending protocol, was exploited i","blocksec,defi_rekt,defillama,kismp,rekt,slowmist",https://api.llama.fi/hacks | https://blocksec.com/security-incident?hash=0xd97b93f633aee356d992b49193e60a571b8c466bf46aaf072368f975dc11841c | https://de.fi/rekt-database?id=3981 | https://github.com/kismp123/DeFi-Security-Incident/blob/main/2024/2024-10-16_RadiantCapital_MultisigCompromise_BSC_ARB.md | https://rekt.news/leaderboard | https://x.com/RDNTCapital/status/1846634050100039881 | https://x.com/RDNTCapital/status/1847121278974480779,6
2024-10-18,IBXtrade,21800000.0,0.0,21800000.0,,DEX,IF,Cyber-Operational,,Rug Pull,"DeFi analyst Anon Vee posted on X that several users have reported that the Orderly Network ecosystem project IBXtrade is suspected of a rug pull. It is reported that IBXtrade launched a pre-sale three days ago with a target to raise 2,000 SOL (approximately $3.2 million) and refund any unselected participants. The pre-sale ended up raising over 160,000 SOL (about $24 million), with participants originally expecting the project to return $21.8 million. However, instead of issuing refunds, the IB",slowmist,https://www.panewslab.com/zh/sqarticledetails/u9e4t5ur.html,1
2024-10-18,Tapioca DAO,4700000.0,0.0,4700000.0,Arbitrum,Lending,EF,SC-Technical,Protocol Logic,Private Key Compromised (Social Engineering),"rekt.news entry; audit=N/A | Quick Summary On October 18, 2024, Tapioca DAO suffered a social engineering attack that resulted in the compromise of two critical contracts stealing a total of 591 ETH and 2.8M USDC. Details of the Exploit The attack was social engineering-based, allowing the attacker to seize ownership of the TAP vesting contract and claim 30M TAP tokens, leading to a sell-off that affected the TAP/ETH liquidity pool. Additionally, by taking control of the USDO stablecoin contract","defi_rekt,defillama,rekt,slowmist",https://api.llama.fi/hacks | https://de.fi/rekt-database?id=4025 | https://mirror.xyz/tapiocada0.eth/RVcRuKmJAavD05ObYsyYOHLDJ4gkEZKwyY_Y0Gx6gNc | https://rekt.news/leaderboard,4
2024-10-22,Vista,28500.0,0.0,28500.0,,Yield,CPBP,SC-Economic,,flashmint receive error,"DeFiHackLabs entry (flashmint receive error) | Quick Summary On October 22, 2024, Vista Finance, a protocol on Binance Smart Chain (BSC), suffered an exploit resulting in a loss of approximately $29,000.&nbsp; Details of the Exploit The exploit originated from Vista Finance’s use of the flashLoan function, which mints tokens at the beginning of the process and burns them at the end. A critical vulnerability was found in the contract's _burn function, which directly adjusted the balance within _b","defi_rekt,defihacklabs",https://de.fi/rekt-database?id=3985 | https://github.com/SunWeb3Sec/DeFiHackLabs/blob/main/past/2024/README.md,2
2024-10-24,Ramses,93000.0,0.0,93000.0,,DEX,EF,SC-Technical,,Exploit/Other/Other,"Quick Summary On October 24, 2024, Ramses Exchange on the Arbitrum network lost around $93,000 due to a flaw in its reward distribution system. The attacker repeatedly claimed rewards by leveraging multiple token IDs without reducing the overall reward pool supply. This exploit targeted Ramses’ reward accumulation process rather than affecting liquidity provider assets or user holdings. Ramses Exchange confirmed that liquidity provider funds and user NFTs remain secure despite the incident. Deta","defi_rekt,slowmist",https://arbiscan.io/tx/0xb91c4e0debaf0feb1f20c979eebc1282c8024ae299ef5903591badcf1f4938bb | https://de.fi/rekt-database?id=3982,2
2024-10-25,Aark Digital,1900000.0,0.0,1900000.0,,Derivatives,EF,SC-Technical,,Incorrect Balance Update,"During a routine GM token burn, Aark Digital encountered a callback error due to a third-party contract modification. To resolve this, Aark Digital initiated a contract upgrade and GM delisting to adjust affected user balances. Users holding GM were required to convert GM to USDC. Aark Digital ran a script to process these conversions, receiving inputs like target user, amount, token address, and decimals from event data. While executing, a single user’s USD Value shifted erroneously from 0.4989",slowmist,https://aarkdigital.medium.com/incident-of-october-25th-d074f32d6535,1
2024-10-26,Essence Finance,20000000.0,0.0,20000000.0,,Stablecoin,IF,Cyber-Operational,,Exploit/Other/Other,"Quick Summary On October 24, 2024, Essence Finance's stablecoin CHI in the Scroll ecosystem dropped 98% in value, sparking significant investor concerns and accusations of a potential rug pull. Reports of sudden, multimillion-dollar collateral withdrawals intensified suspicions.&nbsp; Details of the Exploit Essence Finance’s stablecoin CHI faced a severe crash in the Scroll ecosystem, dropping 98% in value, amid suspicions of a rug pull. This turmoil stemmed from sudden multimillion-dollar withd","defi_rekt,slowmist",https://de.fi/rekt-database?id=3983 | https://www.odaily.news/newsflash/397449,2
2024-10-26,CompoundFork,1000000.0,0.0,1000000.0,,Lending,CPBP,SC-Economic,,Flashloan attack,DeFiHackLabs entry (Flashloan attack),defihacklabs,https://github.com/SunWeb3Sec/DeFiHackLabs/blob/main/past/2024/README.md,1
2024-10-30,Shoebill Finance,1520000.0,0.0,1520000.0,,Lending,EDPM,Cyber-Operational,,Oracle Misconfiguration,"On Oct 31st, Collaterizable Leverage Lending Platform Shoebill Finance experienced a security incident affecting the BTC Market on the BOB chain. The incident stemmed from an unexpected interaction within the oracle configuration during the integration of solvBTC and solvBTC.BBN assets. This interaction inadvertently created an exploitable condition that was leveraged by the attacker through a multi-stage exploit.",slowmist,https://medium.com/@shoebill.finance/shoebill-finance-incident-report-btc-market-on-bob-chain-8b5b487eed7c,1
2024-10-30,SUNRAY·FINANCE,2855000.0,0.0,2855000.0,Arbitrum,DEX,EF,SC-Technical,Infrastructure,Private Key Compromised,"Quick Summary On October 31, 2024, SUNRAY DEX suffered a private key compromise, allowing an attacker to gain ownership of SUN and ARC tokens. The attacker minted large amounts of these tokens and dumped them, draining DEX liquidity pairs and stealing approximately $2.855M. Details of the Exploit The attacker exploited a compromised private key to gain control over token contracts and mint large sums of SUN and ARC tokens. These tokens were then dumped on the market, crashing their value and dra","defi_rekt,defillama,slowmist",https://api.llama.fi/hacks | https://de.fi/rekt-database?id=4024 | https://www.panewslab.com/zh/sqarticledetails/9crsujac.html,3
2024-10-31,1inch,720000.0,0.0,720000.0,Avalanche,DEX,EF,SC-Technical,Ecosystem,Private Key Compromised (Supply Chain Attack),,defillama,https://api.llama.fi/hacks,1
2024-11-05,RPP,14100.0,0.0,14100.0,,Other,EF,SC-Technical,,Logic Flaw,DeFiHackLabs entry (Logic Flaw),defihacklabs,https://github.com/SunWeb3Sec/DeFiHackLabs/blob/main/past/2024/README.md,1
2024-11-07,CoW,59000.0,0.0,59000.0,,DEX,EF,SC-Technical,,Access Control,DeFiHackLabs entry (Access Control),defihacklabs,https://github.com/SunWeb3Sec/DeFiHackLabs/blob/main/past/2024/README.md,1
2024-11-09,X319,12900.0,0.0,12900.0,,Other,EF,SC-Technical,,Access Control,DeFiHackLabs entry (Access Control),defihacklabs,https://github.com/SunWeb3Sec/DeFiHackLabs/blob/main/past/2024/README.md,1
2024-11-10,BGM Token,450000.0,0.0,450000.0,BNB Smart Chain (BSC),DEX,CPBP,SC-Economic,,Price Dependency,"AMM Spot price used directly as oracle for reward calculation (Vulnerable Price Dependency) | BlockSec entry (Vulnerable Price Dependency): tx=0x85808250.. attacker=0x7824322b.. | The BGM token on BSC was attacked, resulting in losses exceeding $450K, with the attacker profiting through price manipulation.","blocksec,kismp,slowmist",https://blocksec.com/security-incident?hash=0x8580825008800b9e13266f40b41a838a521e4d0bb4abc1cb78684253b7bc9fd1 | https://bscscan.com/tx/0x8580825008800b9e13266f40b41a838a521e4d0bb4abc1cb78684253b7bc9fd1 | https://github.com/kismp123/DeFi-Security-Incident/blob/main/2024/2024-11-10_BGM_PriceDependency_BSC.md | https://x.com/Phalcon_xyz/status/1855798237770170415,3
2024-11-11,DeltaPrime,4800000.0,0.0,4800000.0,"Arbitrum,Avalanche",Lending,EF,SC-Technical,Protocol Logic,Debt Swap Exploit,"rekt.news entry; audit=Peckshield | Reentrancy attack via arbitrary external contract callback in `claimReward()` combined with unvalidated parameters in `swapDebtParaSwap()` | DeFiHackLabs entry (Reentrancy) | BlockSec entry (Reentrancy): tx=0x94cf7f33.. attacker=0xb8788163..; tx=0xece4efbe.. attacker=0xda81cdbe.. | Quick Summary On November 11th, 2024, DeltaPrime, a DeFi protocol operating on both Arbitrum and Avalanche networks, experienced a sophisticated exploit leading to a $4.75 million l","blocksec,defi_rekt,defihacklabs,defillama,kismp,rekt,slowmist",https://api.llama.fi/hacks | https://blocksec.com/security-incident?hash=0x94cf7f33fa1cec194419174c50060c82ef80d82b80b5c4b003e6c0617378ac17 | https://de.fi/rekt-database?id=3986 | https://github.com/SunWeb3Sec/DeFiHackLabs/blob/main/past/2024/README.md | https://github.com/kismp123/DeFi-Security-Incident/blob/main/2024/2024-11-11_DeltaPrime_Reentrancy_ARB.md | https://rekt.news/leaderboard | https://x.com/SlowMist_Team/status/1855880812941738311,7
2024-11-11,zkFinance,200000.0,0.0,200000.0,zkSync Era,Lending,EDPM,Cyber-Operational,Protocol Logic,Oracle Misconfiguration Exploit,,defillama,https://api.llama.fi/hacks,1
2024-11-14,vETH (VirtualToken),463500.0,0.0,463500.0,Ethereum Mainnet,DEX,EF,SC-Technical,,Price Dependency,"Factory contract exposed a hidden function allowing anyone to freely inject vETH into Uniswap V2 pools → constant product (x×y=k) inflated → attacker extracted the price difference | BlockSec entry (Vulnerable Price Dependency): tx=0x90db330d.. attacker=0x713d2b65..; tx=0x1ae40f26.. attacker=0x713d2b65..; tx=0x900891b4.. attacker=0x713d2b65.. | Quick Summary On November 14, 2024, the vETH token suffered an exploit caused by a flaw in the business logic of its smart contract, resulting in a loss ","blocksec,defi_rekt,kismp,slowmist",https://blocksec.com/security-incident?hash=0x90db330d9e46609c9d3712b60e64e32e3a4a2f31075674a58dd81181122352f8 | https://de.fi/rekt-database?id=3989 | https://github.com/kismp123/DeFi-Security-Incident/blob/main/2024/2024-11-14_vETH_PriceDependency_ETH.md | https://x.com/Phalcon_xyz/status/1857002671124730233 | https://x.com/SlowMist_Team/status/1856987988632457708,4
2024-11-15,ThalaSwap,25375000.0,25000000.0,375000.0,Aptos,DEX,EF,SC-Technical,Protocol Logic,Drained Liquidity Pool,"Quick Summary On November 15, 2024, Thala Labs faced an exploit in its v1 farming contracts that led to the unauthorized withdrawal of $25.5 million in liquidity pool tokens.&nbsp; Details of the Exploit The vulnerability resided in an isolated component of Thala’s v1 farming mechanism, enabling the attacker to withdraw liquidity pool tokens and drain assets, including $2.5 million in THL tokens and $9 million of the Move Dollar (MOD) stablecoin. Upon detecting the breach, Thala halted all affec","defi_rekt,defillama,slowmist",https://api.llama.fi/hacks | https://de.fi/rekt-database?id=3995 | https://x.com/thalalabs/status/1857703541089120541?s=46&amp;t=bcMyidYO0QkS5ajIW9CBdg,3
2024-11-16,Polter Finance,8275000.0,0.0,8275000.0,Fantom,Lending,CPBP,SC-Economic,Protocol Logic,Flashloan Price Oracle Attack,"rekt.news entry; audit=Unaudited | Quick Summary On November 16, 2024, Polter Finance, a DeFi lending platform on the Fantom network, experienced a severe security breach that led to the loss of around $8.7 million.&nbsp; Details of the Exploit The exploit began with the attacker targeting a vulnerability in the price validation logic of the AaveOracle contract, which Polter Finance depended on for price feeds. The key weakness was in the ChainlinkUniV2Adapter, which relied on spot prices withou","blocksec,defi_rekt,defihacklabs,defillama,kismp,rekt,slowmist",https://api.llama.fi/hacks | https://blocksec.com/security-incident?hash=0x5118df23e81603a64c7676dd6b6e4f76a57e4267e67507d34b0b26dd9ee10eac | https://de.fi/rekt-database?id=3988 | https://github.com/SunWeb3Sec/DeFiHackLabs/blob/main/past/2024/README.md | https://github.com/kismp123/DeFi-Security-Incident/blob/main/2024/2024-11-19_PolterFinance_EmptyMarket_FTM.md | https://rekt.news/leaderboard | https://x.com/Phalcon_xyz/status/1858436357674381516 | https://x.com/polterfinance/status/1857971122043551898,7
2024-11-24,DCF Token,442014.0,0.0,442014.0,BSC (BNB Smart Chain),Other,CPBP,SC-Economic,,Slippage Protection,"Missing slippage protection + forced token burn inside LP pair during transfer, enabling unlimited price manipulation | BlockSec entry (Lack of Slippage Protection): tx=0xb3759329.. attacker=0x00c58434..","blocksec,kismp",https://blocksec.com/security-incident?hash=0xb375932951c271606360b6bf4287d080c5601f4f59452b0484ea6c856defd6fd | https://github.com/kismp123/DeFi-Security-Incident/blob/main/2024/2024-11-24_DCFToken_SlippageProtection_BSC.md | https://x.com/Phalcon_xyz/status/1860890801909190664,2
2024-11-25,DCF,440000.0,0.0,440000.0,,Other,CPBP,SC-Economic,,Flash Loan Attack,"On November 25, DCF on the BNB Chain was attacked, resulting in a loss of approximately $440,000. The root cause of the vulnerability was an error in the logic implemented by the project team in the transfer function of DCF.",slowmist,https://bscscan.com/tx/0xb375932951c271606360b6bf4287d080c5601f4f59452b0484ea6c856defd6fd,1
2024-12-01,Clipper,453939.0,0.0,453939.0,"Optimism,Base",DEX,EF,SC-Technical,Protocol Logic,API Signature Exploit,"According to Clipper&#39;s post-mortem, on December 1, 2024, an attacker exploited a vulnerability in a smart contract used by Clipper, manipulating the single-asset deposit and withdrawal feature. This manipulation affected the liquidity pools on the Optimism and Base networks, causing an imbalance that allowed the attacker to withdraw more assets than they had deposited. The attack resulted in a loss of approximately $457,878.","defillama,slowmist",https://api.llama.fi/hacks | https://blog.clipper.exchange/clipper-dec-24-exploit-post-mortem/,2
2024-12-01,Spectral Labs,200000.0,0.0,200000.0,Ethereum,DEX,EF,SC-Technical,Protocol Logic,Bonding Curve Exploit,"Quick Summary On December 1, 2024, a vulnerability in Spectral Syntax’s bonding curve contracts was exploited, leading to the removal of ~$200K in liquidity.&nbsp; Details of the Exploit The attack targeted specific tokens on Syntax’s bonding curve contracts, allowing the attacker to manipulate liquidity withdrawal mechanisms and drain approximately $200K. The root cause of the exploit is currently under investigation in collaboration with leading security experts, and platform updates will be i","defi_rekt,defillama,slowmist",https://api.llama.fi/hacks | https://de.fi/rekt-database?id=4023 | https://x.com/Spectral_Labs/status/1863757146543763866,3
2024-12-04,Vestra DAO,500000.0,0.0,500000.0,Ethereum,Yield,EF,SC-Technical,Protocol Logic,Staking Logic Exploit,"Quick Summary 04 Dec 2024 Vestra DAO on Ethereum was exploited due to a flaw in its staking contract, resulting in the theft of 73,720,000 VSTR tokens (worth ~$378.4K). Details of the Exploit The attacker, who had staked 500K VSTR tokens a month earlier, repeatedly invoked the vulnerable unStake function to claim excess VSTR tokens. By exploiting this logical flaw, they conducted transactions involving 500K or 520K VSTR tokens, each yielding 20K VSTR per call. The attacker then transferred the s","defi_rekt,defillama,slowmist",https://api.llama.fi/hacks | https://de.fi/rekt-database?id=3993 | https://x.com/Vestra_DAO/status/1864677381459390781,3
2024-12-07,MAAT,240000.0,0.0,240000.0,,Yield,EF,SC-Technical,,Security Vulnerability,"The Omnichain meta-yield aggregator MAAT tweeted that a security breach in the MAAT alpha version, resulting in unauthorized withdrawals of $240,000 USDT.",slowmist,https://x.com/maatprotocol/status/1865092839492759608,1
2024-12-10,Clober Liquidity Vault,500000.0,0.0,500000.0,Base,DEX,EF,SC-Technical,Protocol Logic,Reentrancy,"rekt.news entry; audit=Kupia Security | BlockSec entry (Reentrancy): tx=0x8fcdfcde.. attacker=0x012fc637.. | Quick Summary On December 10, 2024, CloberDEX’s Liquidity Vault on the Base network was exploited through a reentrancy vulnerability in the _burn() function, resulting in the theft of approximately 133.7 ETH (~$501,279). Details of the Exploit The exploit stemmed from the _burn() function in the Rebalancer contract, where token transfers occurred before critical state variables (pool.rese","blocksec,defi_rekt,defillama,rekt,slowmist",https://api.llama.fi/hacks | https://blocksec.com/security-incident?hash=0x8fcdfcded45100437ff94801090355f2f689941dca75de9a702e01670f361c04 | https://de.fi/rekt-database?id=3994 | https://rekt.news/leaderboard | https://x.com/CloberDEX/status/1866426442294469033,5
2024-12-10,LABUBU,65950.0,0.0,65950.0,,Other,EF,SC-Technical,,Exploit/Other/Other,"Quick Summary On Dec-10-2024, the LABUBU token smart contract was exploited, resulting in a loss of approximately $120,000.&nbsp; Details of the Exploit The core vulnerability lay in the token’s transfer logic, which allowed senders to increase their own balances simply by transferring tokens to themselves. &nbsp; The LABUBU contract did not properly handle transfers where the sender and recipient addresses were the same. As a result, a malicious user could repeatedly “send” tokens to their own ","defi_rekt,slowmist",https://bscscan.com/tx/0xb06df371029456f2bf2d2edb732d1f3c8292d4271d362390961fdcc63a2382de | https://de.fi/rekt-database?id=4004,2
2024-12-16,BTC24H,85700.0,0.0,85700.0,Polygon,Other,EF,SC-Technical,Protocol Logic,Access Control Exploit,"DeFiHackLabs entry (Logic Flaw) | Quick Summary On December 16, 2024, BTC24H suffered an exploit on Polygon, leading to a loss of ~$85.7K.&nbsp; Details of the Exploit The vulnerability stemmed from poor access control, which enabled attackers to drain tokens from the contract without proper authorization. Exploiters took advantage of weak permissions to execute unauthorized transactions, resulting in the theft of approximately $85,700 worth of assets. | BTC24H (BTC24H) is suspected to have been","defi_rekt,defihacklabs,defillama,slowmist",https://api.llama.fi/hacks | https://de.fi/rekt-database?id=4022 | https://github.com/SunWeb3Sec/DeFiHackLabs/blob/main/past/2024/README.md | https://polygonscan.com/tx/0x554c9e4067e3bc0201ba06fc2cfeeacd178d7dd9c69f9b211bc661bb11296fde,4
2024-12-17,DCF,9000000.0,0.0,9000000.0,,DEX,EF,SC-Technical,,Exploit/Other/Other,"Quick Summary On December 17, 2024, Decentralized Finance (DCF) suffered a hack that resulted in a loss of approximately $9,000.&nbsp; Details of the Exploit The victim contract contains an exchange function that uses PancakeSwap’s v2 pair reserves to determine the DCF/BUSD exchange rate. The attacker first swapped nearly all of the DCF tokens in the victim contract for BUSD. They then performed a large trade on PancakeSwap, manipulating the DCF price to appear artificially low. Finally, the att",defi_rekt,https://de.fi/rekt-database?id=4000,1
2024-12-18,HarryPotterObamaSonic10Inu,243000.0,0.0,243000.0,,DEX,CPBP,SC-Economic,,Price Manipulation,A series of exploiting transactions on Ethereum targeting the liquidity pool of the HarryPotterObamaSonic10Inu 2.0 token. The attacker profited approximately $243K and deposited the funds into Tornado.,slowmist,https://www.odaily.news/newsflash/408096,1
2024-12-23,Moonhacker Vault,320000.0,0.0,320000.0,Optimism,Lending,CPBP,SC-Economic,,Flash Loan Borrow,"Moonhacker Vault's `executeOperation` callback does not validate the caller, allowing arbitrary triggering to manipulate Moonwell MToken's `borrowBalanceCurrent` and enable excess borrowing",kismp,https://github.com/kismp123/DeFi-Security-Incident/blob/main/2024/2024-12-23_Moonhacker_FlashLoanBorrow.md,1
2024-12-29,Fegex,900000.0,0.0,900000.0,"Ethereum,BSC,Base",DEX,EF,SC-Technical,Protocol Logic,Missing Access Control,,defillama,https://api.llama.fi/hacks,1
2025-01-01,LAURA,48100.0,0.0,48100.0,,DEX,EF,SC-Technical,,Contract Vulnerability,"LAURA was suspected to have been attacked on ETH, resulting in an approximate loss of $48.2K. | Quick Summary On Jan 8, 2025, the LAURA token contract was exploited for around $48,000 due to a flawed removeLiquidityWhenKIncreases function.&nbsp; Details of the Exploit The hacker first swapped significant WETH for LAURA and contributed LAURA and WETH liquidity to the Uniswap pool, raising the constant product (x * y = k). They then invoked the contract’s removeLiquidityWhenKIncreases() function, ","defi_rekt,slowmist",https://de.fi/rekt-database?id=4008 | https://x.com/TenArmorAlert/status/1874455664187023752,2
2025-01-02,MoonHacker,320000.0,0.0,320000.0,Optimism,Yield,CPBP,SC-Economic,Protocol Logic,Unchecked FlashLoan Approve Exploit,"BlockSec entry (Lack of Input Validation): tx=0xd12016b2.. attacker=0x36491840.. | Quick Summary On December 23, 2024, the MoonHacker vault contracts on Optimism were exploited for roughly $320,000 in USDC. Details of the Exploit The attacker took out a flash loan in USDC from Aave and substituted a malicious contract for the mToken parameter in the MoonHacker vault’s executeOperation function. Because no validation prevented unauthorized addresses, the vault mistakenly granted approval to the a","blocksec,defi_rekt,defillama,slowmist",https://api.llama.fi/hacks | https://blocksec.com/security-incident?hash=0xd12016b25d7aef681ade3dc3c9d1a1cc12f35b2c99953ff0e0ee23a59454c4fe | https://de.fi/rekt-database?id=4001 | https://optimistic.etherscan.io/tx/0xd12016b25d7aef681ade3dc3c9d1a1cc12f35b2c99953ff0e0ee23a59454c4fe | https://x.com/CertiKAlert/status/1871347300918030409,4
2025-01-06,LAURA Token,41200.0,0.0,41200.0,Ethereum,DEX,EF,SC-Technical,,Liquidity Manipulation,"`removeLiquidityWhenKIncreases` function callable under imbalanced liquidity pair state, allowing excess withdrawal",kismp,https://github.com/kismp123/DeFi-Security-Incident/blob/main/2025/2025-01-06_LAURAToken_LiquidityManipulation.md,1
2025-01-06,Mosca,19500.0,0.0,19500.0,BSC (Binance Smart Chain),Yield,EF,SC-Technical,,Contract Vulnerability,"Mosca was reportedly attacked on BSC, resulting in an approximate loss of $19,500. | Quick Summary On January 8, 2025, the Mosca smart contract on Binance Smart Chain was exploited due to flawed balance resets in the exitProgram function. The attacker took advantage of improperly cleared user balances, repeatedly withdrawing tokens and resulting in a total loss of about $19,500.&nbsp; Details of the Exploit The vulnerability stemmed from the withdrawAll function, which calculates a user’s withdr","defi_rekt,kismp,slowmist",https://de.fi/rekt-database?id=4003 | https://github.com/kismp123/DeFi-Security-Incident/blob/main/2025/2025-01-10_Mosca_FlashLoanStateManipulation.md | https://github.com/kismp123/DeFi-Security-Incident/blob/main/2025/2025-01-17_Mosca2_FlashLoanJoinExit.md | https://x.com/SlowMist_Team/status/1876156823637770441 | https://x.com/TenArmorAlert/status/1878699517450883407,3
2025-01-07,IPC,590000.0,0.0,590000.0,,Other,EF,SC-Technical,,Contract Vulnerability,"IPC was suspected to have been attacked on BSC, resulting in an approximate loss of $590K.",slowmist,https://bscscan.com/tx/0x5ef1edb9749af6cec511741225e6d47103e0b647d1e41e08649caaff66942a91,1
2025-01-08,HORS,10300.0,0.0,10300.0,,Other,EF,SC-Technical,,Contract Vulnerability,"HORS was suspected to have been attacked on BSC, resulting in an approximate loss of $10.3K.",slowmist,https://bscscan.com/tx/0xc8572846ed313b12bf835e2748ff37dacf6b8ee1bab36972dc4ace5e9f25fed7,1
2025-01-08,Orange Finance,840000.0,0.0,840000.0,Arbitrum,DEX,EF,SC-Technical,Infrastructure,Private Key Compromised (Unknown Method),"Quick Summary On January 8, 2025, Orange Finance lost approximately $0.84 million when an attacker gained control of the project’s admin key, upgraded its contracts, and diverted funds to their own wallet.&nbsp; Details of the Exploit &nbsp; By compromising the admin key, the attacker obtained full privileges over the Orange Finance smart contracts. Using these privileges, they deployed an upgraded contract version that allowed them to siphon user funds from multiple vaults (including the Stryke","defi_rekt,defillama,slowmist",https://api.llama.fi/hacks | https://de.fi/rekt-database?id=4007 | https://mirror.xyz/0x6FA2aF9a4d6fFe654361F713780963C10412e7c3/gN17YMrLhKKg9YT9a391U74pWr9IhqBUDWUqDyDamjE,3
2025-01-08,Moby,1985000.0,0.0,1985000.0,Arbitrum,Derivatives,EF,SC-Technical,Infrastructure,Private Key Compromised (Unknown Method),"According to Moby Post-Mortem Report, on January 8, an attacker took control of the Private Key used to authorize upgrades to Moby’s core contracts, compromising the protocol. This led to the exposure of 3.77 wBTC, 207.76 wETH, and 1,500,351.5 USDC in the sOLP and mOLP liquidity pools. Of the stolen funds, 1,470,091.74 USDC was recovered with the assistance of Seal911 team.","defillama,slowmist",https://api.llama.fi/hacks | https://medium.com/moby-trade/moby-post-mortem-report-growth-plan-504ad5b0dd35,2
2025-01-08,Moby Trade,1751540.0,1499999.0,251541.0,,DEX,EF,SC-Technical,,Exploit/Access control/Access Control,"rekt.news entry; audit=N/A | Quick Summary On January 8, 2025, Moby Trade suffered a $2.5 million hack on the Arbitrum network due to a compromised private key, which allowed an attacker to upgrade the protocol’s smart contract and execute unauthorized withdrawals. However, white hat hacker Tony Ke exploited a flaw in the attacker's contract and successfully recovered $1.5 million, reducing total losses to $1 million. Details of the Exploit The attack stemmed from a leaked private key controllin","defi_rekt,rekt",https://de.fi/rekt-database?id=4014 | https://rekt.news/leaderboard,2
2025-01-10,FortuneWheel,10510800.0,0.0,10510800.0,,DEX,EF,SC-Technical,,Exploit/Other/Other,"Quick Summary On January 10, 2025, the FortuneWheel smart contract on Binance Smart Chain (BSC) was exploited due to a lack of access control in its swapProfitFees function. This vulnerability allowed an attacker to manipulate token prices and drain nearly $21,000 USD. Details of the Exploit The core issue lay in the swapProfitFees function, which was designed to facilitate token swaps through PancakeSwap. However, the function lacked proper access control, allowing anyone to invoke it. The atta","defi_rekt,slowmist",https://bscscan.com/tx/0xd6ba15ecf3df9aaae37450df8f79233267af41535793ee1f69c565b50e28f7da | https://de.fi/rekt-database?id=4012,2
2025-01-10,IPC Token,590000.0,0.0,590000.0,BSC (Binance Smart Chain),Other,CPBP,SC-Economic,,Chained Flash Loan Timelock Bypass,"Timelock could be reset with a 1-unit trade, allowing price manipulation via consecutive swaps",kismp,https://github.com/kismp123/DeFi-Security-Incident/blob/main/2025/2025-01-10_IPC_ChainedFlashLoanTimelockBypass.md,1
2025-01-10,Alien Base,38000.0,0.0,38000.0,,DEX,EF,SC-Technical,,Contract Vulnerability,"Multiple attack transactions targeting the Alien Base BunniHub contract resulted in a loss of approximately $38,000.",slowmist,https://x.com/SlowMist_Team/status/1877545774856417400,1
2025-01-11,LPMine,24000.0,0.0,24000.0,BSC (Binance Smart Chain),Yield,EF,SC-Technical,,Unbounded Reward Claim,"`extractReward()` calculates rewards based on pair reserves without updating the timestamp, allowing repeated claims",kismp,https://github.com/kismp123/DeFi-Security-Incident/blob/main/2025/2025-01-11_LPMine_UnboundedRewardClaim.md,1
2025-01-12,Unilend V2,197600.0,0.0,197600.0,Ethereum,Lending,EF,SC-Technical,Protocol Logic,Redeem Process Exploit,"Accounting error due to health factor calculation using stale balance during `redeemUnderlying` execution | BlockSec entry (Accounting Error): tx=0x44037ffc.. attacker=0x55f5f805.. | Quick Summary On January 13, 2025, UniLend V2 (@UniLend_Finance) on Ethereum was hacked for approximately 61 stETH (~$200K). Details of the Exploit &nbsp; The attacker exploited UniLend V2’s flawed sequence in redeemUnderlying, where LP tokens were burned and collateral was transferred before the pool’s token balanc","blocksec,defi_rekt,defillama,kismp,slowmist",https://api.llama.fi/hacks | https://blocksec.com/security-incident?hash=0x44037ffc0993327176975e08789b71c1058318f48ddeff25890a577d6555b6ba | https://de.fi/rekt-database?id=4005 | https://github.com/kismp123/DeFi-Security-Incident/blob/main/2025/2025-01-12_UniLend_AccountingError_ETH.md | https://x.com/SlowMist_Team/status/1878651772375572573,5
2025-01-12,BUIDL,8000.0,0.0,8000.0,,Other,EF,SC-Technical,,Contract Vulnerability,"BUIDL was suspected to have been attacked on BSC, resulting in an approximate loss of $8K.",slowmist,https://bscscan.com/tx/0x24c004505bd44621015396e78b952bffe886e85e5f28ade3634295d600f4a18e,1
2025-01-14,BIGO,18000.0,0.0,18000.0,,DEX,EF,SC-Technical,,Exploit/Other/Other,"Quick Summary On January 14, 2025, BIGO token was exploited through its auto-burn mechanism, resulting in the hacker obtaining nearly all DOGE (about 18k in USD value) from the relevant PancakeSwap pair.&nbsp; Details of the Exploit The attack stemmed from the _autoBurn function within the BIGO token’s transfer logic. When the attacker sent a small amount of ETH to the contract, they could set the burnAmount variable. After exchanging a large amount of DOGE for BIGO, they invoked the transfer fu",defi_rekt,https://de.fi/rekt-database?id=4009,1
2025-01-21,AST Token,64850.0,0.0,64850.0,BSC (Binance Smart Chain),DEX,EF,SC-Technical,,Exploit/Other/Other,"Quick Summary &nbsp; On January 21, 2025, the AST token on the Binance Smart Chain (BSC) was exploited, resulting in a loss of approximately $64,700 in USDT. Details of the Exploit The exploit targeted a vulnerability in the AST token’s _transfer function during liquidity removal scenarios on PancakeSwap. When liquidity was removed, the logic incorrectly reduced the pair’s AST balance twice, creating an abnormally low reserve. This imbalance allowed the attacker to manipulate the automated marke","defi_rekt,kismp",https://de.fi/rekt-database?id=4011 | https://github.com/kismp123/DeFi-Security-Incident/blob/main/2025/2025-01-25_ASTToken_DoubleSkim.md,2
2025-01-22,Paribus,86000.0,0.0,86000.0,Arbitrum,Lending,EF,SC-Technical,,N F T Collateral Overvaluation,"Collateral valuation logic overestimates the actual value of concentrated liquidity NFTs with extreme tick ranges (-870000~870000), allowing over-borrowing",kismp,https://github.com/kismp123/DeFi-Security-Incident/blob/main/2025/2025-01-22_Paribus_NFTCollateralOvervaluation.md,1
2025-01-22,AST,64700.0,0.0,64700.0,,Other,EF,SC-Technical,,Contract Vulnerability,"According to monitoring by the SlowMist security team, AST was allegedly attacked on BSC.",slowmist,https://x.com/SlowMist_Team/status/1881874569042317610,1
2025-01-24,ODOS,100000.0,0.0,100000.0,,DEX,EF,SC-Technical,,Contract Vulnerability,"According to monitoring by the SlowMist security team, due to a lack of input validation in @odosprotocol, the vulnerability has been exploited across multiple chains, resulting in approximately $100,000 in losses. ODOS stated in a post that the attack exploited a vulnerability in its audited executor contract, allowing the theft of revenue stored within the contract but not affecting any user funds.",slowmist,https://x.com/odosprotocol/status/1882668362045821146,1
2025-01-27,ODOS Limit Order Router,50000.0,0.0,50000.0,Base,DEX,EF,SC-Technical,,E R C6492 Signature Bypass,ERC-6492 signature handling in `isValidSigImpl()` allows arbitrary contract deployment and calldata execution via the `allowSideEffects=true` option,kismp,https://github.com/kismp123/DeFi-Security-Incident/blob/main/2025/2025-01-27_ODOS_ERC6492SignatureBypass.md,1
2025-02-01,Sirio Finance,2000000.0,0.0,2000000.0,Hedera,Lending,CPBP,SC-Economic,Protocol Logic,Flashloan Exploit,,defillama,https://api.llama.fi/hacks,1
2025-02-04,Ionic Protocol,9621887.0,0.0,9621887.0,Mode,Lending,EF,SC-Technical,Protocol Logic,Fake Collateral Exploit,"rekt.news entry; audit=N/A | Quick Summary On February 4, 2025, Ionic Protocol suffered a $12.3 million exploit on the Mode network due to social engineering. The attacker deployed a fake Lombard Bitcoin Token (LBTC), manipulated the approval process, and used it as collateral to drain assets. While $3.5 million was bridged to Ethereum and deposited into Tornado Cash, swift action froze $8.8 million on Mode.&nbsp; Details of the Exploit The attacker created an imitation LBTC and, through prolong","defi_rekt,defillama,rekt,slowmist",https://api.llama.fi/hacks | https://de.fi/rekt-database?id=4015 | https://rekt.news/leaderboard | https://x.com/ionicmoney/status/1888820557887459513,4
2025-02-08,Peapods Finance,3500.0,0.0,3500.0,,Yield,CPBP,SC-Economic,,Exploit/Other/Other,"Quick Summary On February 8, 2025, Peapods Finance suffered an exploit due to a vulnerability in its reward contract’s depositFromPairedLpToken function. The attacker manipulated the _slippageOverride parameter, executing a sandwich attack that drained funds from the contract. The total loss amounted to approximately $3,500. Details of the Exploit The exploit stemmed from the contract’s lack of validation on the _slippageOverride parameter, which directly influenced the amountOutMinimum value in",defi_rekt,https://de.fi/rekt-database?id=4016,1
2025-02-11,zkLend,9525000.0,0.0,9525000.0,Starknet,Lending,EF,SC-Technical,Protocol Logic,Empty Market Exploit,"rekt.news entry; audit=N/A | BlockSec entry (Precision Loss): tx=0x0160a584.. attacker=0x04d7191d.. | Precision loss in accumulator-based share calculation: an empty pool can be seeded with 1 wei of shares, then artificially inflated via direct donation, allowing an attacker to borrow far more than their collateral is legitimately worth | Quick Summary On February 12, 2025, zkLend, a lending protocol on Starknet, suffered an exploit due to a rounding error in the mint() function. The attacker ma","blocksec,defi_rekt,defillama,kismp,rekt,slowmist",https://api.llama.fi/hacks | https://blocksec.com/security-incident?hash=0x0160a5841b3e99679691294d1f18904c557b28f7d5fe61577e75c8931f34a16f | https://de.fi/rekt-database?id=4018 | https://github.com/kismp123/DeFi-Security-Incident/blob/main/2025/2025-02-12_zkLend_PrecisionLoss_Starknet.md | https://rekt.news/leaderboard | https://x.com/SlowMist_Team/status/1890351732313714882 | https://x.com/zklend/status/1890389052492509362?s=46\u0026t=R6MROYi3JRoFOF3ATUQiXQ,6
2025-02-11,OpenOcean,22000.0,0.0,22000.0,,DEX,EF,SC-Technical,,Exploit/Other/Other,"Quick Summary On February 11, 2025, OpenOcean detected an attack on its newly launched Limit Order contract on Base. The issue was immediately mitigated by pausing the affected contract and deploying a more secure implementation. User funds remain safe, and no revoke actions are needed. Affected users (total loss: $22K) are being notified and assisted. Details of the Exploit The exploit targeted a vulnerability in OpenOcean’s Limit Order contract on Base, but was quickly neutralized when the tea",defi_rekt,https://de.fi/rekt-database?id=4019,1
2025-02-11,four.meme,183000.0,0.0,183000.0,BSC,DEX,EF,SC-Technical,Protocol Logic,Liquidity Pool Exploit,"Attacker pre-created a PancakeSwap pool with an extreme price before the official liquidity migration, inducing the platform to inject liquidity into the manipulated pool | BlockSec entry (Business Logic Flaw): tx=0x2f77c6d5.. attacker=0x516926e3..; tx=0x2902f93a.. attacker=0x935d6cf0..; tx=0xe0daa3bf.. attacker=0x74d86638.. | Quick Summary On February 11, 2025, Four.Meme suffered an exploit, leading to a loss of approximately $183K. In response, the token LP on PancakeSwap was temporarily suspe","blocksec,defi_rekt,defillama,kismp,slowmist",https://api.llama.fi/hacks | https://blocksec.com/security-incident?hash=0x2f77c6d50074b5b89aec04cf066419f7e2acc4bfed6edfc3238d012130303d62 | https://de.fi/rekt-database?id=4020 | https://github.com/kismp123/DeFi-Security-Incident/blob/main/2025/2025-02-11_FourMeme_PoolCreationFrontrun.md | https://x.com/SlowMist_Team/status/1889206331644789244,5
2025-02-21,IoTeX,4400000.0,0.0,4400000.0,,Bridge,EF,SC-Technical,,,rekt.news entry; audit=N/A,rekt,https://rekt.news/leaderboard,1
2025-02-23,Zero To Lend,371000.0,0.0,371000.0,,Lending,EF,SC-Technical,,,rekt.news entry; audit=N/A,rekt,https://rekt.news/leaderboard,1
2025-02-24,Infini,50000000.0,0.0,50000000.0,Ethereum,Stablecoin,EF,SC-Technical,Protocol Logic,Dev Privilege Oversight Exploit,"A developer who contributed to the Infini protocol secretly retained admin-level private key access to the protocol's contracts after completing their engagement. On February 24, 2025, this developer used the retained admin access to drain ~$49.5M in USDC from Infini's vault contracts. | BlockSec entry (Compromised Private Key): tx=0xacf84c59.. attacker=0xc49b5e5b..; tx=0xecb31ff6.. attacker=0xc49b5e5b.. | Quick Summary On February 24, 2025, stablecoin payment platform Infini suffered a $50 mill","blocksec,defi_rekt,defillama,kismp,slowmist",https://api.llama.fi/hacks | https://blocksec.com/security-incident?hash=0xacf84c5944f662a4fcf783806993d713a150994932008e72e4e47a58d6665f7f | https://de.fi/rekt-database?id=4033 | https://github.com/kismp123/DeFi-Security-Incident/blob/main/2025/2025-02-24_Infini_RetainedAdminAccess_ETH.md | https://x.com/MistTrack_io/status/1893926049882239085,5
2025-03-01,Hegic(old contract),99000.0,0.0,99000.0,Ethereum,Derivatives,EF,SC-Technical,Protocol Logic,Unlimited repeated withdrawal exploit,BlockSec entry (Business Logic Flaw): tx=0x444854ee.. attacker=0x4b53608f..; tx=0x260d5eb9.. attacker=0x4b53608f..,"blocksec,defillama",https://api.llama.fi/hacks | https://blocksec.com/security-incident?hash=0x444854ee7e7570f146b64aa8a557ede82f326232e793873f0bbd04275fa7e54c,2
2025-03-01,Zoth (ZeUSD — RWA Restaking Stablecoin),8290000.0,0.0,8290000.0,Ethereum (ETH Mainnet),Stablecoin,EF,SC-Technical,,Slippage Protection,"LTV validation inside `mintWithStable()` references the initial deposit amount (`amount`) instead of actual collateral received (`collateralReceived`) + zero swap slippage protection | Quick Summary On March 1, 2025, Zoth, a restaking layer for real-world assets (RWAs), was exploited for approximately $285,000.&nbsp; Details of the Exploit The vulnerability stemmed from Zoth’s reliance on the initial stablecoin deposit amount rather than the actual collateral received after a swap when validatin","blocksec,defi_rekt,kismp,rekt,slowmist",https://blocksec.com/security-incident?hash=0x33bf669d125d11c432ac9b52b9d56161101c072fd8b0ac2aa390f5760fb50ca4 | https://de.fi/rekt-database?id=4038 | https://de.fi/rekt-database?id=4049 | https://github.com/kismp123/DeFi-Security-Incident/blob/main/2025/2025-03-01_ZeUSD_SlippageProtection_ETH.md | https://rekt.news/leaderboard | https://www.web3isgoinggreat.com/?id=zoth-hack-1 | https://x.com/SlowMist_Team/status/1903020756830974217 | https://x.com/zothdotio/status/1903447852418035986,5
2025-03-01,ZeUSD,286000.0,0.0,286000.0,Ethereum,Stablecoin,EF,SC-Technical,,Lack of Slippage Protection,BlockSec entry (Lack of Slippage Protection): tx=0xc3f70057.. attacker=0x806d9d1f..,blocksec,https://blocksec.com/security-incident?hash=0xc3f70057e261af554c6acf6a372389899f0c2d7d1ebd27311e39525dee88fb39,1
2025-03-04,Pump,6400.0,0.0,6400.0,,Other,EF,SC-Technical,,Not Slippage Protection,DeFiHackLabs entry (Not Slippage Protection),defihacklabs,https://github.com/SunWeb3Sec/DeFiHackLabs/blob/main/past/2025/README.md,1
2025-03-07,1inch,5000000.0,0.0,5000000.0,Ethereum,DEX,EF,SC-Technical,Protocol Logic,Calldata Underflow and Resolver Hijack,"Calldata corruption via unsigned integer comparison error in Yul assembly (Business Logic Flaw) | BlockSec entry (Business Logic Flaw): tx=0x04975648.. attacker=0xa7264a43..; tx=0xb5c94efa.. attacker=0xa7264a43..; tx=0xb16bbf03.. attacker=0xa7264a43.. | rekt.news entry; audit=N/A | An attacker exploited a smart contract belonging to the 1inch DEX aggregator, stealing $5 million in the USDC stablecoin and wETH. According to the platform, the vulnerability existed in &quot;smart contracts using th","blocksec,defi_rekt,defillama,kismp,rekt,slowmist",https://api.llama.fi/hacks | https://blocksec.com/security-incident?hash=0x04975648e0db631b0620759ca934861830472678dae82b4bed493f1e1e3ed03a | https://blog.1inch.io/vulnerability-discovered-in-resolver-contract/ | https://blog.decurity.io/yul-calldata-corruption-1inch-postmortem-a7ea7a53bfd9 | https://de.fi/rekt-database?id=4042 | https://github.com/kismp123/DeFi-Security-Incident/blob/main/2025/2025-03-05_1inchFusionV1_BusinessLogic_ETH.md | https://rekt.news/leaderboard,6
2025-03-07,UNI,14000.0,0.0,14000.0,,Other,EF,SC-Technical,,Logic Flaw,DeFiHackLabs entry (Logic Flaw),defihacklabs,https://github.com/SunWeb3Sec/DeFiHackLabs/blob/main/past/2025/README.md,1
2025-03-14,Berally,90000.0,0.0,90000.0,Berachain,DEX,EF,SC-Technical,Infrastructure,Private Key Compromised (Unknown Method),"Berally, a platform for social trading using AI agents within the Berachain ecosystem, is suspected to have been hacked. The official statement reads: “Partial information of the deployer&#39;s key was leaked, leading to the sell-off of all vesting tokens and withdrawal of funds from the liquidity pool. The dApp contract remains secure and unaffected by the hack, but please temporarily revoke access to the dApp and Staking. An investigation is underway, and an update will be provided as soon as ","defi_rekt,defillama,slowmist",https://api.llama.fi/hacks | https://de.fi/rekt-database?id=4050 | https://x.com/Berally_io/status/1900855059069759571,3
2025-03-15,WebKeyDao,737000.0,0.0,737000.0,,DEX,EF,SC-Technical,,Exploit/Other/Other,"Quick Summary On March 15, 2025, WebKeyDao was exploited for ~$737K due to an unprotected buy function in the contract 0xD5110...CD851. Details of the Exploit On March 15, 2025, an attacker exploited a vulnerability in WebKeyDao’s smart contract 0xD5110...CD851, which lacked proper protection in its buy function. By using 1,159 BUSD, the attacker minted 230 wkeyDao tokens at a highly favorable rate. These storage values were set using the SetSaleInfo function, modifying storage slots 0x9c and 0x",defi_rekt,https://de.fi/rekt-database?id=4046,1
2025-03-17,Arcade,5000.0,0.0,5000.0,,Other,EF,SC-Technical,,Exploit/Access control/Access Control,"Quick Summary On March 17 2025 the Arcade Token on BSC was exploited due to a vulnerability in its public signer mechanism with a loss of about 5k USD. Details of the Exploit The contract had an insecure public signer verification system, making it susceptible to signature replay attacks. The attacker exploited this by crafting valid signatures that the contract mistakenly recognized as legitimate, allowing them to mint and transfer tokens without proper authorization. As a result, a significant",defi_rekt,https://de.fi/rekt-database?id=4047,1
2025-03-18,Voltage Finance,320000.0,0.0,320000.0,,DEX,EF,SC-Technical,,Contract Vulnerability,"On March 18, the Simple Staking pools of Voltage Finance, a DeFi platform built on the Fuse Network, suffered an unauthorized withdrawal, resulting in a total loss of $171,027.20 in USDCE and $151,085.87 in WETH.",slowmist,https://medium.com/@voltage.finance/voltage-finance-transparency-post-mortem-report-simple-staking-hack-ecde06c6b8bc,1
2025-03-18,Four.Meme,19500.0,0.0,19500.0,,DEX,CPBP,SC-Economic,,Price Manipulation,"BNB-based memecoin launchpad Four.Meme was attacked. According to the SlowMist security team’s analysis, the attacker purchased a small amount of tokens before launch through the 0x7f79f6df function of Four.Meme, and used this feature to send tokens to a specified PancakeSwap Pair address that had not yet been created. This allowed the attacker to create the Pair and add liquidity without needing to transfer the yet-to-be-launched tokens to the Pair, bypassing the transfer restrictions (MODE_TRA",slowmist,https://x.com/SlowMist_Team/status/1901845958767657072,1
2025-03-20,UNI / SamPrisonman Token,14000.0,0.0,14000.0,Ethereum,DEX,CPBP,SC-Economic,,Sam Prisonman,"Same pattern as SBR token — fee-on-transfer mechanism combined with Uniswap V2 `skim()`/`sync()` functions induces reserve imbalance, enabling price manipulation",kismp,https://github.com/kismp123/DeFi-Security-Incident/blob/main/2025/2025-03-20_UNI_SamPrisonman_FeeOnTransferSkim.md,1
2025-03-20,BBX Token,12000.0,0.0,12000.0,,DEX,EF,SC-Technical,,Exploit/Other/Other,"Quick Summary On March 20, 2025, BBX Token (BSC) suffered a $12,000 loss due to a liquidity pool manipulation attack exploiting its _transfer() function. Details of the Exploit On March 20, 2025, the BBX Token contract on BNB Smart Chain (BSC) was exploited due to a flaw in its _transfer() function, which burned liquidity pool tokens and forced a sync() call on PancakeSwap. The attacker repeated this process 252 times, causing a pool imbalance and manipulating the token’s price. Once the reserve",defi_rekt,https://de.fi/rekt-database?id=4048,1
2025-03-21,Zoth ZeUSD,8850000.0,0.0,8850000.0,Ethereum,Lending,EF,SC-Technical,Infrastructure,Private Key Compromised (Unknown Method),,defillama,https://api.llama.fi/hacks,1
2025-03-25,Abracadabra Spell,13000000.0,0.0,13000000.0,Arbitrum,Lending,EF,SC-Technical,Protocol Logic,nan,"rekt.news entry; audit=Guardian Audits | BlockSec entry (Business Logic Flaw): tx=0x8789e57d.. attacker=0x08606858..; tx=0xab77d49c.. attacker=0x08606858..; tx=0xb1d8c0aa.. attacker=0x08606858.. | `sendValueInCollateral()` does not update internal accounting variables (`inputAmount`, `minOut`) after actually withdrawing tokens, enabling repeated borrowing against phantom collateral | Quick Summary On March 25, 2025, Abracadabra.Money was exploited for $13 million (6,260 ETH) due to state trackin","blocksec,defi_rekt,defillama,kismp,rekt,slowmist",https://api.llama.fi/hacks | https://blocksec.com/security-incident?hash=0x8789e57d26aed0ed13500702a998799047552f29220549e9634bb634358e2f9a | https://de.fi/rekt-database?id=4052 | https://github.com/kismp123/DeFi-Security-Incident/blob/main/2025/2025-03-25_MIMSpell_CauldronRounding_ARB.md | https://rekt.news/leaderboard | https://www.web3isgoinggreat.com/?id=abracadabra-exploit-2 | https://x.com/Phalcon_xyz/status/1904606890438648240,6
2025-03-28,Vicuna,700000.0,0.0,700000.0,,Lending,CPBP,SC-Economic,,Exploit/Oracle Issue/Oracle Issue,"Quick Summary On March 28, 2025, Vicuna Finance was exploited via an oracle manipulation attack, leading to a loss of approximately $700K. Only the S Market and Stablecoin Market were affected, while the Main Protocol remains safe and operational. Details of the Exploit The attack targeted oracle price feeds used in Vicuna’s S Market and Stablecoin Market. By manipulating price data, the attacker was able to unfairly borrow and drain funds from the protocol. This caused about 40% of total funds ",defi_rekt,https://de.fi/rekt-database?id=4054,1
2025-03-29,Venus Core Pool,902000.0,0.0,902000.0,zkSync Era,Lending,EF,SC-Technical,Protocol Logic,Donation Attack,,defillama,https://api.llama.fi/hacks,1
2025-03-30,SIR,355000.0,0.0,355000.0,Ethereum,Derivatives,EF,SC-Technical,Protocol Logic,Transient storage collision,"rekt.news entry; audit=Egis Security | BlockSec entry (Storage Collision): tx=0xa05f047d.. attacker=0x27defcfa.. | Quick Summary On March 30, 2025, SIR (Synthetics Implemented Right) was exploited for $355,000 due to improper use of transient storage (EIP-1153) in the uniswapV3SwapCallback() function, allowing an attacker to manipulate storage and mint synthetic assets without authorization. Details of the Exploit The Vault contract used transient storage to store the Uniswap V3 pool address at ","blocksec,defi_rekt,defillama,rekt,slowmist",https://api.llama.fi/hacks | https://blocksec.com/security-incident?hash=0xa05f047ddfdad9126624c4496b5d4a59f961ee7c091e7b4e38cee86f1335736f | https://de.fi/rekt-database?id=4051 | https://rekt.news/leaderboard | https://x.com/DecurityHQ/status/1906270316935942350 | https://x.com/SlowMist_Team/status/1906722264059674893,5
2025-04-01,Zapper,7900000.0,0.0,7900000.0,,Other,EF,SC-Technical,,Domain Hijacking,"According to an official announcement from DeFi asset management protocol Zapper, its .fi domain was hijacked via social engineering. The current zapper(.fi) page is malicious and should be avoided — users are strongly advised not to click on any related links.",slowmist,https://x.com/zapper_fi/status/1907089451223781877,1
2025-04-01,"OPC (OPC Token, BSC-based DeFi token)",107000.0,0.0,107000.0,BSC (BNB Chain),Other,EF,SC-Technical,,Business Logic,Business Logic Flaw — abnormal profit extraction due to improper state validation in the token sell/reward calculation functions | BlockSec entry (Business Logic Flaw): tx=0x65a29faf.. attacker=0xd69d3fa2..,"blocksec,kismp",https://blocksec.com/security-incident?hash=0x65a29faf44c5be567e9ea2aa419254263a1b8553799258d9e36769a06ceac109 | https://github.com/kismp123/DeFi-Security-Incident/blob/main/2025/2025-04-01_OPC_BusinessLogic_BSC.md,2
2025-04-04,AIRWA,33800.0,0.0,33800.0,,Other,EDPM,Cyber-Operational,,Access Control,"DeFiHackLabs entry (Access Control) | Quick Summary On April 4, 2025, AIRWA token on BNB Smart Chain (BSC) was exploited for approximately $34,000 due to a misconfigured public setBurnRate() function. Details of the Exploit The vulnerability stemmed from the setBurnRate() function in the AIRWA token contract being publicly accessible. The attacker called setBurnRate(980)—an extremely high burn percentage—and then executed a transfer(pair, 0). This combination caused the pair’s tokens to be burne","defi_rekt,defihacklabs",https://de.fi/rekt-database?id=4055 | https://github.com/SunWeb3Sec/DeFiHackLabs/blob/main/past/2025/README.md,2
2025-04-07,Tenderize V2,10850.0,0.0,10850.0,Ethereum,Derivatives,EF,SC-Technical,Protocol Logic,Proxy Upgrade Skim,,defillama,https://api.llama.fi/hacks,1
2025-04-10,Morpho Blue (Morpho App / Bundler3),2600721.5,0.0,2600721.5,Ethereum,Lending,EDPM,Cyber-Operational,,Misconfiguration,Frontend SDK update misconfiguration — token approvals were incorrectly directed to the Bundler3 contract itself rather than the Bundler3 adapter | BlockSec entry (Misconfiguration): tx=0x5ce2cf51.. attacker=0xc0ffeeba..; tx=0xbcb1e5f7.. attacker=0xa8292c01..,"blocksec,kismp",https://blocksec.com/security-incident?hash=0x5ce2cf51f0e6e099c33eabb84561cb01a1acb2c9fc26c5388cedec0e4292ce99 | https://github.com/kismp123/DeFi-Security-Incident/blob/main/2025/2025-04-10_MorphoBlue_Misconfiguration_ETH.md | https://morpho.org/blog/morpho-app-incident-april-10-2025/,2
2025-04-14,KiloEx_perp,8400000.0,0.0,8400000.0,"Base, BSC",Derivatives,EF,SC-Technical,,Access Control Issue,BlockSec entry (Access Control Issue): tx=0xf0fcce08.. attacker=0x00fac928..; tx=0x38b25be1.. attacker=0x00fac928..; tx=0xde7f5e78.. attacker=0x00fac928..,blocksec,https://blocksec.com/security-incident?hash=0xf0fcce0807a82041d050a60461e187f0e81a6f7fbda69bb600c04049d924e138 | https://medium.com/@KiloEx/kiloex-security-incident-root-cause-analysis-post-mortem-3d899caac08c,1
2025-04-14,KiloEx,7491500.0,6750000.0,741500.0,"BSC,Base,Taiko",Derivatives,CPBP,SC-Economic,Protocol Logic,Price Oracle Manipulation,"rekt.news entry; audit=N/A | Unauthorized price feed manipulation due to insufficient signature verification in `MinimalForwarder.execute()` | Quick summary On April 14, 2025, KiloEx was exploited due to a contract vulnerability, resulting in the loss of an undisclosed amount of funds from its Vault. Details of the exploit The attacker exploited a critical lack of access control in the MinimalForwarder contract, enabling unauthorized calls that manipulated oracle prices. Through a multi-step fun","defi_rekt,defillama,kismp,rekt,slowmist",https://api.llama.fi/hacks | https://de.fi/rekt-database?id=4059 | https://github.com/kismp123/DeFi-Security-Incident/blob/main/2025/2025-04-14_KiloEx_AccessControl_Base.md | https://rekt.news/leaderboard | https://x.com/KiloEx_perp/status/1913168299292328115,5
2025-04-16,Roar,780000.0,0.0,780000.0,,Yield,IF,Cyber-Operational,,Rug Pull,"DeFiHackLabs entry (Rug Pull) | Quick summary On April 16, 2025, The R0AR staking contract was exploited due to a backdoor vulnerability, leading to the loss of approximately $790,000. Details of the exploit The attack stemmed from a maliciously embedded backdoor in the staking contract during its deployment. Specifically, the attacker preset the user.amount mapping for their wallet (0x8149f77504007450711023cf0eC11BDd6348401F) to a large value directly in the contract's storage. This manipulatio","defi_rekt,defihacklabs,slowmist",https://de.fi/rekt-database?id=4060 | https://github.com/SunWeb3Sec/DeFiHackLabs/blob/main/past/2025/README.md | https://x.com/SlowMist_Team/status/1912417097269014825,3
2025-04-18,NUMA.,518000.0,0.0,518000.0,,Derivatives,CPBP,SC-Economic,,Price Manipulation,"NUMA was attacked on the Arbitrum chain, resulting in a loss of approximately $530,000. The attacker swapped all assets to ETH, bridged them to Ethereum mainnet, and deposited the funds into Tornado Cash. | Quick Summary On April 18, 2025, NumaMoney, a non-custodial and decentralized LST-backed synthetics protocol on Arbitrum, was exploited for approximately $506,000-$527,000. The attacker used a sophisticated price manipulation scheme involving flash loans from Aave V3, Balancer Vault, and Unis","defi_rekt,slowmist",https://de.fi/rekt-database?id=4096 | https://x.com/officer_cia/status/1913979776953356722,2
2025-04-26,Loopscale,5800000.0,2880000.0,2920000.0,Solana,Lending,CPBP,SC-Economic,Protocol Logic,Price Oracle Manipulation,"rekt.news entry; audit=N/A | Vulnerable Price Dependency — RateX PT token pricing function used as collateral oracle, manipulable via spot price of the underlying Raydium concentrated liquidity pool in a single transaction | BlockSec entry (Vulnerable Price Dependency): tx=2SkCkmX2Q8.. attacker=C1QyPYoWQi.. | Quick summary On April 26, 2025, Loopscale was exploited due to a pricing system vulnerability, resulting in the loss of approximately 39,474 SOL (~$5.8M), though over $2.8M has since been ","blocksec,defi_rekt,defillama,kismp,rekt,slowmist",https://api.llama.fi/hacks | https://blocksec.com/security-incident?hash=2SkCkmX2Q8R7W7RDzgfc6ZFCmYgehmENw72sgTQLfNLHGupNdPDeNkW6S7qCNgYtintFcxhkBCsyf81XA9NSF2RJ | https://de.fi/rekt-database?id=4064 | https://github.com/kismp123/DeFi-Security-Incident/blob/main/2025/2025-04-26_Loopscale_PriceDependency_SOL.md | https://rekt.news/leaderboard | https://x.com/LoopscaleLabs/status/1916230435291713786,6
2025-04-26,Term Labs,1650000.0,0.0,1650000.0,,Lending,EDPM,Cyber-Operational,,Human Error,"On April 26, 2025, lending protocol Term Labs introduced an internal inconsistency in decimal precision during an update to the tETH oracle, resulting in incorrect pricing of the tETH asset within the protocol. This mispricing triggered unintended liquidations, affecting approximately 918 ETH. The incident stemmed from human error during a sensitive system upgrade — a failure in operational execution rather than a flaw in the code or smart contracts. Through rapid response and negotiation effort",slowmist,https://x.com/term_labs/status/1916941405173485897,1
2025-04-26,Impermax V3,300000.0,0.0,300000.0,Base,Lending,CPBP,SC-Economic,Protocol Logic,Flashloan Exploit,"Collateral valuation mismatch between uncollected fees and auto-compounded fees + invalid price range reinvestment + bad debt restructuring logic flaw | BlockSec entry (Business Logic Flaw): tx=0xaafafcbb.. attacker=0xe3223f7e..; tx=0xeac783b8.. attacker=0xe3223f7e..; tx=0xde903046.. attacker=0xe3223f7e.. | Impermax was attacked on the Base network. In a tweet, Impermax stated that someone launched a flash loan attack and drained its V3 liquidity pools. The team is currently investigating and ad","blocksec,defi_rekt,defillama,kismp,slowmist",https://api.llama.fi/hacks | https://blocksec.com/security-incident?hash=0xaafafcbb0dcd86ed78e3a0facc4748c48a36ca5a74d107c383e807b0b89758e3 | https://de.fi/rekt-database?id=4065 | https://github.com/kismp123/DeFi-Security-Incident/blob/main/2025/2025-04-26_ImpermaxFinance_BusinessLogic_Base.md | https://impermax.medium.com/impermax-v3-exploit-post-mortem-6b0818897b25,5
2025-04-27,QuantMaster,100000.0,0.0,100000.0,,Other,IF,Cyber-Operational,,Insider Manipulation,"A member of the crypto community previously revealed that &quot;a smart contract of a certain Web3 project was suspected to have been implanted with malicious code by an employee,&quot; leading to losses of several hundred thousand dollars. Thomson, a developer of the DeFi trading and asset management project QuantMaster, stated that he was the primary victim of this theft. According to Thomson, the suspect has been largely identified. The GitHub submission records clearly point to a specific em",slowmist,https://x.com/thomsonYang_147/status/1916719524327686385,1
2025-04-27,Aventa,7000.0,0.0,7000.0,,Other,CPBP,SC-Economic,,Flash Loan Attack,"According to the SlowMist MistEye security monitoring system, Aventa, which specializes in creating intuitive Web3 utilities for the crypto community, appears to have been attacked, resulting in a loss of approximately 3.9 ETH.",slowmist,https://x.com/SlowMist_Team/status/1916405508833218995,1
2025-05-09,LND,1300000.0,0.0,1300000.0,"Sonic,Hyperliquid L1",Lending,EF,SC-Technical,Protocol Logic,nan,,defillama,https://api.llama.fi/hacks,1
2025-05-15,Zunami Protocol,500000.0,0.0,500000.0,Ethereum,Yield,CPBP,SC-Economic,Protocol Logic,withdrawStuckToken() exploit,"rekt.news entry; audit=N/A | Quick summary On May 15, 2025, Zunami Protocol suffered a $500,000 exploit involving the collateral backing its zunUSD and zunETH stablecoins. The attacker laundered the stolen funds via Tornado Cash, making recovery difficult. Details of the exploit Unlike previous incidents involving flash loans or price manipulation, this attack stemmed from compromised privileged access. The exploiter used admin-level permissions to withdraw and redeem protocol collateral directl","defi_rekt,defillama,rekt,slowmist",https://api.llama.fi/hacks | https://de.fi/rekt-database?id=4067 | https://rekt.news/leaderboard | https://x.com/ZunamiProtocol/status/1922993510925435267,4
2025-05-16,Nitron,950279.5,0.0,950279.5,,Lending,CPBP,SC-Economic,,Price Manipulation,"On May 16th, Demex&#39;s lending market Nitron was exploited, resulting in a loss of $950,559 in user funds. According to Demex&#39;s post-incident analysis, the root cause of the exploit was a donation-based oracle manipulation attack targeting the deprecated dGLP vault. | Quick summary On May 16, 2025, Demex’s lending platform Nitron was exploited through an oracle manipulation attack, leading to a loss of approximately $950,559. The exploit affected only the Nitron markets, while spot and per","defi_rekt,slowmist",https://blog.dem.exchange/nitron-post-mortem/ | https://de.fi/rekt-database?id=4068,2
2025-05-22,Cetus CLMM,223000000.0,0.0,223000000.0,Sui,DEX,EF,SC-Technical,Protocol Logic,Spoof Token Exploit,"rekt.news entry; audit=N/A | Unchecked bit-shift (`shl`) in `checked_shlw` produces silent integer overflow in Move, causing near-zero denominators in sqrt price computation and allowing pool reserves to be drained for essentially zero input | BlockSec entry (Arithmetic Overflow/Underflow): tx=6hAcrsQpT8.. attacker=0xe28b50ce.. | Quick Summary On May 22, 2025, Cetus Protocol, the largest decentralized exchange on the Sui Network, was exploited, resulting in a loss of approximately $260 million. ","blocksec,defi_rekt,defillama,kismp,rekt,slowmist",https://api.llama.fi/hacks | https://blocksec.com/security-incident?hash=6hAcrsQpT83mz2hVpkf87EYdTSL8bwy5dVUNZiVBDrtt | https://de.fi/rekt-database?id=4069 | https://github.com/kismp123/DeFi-Security-Incident/blob/main/2025/2025-05-22_Cetus_ArithmeticOverflow_Sui.md | https://rekt.news/leaderboard | https://x.com/CetusProtocol/status/1925515662346404024,6
2025-05-24,RICE,88100.0,0.0,88100.0,,Other,EF,SC-Technical,,Lack of Access Control,DeFiHackLabs entry (Lack of Access Control),defihacklabs,https://github.com/SunWeb3Sec/DeFiHackLabs/blob/main/past/2025/README.md,1
2025-05-26,Dexodus Finance,300000.0,300000.0,0.0,Base,Derivatives,CPBP,SC-Economic,Protocol Logic,Price Manipulation Attack,"Missing Chainlink Data Streams report freshness validation in `performUpkeep()` — allows stale signature replay | Quick Summary On May 26, 2025, Dexodus Finance was exploited for approximately $291,000 through a price manipulation attack targeting its leveraged perpetuals module. The vulnerability stemmed from accepting outdated Chainlink oracle data via the performUpkeep() function, allowing the attacker to profit from stale pricing within a single transaction. Details of the Exploit The attack","defi_rekt,defillama,kismp",https://api.llama.fi/hacks | https://de.fi/rekt-database?id=4070 | https://github.com/kismp123/DeFi-Security-Incident/blob/main/2025/2025-05-26_DexodusFinance_PriceDependency_Base.md,3
2025-05-27,Usual USD0,42950.0,0.0,42950.0,Ethereum,Stablecoin,EF,SC-Technical,Protocol Logic,Arbitration Exploit,"Quick Summary On May 27, 2025, Usual's USD0++ Investment Vault was exploited through an arbitrage opportunity, leading to a $43,000 loss from the vault itself. The main protocol remained unaffected, with no user funds lost and no pause on the Usual Core Protocol. Details of the Exploit The exploit stemmed from a capped mechanism used to unwrap USD0++ into USD0 during deposits into the investment vault. The attacker manipulated this limitation to arbitrage the conversion process, extracting $43,0","defi_rekt,defillama,slowmist",https://api.llama.fi/hacks | https://de.fi/rekt-database?id=4071 | https://x.com/SlowMist_Team/status/1927627465717055574,3
2025-05-28,Cork V1,12000000.0,0.0,12000000.0,Ethereum,Derivatives,EF,SC-Technical,Protocol Logic,Access Control Bypass Via Hook,"rekt.news entry; audit=N/A | Insufficient access control in CorkHook.beforeSwap() + unauthorized market creation enabling unauthorized fund withdrawal | BlockSec entry (Access Control Issue): tx=0xfd89cdd0.. attacker=0xea6f30e3.. | Quick Summary On May 28, 2025, Cork Protocol suffered a severe smart contract exploit resulting in the theft of approximately 3,760 wstETH (~$12 million).&nbsp; Details of the Exploit The attacker exploited a vulnerability in Cork Protocol’s wstETH:weETH market, takin","blocksec,defi_rekt,defillama,kismp,rekt,slowmist",https://api.llama.fi/hacks | https://blocksec.com/security-incident?hash=0xfd89cdd0be468a564dd525b222b728386d7c6780cf7b2f90d2b54493be09f64d | https://de.fi/rekt-database?id=4072 | https://github.com/kismp123/DeFi-Security-Incident/blob/main/2025/2025-05-28_CorkProtocol_AccessControl_ETH.md | https://rekt.news/leaderboard | https://x.com/SlowMist_Team/status/1928100756156194955 | https://x.com/hklst4r/status/1927755386557255717,6
2025-05-30,Malda (Linea lending protocol based on Mendi Finance),273000.0,0.0,273000.0,Linea,Lending,EF,SC-Technical,,Access Control,"Migrator contract trusts user-supplied contract addresses without validation — allows fake position migration via fake Mendi market contracts | BlockSec entry (Access Control Issue): tx=0x9f12f7b9.. attacker=0x370a8db1..; tx=0x7ffb4569.. attacker=0x370a8db1.. | Quick Summary May 30, 2025 – Malda (formerly Mendi Finance) suffered a ~$273K exploit on the Linea network due to a compromised contract. All contracts were paused, and the team is investigating. Details of the Exploit A malicious actor g","blocksec,defi_rekt,kismp,slowmist",https://blocksec.com/security-incident?hash=0x9f12f7b982ffbd90ac5944b3ab8520f7fb5a9882a0a9acf20d63f6922950e59a | https://de.fi/rekt-database?id=4075 | https://github.com/kismp123/DeFi-Security-Incident/blob/main/2025/2025-05-30_Malda_AccessControl_Linea.md | https://mirror.xyz/0x4Da818DD3aAfb9D042a76B5037cdBa61533C7692/yhFSyxCImJ23OD00vb2GQ0JmbcBkX2CO4V2t_29ykIA,4
2025-06-02,Nervos Network,3700000.0,0.0,3700000.0,,Bridge,EF,SC-Technical,,Exploit/Access control/Access Control,"Quick Summary On June 2, 2025, the Nervos Network's ForceBridge was exploited, leading to the theft of approximately $3.7 million in assets—$3.1M on Ethereum and $0.6M on BNB Chain. A malicious actor gained control over the bridge and drained funds including USDT, USDC, ETH, DAI, and WBTC, all of which were subsequently swapped to ETH and funneled through Tornado Cash. In response, the Nervos team paused all bridge contracts and is actively investigating the incident with the help of law enforce",defi_rekt,https://de.fi/rekt-database?id=4074,1
2025-06-06,AlexLab II,16140000.0,0.0,16140000.0,,DEX,EF,SC-Technical,,Exploit/Other/Other,"rekt.news entry; audit=N/A | Quick Summary June 6, 2025 – Bitcoin DeFi project AlexLab was exploited for over $16.1M due to a critical flaw in its token listing logic. Fake tokens were used to drain multiple vaults, despite recent audits. Details of the Exploit An attacker exploited AlexLab’s self-listing mechanism by deploying a malicious token with a fake transfer function. The token passed AlexLab’s flawed verification checks and was granted vault permissions. By creating a liquidity pool and","defi_rekt,rekt",https://de.fi/rekt-database?id=4077 | https://rekt.news/leaderboard,2
2025-06-06,ALEX,8371500.0,0.0,8371500.0,Stacks,DEX,EF,SC-Technical,Protocol Logic,Malicious transfer() Method,"On June 6, 2025, ALEX Protocol was attacked due to a vulnerability in its on-chain self-listing verification logic, which is constrained by limitations on Stacks. As a result, multiple asset pools were drained, with total losses amounting to approximately $8.37 million.","defillama,slowmist",https://api.llama.fi/hacks | https://x.com/ALEXLabBTC/status/1931014419133169734,2
2025-06-06,ForceBridge,3760000.0,0.0,3760000.0,Nervos,Bridge,EF,SC-Technical,Protocol Logic,Access Control Exploit,"rekt.news entry; audit=N/A | The Force Bridge, a cross-chain bridge on the Nervos Network, is suspected to have been compromised, with approximately $3.7 million in assets stolen. The Nervos team has urgently suspended all contracts and is actively investigating the incident. According to the incident investigation report, malicious code was discovered in one of the Docker images. The code had been injected into Ethereum-related modules and was not part of the public source code — instead, it wa","defillama,rekt,slowmist",https://api.llama.fi/hacks | https://rekt.news/leaderboard | https://talk.nervos.org/t/force-bridge-incident-root-cause-analysis-user-commitment/8801,3
2025-06-10,Anome,120000.0,0.0,120000.0,,Lending,EF,SC-Technical,,Exploit/Other/Other,"Quick Summary June 10, 2025 – DeFi project Anome on Base was exploited for approximately $120K due to a flawed token valuation mechanism that allowed massive over-borrowing. Details of the Exploit An attacker exploited Anome by purchasing a massive amount (1e20) of Bnome tokens for just 0.2 ETH, then supplying them to contract 0x7144. Due to faulty price validation or lack of checks on the token’s true value, the attacker was able to borrow Anome USD repeatedly, draining around 44 ETH (~$120K) i",defi_rekt,https://de.fi/rekt-database?id=4078,1
2025-06-25,Resupply,9675000.0,0.0,9675000.0,Ethereum,Lending,CPBP,SC-Economic,Protocol Logic,Price Oracle Manipulation,"rekt.news entry; audit=ChainSecurity, Electi | BlockSec entry (Precision Loss): tx=0xffbbd492.. attacker=0x6d9f6e90.. | Quick Summary On June 26, 2025, Resupply Protocol suffered a $9.5 million exploit affecting only the wstUSR market. The team has identified and paused the compromised contract while confirming that the rest of the protocol remains fully operational.&nbsp; Details of the Exploit &nbsp; The attacker exploited a vulnerability in the wstUSR market contract of Resupply, leading to a","blocksec,defi_rekt,defillama,rekt,slowmist",https://api.llama.fi/hacks | https://blocksec.com/security-incident?hash=0xffbbd492e0605a8bb6d490c3cd879e87ff60862b0684160d08fd5711e7a872d3 | https://de.fi/rekt-database?id=4083 | https://rekt.news/leaderboard | https://x.com/Phalcon_xyz/status/1938073001087652021 | https://x.com/SlowMist_Team/status/1938073225503908072,5
2025-06-25,Silo Finance,548750.0,0.0,548750.0,Ethereum,Lending,EF,SC-Technical,Protocol Logic,fillQuote silo.borrow() Exploit,"BlockSec entry (Arbitrary Call): tx=0x8e8dbc6b.. attacker=0xba321eb6..; tx=0xc67d0d64.. attacker=0xba321eb6..; tx=0x161a4e9b.. attacker=0x04377cfa.. | Arbitrary external call inside `_fillQuote()` of `openLeveragePosition()` — `swapArgs.exchangeProxy` and `swapCallData` executed without validation, allowing the attacker to inject the `borrow()` function selector and borrow 224 ETH unauthorized using the victim's collateral | Quick Summary On June 25, 2025, Silo Finance lost approximately $545,00","blocksec,defi_rekt,defillama,kismp,slowmist",https://api.llama.fi/hacks | https://blocksec.com/security-incident?hash=0x8e8dbc6b975dd664f1610f36c1e1990822ff142aa54129c28f39c7506bad091b | https://de.fi/rekt-database?id=4085 | https://github.com/kismp123/DeFi-Security-Incident/blob/main/2025/2025-06-25_SiloFinance_ArbitraryCall_Sonic.md | https://silofinance.medium.com/post-mortem-unreleased-leverage-contract-exploitd-0ab8f37afcbb | https://x.com/BlockSecTeam/status/1937904699610718520,5
2025-07-02,Future Protocol,4600000.0,0.0,4600000.0,BSC,Derivatives,EF,SC-Technical,,Business Logic Flaw,BlockSec entry (Business Logic Flaw): tx=0x3a9dd216.. attacker=0x18dd2586..,blocksec,https://blocksec.com/security-incident?hash=0x3a9dd216fb6314c013fa8c4f85bfbbe0ed0a73209f54c57c1aab02ba989f5937,1
2025-07-05,RANT,204000.0,0.0,204000.0,BSC,Other,EF,SC-Technical,,Logic Flaw,DeFiHackLabs entry (Logic Flaw) | BlockSec entry (Business Logic Flaw): tx=0x2d9c1a00.. attacker=0xad2cb8f4..,"blocksec,defihacklabs",https://blocksec.com/security-incident?hash=0x2d9c1a00cf3d2fda268d0d11794ad2956774b156355e16441d6edb9a448e5a99 | https://github.com/SunWeb3Sec/DeFiHackLabs/blob/main/past/2025/README.md | https://x.com/Phalcon_xyz/status/1941788315549946225,2
2025-07-08,PeapodsFinance,229950.0,0.0,229950.0,Ethereum,Yield,EF,SC-Technical,,Vulnerable Price Dependency,BlockSec entry (Vulnerable Price Dependency): tx=0xff8e9226.. attacker=0xfde0d157..; tx=0xeff836fa.. attacker=0x277da2d1..,blocksec,https://blocksec.com/security-incident?hash=0xff8e9226091d513fc936ecc670030eba03f34dbe60cd012122bd18be44248d32 | https://x.com/Phalcon_xyz/status/1942594222353260893,1
2025-07-08,"Peapods Finance

",187500.0,0.0,187500.0,Ethereum,Yield,CPBP,SC-Economic,Ecosystem,Oracle manipulation in user-created Pods,"Quick Summary On July 8, 2025, Peapods Finance suffered an exploit resulting in the loss of approximately $200,000 (about 78 ETH). The stolen funds were sent to ChangeNow and FixedFloat, making tracking and recovery more difficult. Details of the Exploit Transaction log reveals a sophisticated DeFi exploit that manipulated a lending protocol's interest rate calculations to artificially generate massive interest earnings. The attacker then extracted collateral without proper debt settlement, used","defi_rekt,defillama",https://api.llama.fi/hacks | https://de.fi/rekt-database?id=4086,2
2025-07-09,GMX V1 Perps,42000000.0,40000000.0,2000000.0,Arbitrum,Derivatives,EF,SC-Technical,Protocol Logic,Re-entrancy Exploit,"rekt.news entry; audit=N/A | Cross-contract reentrancy via unvalidated user input — ETH refund callback recipient address not validated | BlockSec entry (Lack of Input Validation): tx=0x03182d3f.. attacker=0x7d3bd503.. | Quick Summary On July 9, 2025, GMX v1 was exploited for approximately $42 million due to a vulnerability that allowed a malicious contract to manipulate internal accounting and withdraw more funds than it should have. The attack affected the GLP pool on Arbitrum; other GMX deplo","blocksec,defi_rekt,defillama,kismp,rekt,slowmist",https://api.llama.fi/hacks | https://blocksec.com/security-incident?hash=0x03182d3f0956a91c4e4c8f225bbc7975f9434fab042228c7acdc5ec9a32626ef | https://de.fi/rekt-database?id=4087 | https://github.com/kismp123/DeFi-Security-Incident/blob/main/2025/2025-07-09_GMX_UnverifiedInput_ARB.md | https://rekt.news/leaderboard | https://x.com/BlockSecTeam/status/1942990338731229379 | https://x.com/SlowMist_Team/status/1942949653231841352,6
2025-07-09,ZKSwap (ZKBase L2),5000000.0,0.0,5000000.0,Ethereum,Bridge,EF,SC-Technical,,Business Logic,"`verifyExitProof()` unconditionally returns `true` without validating the actual ZK proof — a business logic flaw that allowed draining of L1 bridge funds | BlockSec entry (Business Logic Flaw): tx=0x5488f6bb.. attacker=0x0a652dec..; tx=0xfdb93e00.. attacker=0x0a652dec.. | ZKSwap’s Ethereum Layer 1 bridge suffered an exploit in which the attacker leveraged its emergency withdrawal mechanism, resulting in a loss of approximately $5 million. Analysis revealed that the component responsible for ver","blocksec,kismp,slowmist",https://blockaid.io/blog/how-zkswaps-5m-exploit-couldve-been-prevented-with-onchain-monitoring | https://blocksec.com/security-incident?hash=0x5488f6bbfabf7f1ada8e529c23dfc1fd129b4237536e9b5500b47d63f773e054 | https://github.com/kismp123/DeFi-Security-Incident/blob/main/2025/2025-07-09_ZKSwap_BusinessLogic_ETH.md | https://x.com/R4ZN1V/status/1948448167734673838,3
2025-07-09,Texture,2200000.0,0.0,2200000.0,Solana,Lending,EF,SC-Technical,nan,nan,"BlockSec entry (Access Control Issue) | An attacker exploited a vulnerability in the Solana-based lending protocol Texture, stealing approximately $2.2 million in user funds from one of the project’s vaults. Shortly after the incident, Texture offered the attacker a 10% bounty. The attacker returned $1.98 million and kept $220,000.","blocksec,defillama,slowmist",https://api.llama.fi/hacks | https://blocksec.com/security-incident?hash=251 | https://www.certora.com/blog/rapid-response-full-recovery-certora-and-texture-a | https://x.com/texture_fi/status/1942972150631002245,3
2025-07-10,Kinto Bridge,1550000.0,0.0,1550000.0,Arbitrum,Bridge,EF,SC-Technical,Protocol Logic,ERC1967Proxy Backdoor Hijack,"Ramon Recuero, co-founder of Kinto, a modular exchange platform in the Arbitrum ecosystem, tweeted about the recent attack, stating that the hacker exploited a vulnerability on Arbitrum that allowed unlimited minting of K tokens. The attacker minted 110,000 K and launched an attack targeting the Morpho Vault and a Uniswap v4 pool. The incident resulted in approximately $1.55 million in losses (ETH and USDC) and caused significant volatility in the price of the K token.","defillama,slowmist",https://api.llama.fi/hacks | https://x.com/ramonrecuero/status/1943426114468352006,2
2025-07-15,Arcadia V2,3050000.0,0.0,3050000.0,Base,DEX,EF,SC-Technical,Protocol Logic,Rebalancer contract reentrancy hack,"BlockSec entry (Lack of Input Validation): tx=0x0b9bed09.. attacker=0x0fa54e96..; tx=0x06ce76ea.. attacker=0x0fa54e96.. | Quick Summary On July 15, 2025, Arcadia Finance (@ArcadiaFi) — a liquidity and asset management protocol — was exploited for approximately $3.5 million on Base. The attacker leveraged a critical trust assumption flaw in the RebalancerSpot contract, exploiting a swapData parameter that allowed arbitrary external calls to unvalidated router addresses. The stolen funds were swap","blocksec,defi_rekt,defillama,slowmist",https://api.llama.fi/hacks | https://arcadiafinance.notion.site/Arcadia-Post-Mortem-14-07-2025-23104482afa780fdb291cd3f41b7fc99 | https://blocksec.com/security-incident?hash=0x0b9bed09d241cef8078e6708909f98574c33ee06abcc2f80bc41731cd462d60b | https://de.fi/rekt-database?id=4088,4
2025-07-15,ArcadiaFi,3600000.0,0.0,3600000.0,,DEX,EF,SC-Technical,,,rekt.news entry; audit=Pashov Audit Group,rekt,https://rekt.news/leaderboard,1
2025-07-17,WETC,101000.0,0.0,101000.0,BSC,Other,EF,SC-Technical,,Accounting Error,BlockSec entry (Accounting Error): tx=0x2b6b411a.. attacker=0x7e7c1f0d..,blocksec,https://blocksec.com/security-incident?hash=0x2b6b411adf6c452825e48b97857375ff82b9487064b2f3d5bc2ca7a5ed08d615,1
2025-07-17,VDS,13000.0,0.0,13000.0,,Other,EF,SC-Technical,,Business Logic Flaw,"According to monitoring by SlowMist&#39;s MistEye security system, VDS on the BSC appears to have been attacked, with an estimated loss of around $13,000.",slowmist,https://x.com/SlowMist_Team/status/1945672192471302645,1
2025-07-24,SWAPPStaking,32196.0,0.0,32196.0,,Yield,EF,SC-Technical,,Incorrect Reward calculation,DeFiHackLabs entry (Incorrect Reward calculation),defihacklabs,https://github.com/SunWeb3Sec/DeFiHackLabs/blob/main/past/2025/README.md,1
2025-07-29,CerdiX,4400000.0,0.0,4400000.0,Sonic,Lending,EF,SC-Technical,,Compromised Private Key,BlockSec entry (Compromised Private Key): tx=0x0cc35209.. attacker=0x40a2accb..,blocksec,https://blocksec.com/security-incident?hash=0x0cc3520951a2b41281dcc9a0d37ef3f7f139b75675d83ae72e3b8e903334f35e,1
2025-08-04,CrediX,4500000.0,0.0,4500000.0,Sonic,Lending,EF,SC-Technical,Infrastructure,Private Key Compromised,"rekt.news entry; audit=N/A | Quick Summary On August 4th, 2025, CrediX, a decentralized exchange (DEX) on Sonic, was exploited for approximately $4.5 million, about a month after its launch. The attacker exploited poor access controls to drain funds from the protocol, but CrediX successfully negotiated with the exploiter to recover all stolen assets through a private settlement paid from the CrediX treasury. Details of the Exploit The attack began six days before the actual exploit when an accou","defi_rekt,defillama,rekt,slowmist",https://api.llama.fi/hacks | https://de.fi/rekt-database?id=4094 | https://rekt.news/leaderboard | https://www.web3isgoinggreat.com/?id=credix-exploit,4
2025-08-10,numa.,320000.0,0.0,320000.0,Sonic,Derivatives,EF,SC-Technical,Protocol Logic,NumaVault Exploit,,defillama,https://api.llama.fi/hacks,1
2025-08-13,Odin_GodOfRunes,7000000.0,0.0,7000000.0,,DEX,EF,SC-Technical,,Business Logic Flaw,BlockSec entry (Business Logic Flaw),blocksec,https://blocksec.com/security-incident?hash=261 | https://x.com/PeckShieldAlert/status/1955457951558406332,1
2025-08-16,D3X AI,158900.0,0.0,158900.0,,DEX,CPBP,SC-Economic,,Price Manipulation,"D3X AI (@D3X_AI) was attacked on BSC, resulting in a loss of approximately $158.9K. The root cause was that the exchange() function of contract 0xb8ad relied on the spot price of the d3xat token from a UniswapV2 pair, which the attacker exploited through a price manipulation attack.",slowmist,https://bscscan.com/tx/0x26bcefc152d8cd49f4bb13a9f8a6846be887d7075bc81fa07aa8c0019bd6591f,1
2025-08-23,Equilibria,65250.0,0.0,65250.0,Ethereum,DEX,CPBP,SC-Economic,,Business Logic Flaw,"BlockSec entry (Business Logic Flaw): tx=0x0a60d7fb.. attacker=0x326dc2ff..; tx=0x45047ffa.. attacker=0xc9a5643e..; tx=0xc16984ed.. attacker=0x326dc2ff.. | According to an announcement from Equilibria Finance, a vulnerability was discovered in the ePENDLE auto-compounder contract on Ethereum, resulting in a loss of approximately 13.36 ETH. The issue stemmed from the stk-ePENDLE contract on Ethereum mainnet not being configured as non-transferable. The attacker used flash loans via Balancer to ac","blocksec,slowmist",https://blocksec.com/security-incident?hash=0x0a60d7fb1d459ebee1ddcd62d1a8fcb8faa9aa1ebbb3203f90bea7dd888af8aa | https://x.com/Equilibriafi/status/1959296722930483668,2
2025-08-26,BetterBank,5000000.0,0.0,5000000.0,PulseChain,Yield,EF,SC-Technical,Protocol Logic,Infinite Mint and Dump,"rekt.news entry; audit=Out of Scope | Business Logic Flaw — the FAVOR token's bonus minting system (FavorRouterWrapper) did not validate the legitimacy of the AMM pool used for trading, allowing an attacker-created rogue LP pair to trigger unlimited ESTEEM bonus minting with zero sell tax | BlockSec entry (Business Logic Flaw): tx=0x74534b1f..; tx=0x9c7237a0..; tx=0xc651656d.. | Quick Summary Better Bank, a DeFi platform on PulseChain, was exploited for approximately $5 million in assets includi","blocksec,defi_rekt,defillama,kismp,rekt,slowmist",https://api.llama.fi/hacks | https://blocksec.com/security-incident?hash=0x74534b1f86a63c6c722d5845f2b4c08867c2e66b922a6c95cd6b4290664c19bd | https://de.fi/rekt-database?id=4102 | https://github.com/kismp123/DeFi-Security-Incident/blob/main/2025/2025-08-26_BetterBank_BusinessLogic_PulseChain.md | https://rekt.news/leaderboard | https://www.web3isgoinggreat.com/?id=betterbank-exploit | https://x.com/shoucccc/status/1960534610485633369,6
2025-08-28,Panoptic (Uniswap V3-based Perpetual Options Protocol),2700000.0,0.0,2700000.0,"Ethereum Mainnet, Base, Unichain (Multi-chain)",Derivatives,EF,SC-Technical,,Exploit,XOR-based position fingerprint collision vulnerability + lack of position ownership validation (Custom Cryptography Flaw) | BlockSec entry (Others): tx=0x67a45dfe.. attacker=0xa1f0a9d5..,"blocksec,kismp",https://blocksec.com/security-incident?hash=0x67a45dfe5ff4b190058674d7c791bbdc48e889f319f937c24fa13a5f9093f088 | https://github.com/kismp123/DeFi-Security-Incident/blob/main/2025/2025-08-28_Panoptic_Exploit_ETH.md | https://x.com/Panoptic_xyz/status/1961187739866644524,2
2025-08-30,Cozy V2,427303.0,1.0,427302.0,Optimism,Other,EF,SC-Technical,Protocol Logic,Insufficient Sender Verification Exploit,"Missing validation of the `receiver_` argument in `unwrapWrappedAssetViaConnectorForWithdraw` | BlockSec entry (Business Logic Flaw): tx=0x71e72cae.. attacker=0xce196f0a.. | Quick Summary On August 30, 2025, Cozy Finance, a DeFi hack protection protocol on Optimism, was exploited for $427,000. The attacker exploited a vulnerability in the withdrawal process that allowed anyone to complete another user's redemption, stealing funds that were then bridged to Ethereum mainnet and deposited into Torn","blocksec,defi_rekt,defillama,kismp",https://api.llama.fi/hacks | https://blocksec.com/security-incident?hash=0x71e72cae2149920bc89ae3287edf8c7e65d454d7fd5e24b590c1b4ea36c0a517 | https://de.fi/rekt-database?id=4104 | https://github.com/kismp123/DeFi-Security-Incident/blob/main/2025/2025-08-29_CozyFinance_BusinessLogic_OP.md | https://x.com/decurityhq/status/1961810726164533602,4
2025-09-02,N/A,13000000.0,0.0,13000000.0,BSC,Other,EF,SC-Technical,,Others,BlockSec entry (Others): tx=0x4216f924.. attacker=0x0455ed2a..; tx=0x75eee705.. attacker=0x563617b8..,blocksec,https://blocksec.com/security-incident?hash=0x4216f924ceec9f45ff7ffdfdad0cea71239603ce3c22056a9f09054581836286 | https://x.com/VenusProtocol/status/1963251755543839227,1
2025-09-02,Bunni V2,8400000.0,0.0,8400000.0,"Ethereum,Unichain",DEX,EF,SC-Technical,Protocol Logic,Liquidity Distribution Function Exploit,"rekt.news entry; audit=N/A | Business Logic Flaw — incorrect state update ordering in the Bunni hook allowed share accounting manipulation; internal state was finalized after external token transfers, creating an exploitable inconsistency window | BlockSec entry (Business Logic Flaw): tx=0x1c27c4d6..; tx=0x4776f311.. | Quick Summary On September 2, 2025, Bunni DEX, a decentralized exchange built on Uniswap v4, suffered a multi-chain exploit that drained approximately $8.4 million in cryptocurren","blocksec,defi_rekt,defillama,kismp,rekt,slowmist",https://api.llama.fi/hacks | https://blocksec.com/security-incident?hash=0x1c27c4d625429acfc0f97e466eda725fd09ebdc77550e529ba4cbdbc33beb97b | https://blog.bunni.xyz/posts/exploit-post-mortem/ | https://de.fi/rekt-database?id=4105 | https://github.com/kismp123/DeFi-Security-Incident/blob/main/2025/2025-09-02_Bunni_BusinessLogic_ETH.md | https://rekt.news/leaderboard | https://x.com/Phalcon_xyz/status/1962743751568433416,6
2025-09-08,Nemo Yield Trading,2400000.0,0.0,2400000.0,Sui,Yield,CPBP,SC-Economic,Protocol Logic,Price Oracle Manipulation,"BlockSec entry (Access Control Issue): tx=HMMicxQWn4.. | Quick Summary On September 8, 2025, Nemo Protocol, a Sui-based yield infrastructure and trading platform, was exploited for approximately $2.4 million in USDC stablecoins. The attacker subsequently bridged the stolen funds from Arbitrum to Ethereum, prompting Nemo to suspend all smart contract activity and investigate the security incident affecting their Market pool. Details of the Exploit The attack targeted Nemo Protocol's lending infra","blocksec,defi_rekt,defillama,slowmist",https://api.llama.fi/hacks | https://blocksec.com/security-incident?hash=HMMicxQWn43rnNswi4gNHanUaeiWW5ijqM5bHLca67D9 | https://de.fi/rekt-database?id=4108 | https://olivine-hydrofoil-637.notion.site/Nemo-Security-Incident-Cause-Process-and-Fund-Tracing-Report-V1-1-26a6b8723d8a80e29cb8cb48fe1390f2 | https://suiscan.xyz/mainnet/account/0x01229b3cc8469779d42d59cfc18141e4b13566b581787bf16eb5d61058c1c724/activity,4
2025-09-08,Aqua,4650000.0,0.0,4650000.0,,DEX,IF,Cyber-Operational,,Rug Pull,"On-chain investigator ZachXBT reported that the Solana project Aqua has likely executed a rug pull involving approximately 21,770 SOL (~$4.65M). A few hours ago, the funds were split into four parts, moved through multiple intermediary addresses, and then sent to various instant exchanges. | Quick Summary On September 9, 2025, Solana-based project Aqua executed a rug pull involving approximately 21,770 SOL ($4.65 million) despite having received endorsements from reputable entities including Met","defi_rekt,slowmist",https://de.fi/rekt-database?id=4110 | https://www.odaily.news/zh-CN/newsflash/447163,2
2025-09-10,Evoq Finance,420000.0,0.0,420000.0,BSC,Lending,EF,SC-Technical,Infrastructure,Advanced Persistent Threat (APT) attack,"Quick Summary On September 9, 2025, Evoq Finance on BNB Chain was exploited for approximately $420,000 after attackers compromised the owner account's private key. The attackers transferred ownership to themselves, upgraded the proxy contract to a malicious implementation, and drained funds from both the protocol and user token approvals. Details of the Exploit The attack was executed through a sophisticated multi-step process beginning with the compromise of the owner account's private key (0xF","defi_rekt,defillama",https://api.llama.fi/hacks | https://de.fi/rekt-database?id=4111,2
2025-09-12,Kame Aggregator,1310000.0,0.0,1310000.0,Sei,DEX,EF,SC-Technical,Protocol Logic,swap() Function Flaw,"Kame Aggregator suffered an exploit due to a design flaw in the swap() function, which allowed arbitrary executor calls. This vulnerability enabled attackers to transfer tokens authorized to the AggregationRouter by users, particularly those with unlimited or oversized approvals. The total value of affected assets was approximately $1.32 million, of which around $946,000 was recovered by the Kame team from the primary exploiter, and about $22,000 was recovered by white-hat hackers.","defillama,slowmist",https://api.llama.fi/hacks | https://kameagg.substack.com/p/post-mortem-kame-aggregator-exploit,2
2025-09-12,Shibarium Bridge,2400000.0,0.0,2400000.0,,Bridge,CPBP,SC-Economic,,Flash Loan Attack,"The Shibarium bridge, connecting the Layer 2 network of the same name to Ethereum, was targeted in a flash loan attack, resulting in a loss of approximately $2.4 million. The attacker used a flash loan to purchase 4.6 million BONE tokens and obtained validator signing keys, gaining control of the majority of validator power, and ultimately signed a malicious state to drain assets from the bridge.",slowmist,https://www.theblock.co/post/370536/shibarium-bridge-suffers-sophisticated-flash-loan-attack-with-2-4-million-drained,1
2025-09-13,Shibarium,3000000.0,0.0,3000000.0,Shibarium,Bridge,CPBP,SC-Economic,Protocol Logic,Validator Stake Manipulation by Flashloan,"rekt.news entry; audit=N/A | Quick Summary On September 15, 2025, Shibarium, Shiba Inu's layer-2 network, suffered a flash loan attack that resulted in approximately $2.4 million in losses. The attacker borrowed 4.6 million BONE tokens to gain control of 10 out of 12 Shibarium validators, allowing them to drain assets from the bridge connecting Shibarium to Ethereum. Details of the Exploit The attacker executed a sophisticated flash loan attack by borrowing 4.6 million BONE tokens (Shibarium's g","defi_rekt,defillama,rekt",https://api.llama.fi/hacks | https://de.fi/rekt-database?id=4113 | https://rekt.news/leaderboard,3
2025-09-14,Yala,7640000.0,0.0,7640000.0,,Stablecoin,EF,SC-Technical,,Security Vulnerability,"On September 14, the stablecoin protocol Yala disclosed that a recent security incident occurred when a hacker abused a temporary deployment key during the setup of an authorized cross-chain bridge. The attacker deployed an unauthorized bridge and extracted 7.64 million USDC (approximately 1,636 ETH). On October 29, the suspect involved in the case was arrested by law enforcement in Bangkok, Thailand, and most of the affected funds have been successfully recovered.",slowmist,https://blog.yala.org/yala-post-mortem-september-14/,1
2025-09-17,New Gold Protocol,2000000.0,0.0,2000000.0,,Yield,CPBP,SC-Economic,,Exploit/Flash Loan Attack/Flash Loan Attack,"rekt.news entry; audit=N/A | Quick Summary On September 18, 2025, the NGP token from NewGold Protocol was exploited for approximately $2 million, causing the token to crash 88% within one hour. The attacker used a sophisticated flash loan manipulation attack and deposited the stolen funds (443.8 ETH) into Tornado Cash for laundering. Details of the Exploit The attacker executed a complex flash loan attack by borrowing $211 million to manipulate the NGP token's balance mechanics. The exploit targ","defi_rekt,rekt",https://de.fi/rekt-database?id=4114 | https://rekt.news/leaderboard,2
2025-09-23,Corepound,415000.0,0.0,415000.0,CORE,Yield,IF,Cyber-Operational,Rugpull,Drained Contracts,"The DeFi project Corepound, built on the Core DAO blockchain, has carried out a rug pull, making off with approximately $400,000.","defillama,slowmist",https://api.llama.fi/hacks | https://x.com/CommunityofCore/status/1970916743628587292,2
2025-09-26,HyperVault,3600000.0,0.0,3600000.0,Hyperliquid L1,Yield,IF,Cyber-Operational,Rugpull,Drain Vaults,"Quick Summary On September 26, 2025, DeFi protocol Hypervault disappeared with approximately $3.6 million in user assets in a suspected exit scam. The project withdrew all funds from Hyperliquid, bridged them to Ethereum, converted them to ETH, and deposited 752 ETH into Tornado Cash before deleting all online presence. Details of the Exploit Hypervault promoted itself as a yield farming platform offering ""hands-free"" auto-compounding, yield farming bots, and adapters for redirecting assets into","defi_rekt,defillama,slowmist",https://api.llama.fi/hacks | https://de.fi/rekt-database?id=4119 | https://www.odaily.news/zh-CN/newsflash/450084,3
2025-09-27,Hyperdrive HL Lending,777500.0,0.0,777500.0,Hyperliquid L1,Lending,EF,SC-Technical,Protocol Logic,Router Exploit,"The DeFi protocol Hyperdrive, built on the Hyperliquid chain, was exploited. The attacker repeatedly abused an arbitrary call vulnerability in the router, resulting in a loss of approximately $782,000. | Quick Summary On September 28, 2025, Hyperdrive, a lending protocol on the Hyperliquid blockchain, lost approximately $782,000 after an attacker exploited a smart contract vulnerability. The breach targeted two key liquidity pools, draining 673,000 USDT0 and 110,244 thBILL tokens, marking the th","defi_rekt,defillama,slowmist",https://api.llama.fi/hacks | https://de.fi/rekt-database?id=4118 | https://x.com/hyperdrivedefi/status/1972095669403111519,3
2025-09-28,dTRINITY,56000.0,0.0,56000.0,,DEX,EF,SC-Technical,,Contract Vulnerability,"The DeFi protocol dTRINITY suffered an exploit targeting its swap adapter contracts, resulting in the loss of approximately $56,000 belonging to core team members.",slowmist,https://x.com/dTRINITY_DeFi/status/1972564217904644557,1
2025-10-04,Abracadabra Spell,1725000.0,0.0,1725000.0,Ethereum,Lending,EF,SC-Technical,Protocol Logic,Sequential State Manipulation Exploit,"rekt.news entry; audit=N/A | An unimplemented Action (ID=0) in the `cook()` function initializes `CookStatus` to its default value, allowing bypass of the solvency check | BlockSec entry (Business Logic Flaw): tx=0x842aae91.. attacker=0x1aaade3e.. | Quick Summary On October 4, 2025, Abracadabra Money (MIM_Spell) was exploited for approximately $1.7 million due to a critical flaw in the cook function's implementation logic. The attacker bypassed solvency checks by exploiting a vulnerability where","blocksec,defi_rekt,defillama,kismp,rekt",https://api.llama.fi/hacks | https://blocksec.com/security-incident?hash=0x842aae91c89a9e5043e64af34f53dc66daf0f033ad8afbf35ef0c93f99a9e5e6 | https://de.fi/rekt-database?id=4121 | https://github.com/kismp123/DeFi-Security-Incident/blob/main/2025/2025-10-04_Abracadabra_BusinessLogic_ETH.md | https://rekt.news/leaderboard | https://x.com/Phalcon_xyz/status/1974533451408986417,5
2025-10-04,MIN Spell,1790000.0,0.0,1790000.0,,Stablecoin,EF,SC-Technical,,Contract Vulnerability,"MIN Spell posted on X that the team discovered a security vulnerability affecting some deprecated V4 Cauldrons on the Ethereum mainnet. During the attack, the attacker minted 1.79 million MIM. Shortly afterward, the DAO Treasury identified and fixed the vulnerability, confirmed that no other Cauldrons or user funds were affected, and repurchased all impacted MIM from the market, fully offsetting the impact of the attack.",slowmist,https://x.com/MIM_Spell/status/1975130787486831018,1
2025-10-07,Squid,90000.0,0.0,90000.0,,DEX,EF,SC-Technical,,Exploit/Other/Other,"Quick Summary On October 7, 2025, Squid Router contracts across multiple chains (BSC, Ethereum, Arbitrum, Base, and Optimism) were exploited for approximately $90,000+ due to a simple logic bug in the sponsorOrderUsingPermit2() function. Multiple attackers, some funded through Tornado Cash, drained USDT and USDC tokens by exploiting incorrect token variable handling in the contract's permit2 implementation. Details of the Exploit The vulnerability existed in the sponsorOrderUsingPermit2() functi",defi_rekt,https://de.fi/rekt-database?id=4126,1
2025-10-07,VeloraDEX,20000.0,0.0,20000.0,,DEX,EF,SC-Technical,,Exploit/Other/Other,"Quick Summary On 7th October 2025, an attacker exploited a known vulnerability in VeloraDEX's (formerly ParaSwap) Augustus V6 contract, stealing approximately $20,000 in USDC from a victim who had previously approved the vulnerable contract. This exploit occurred despite VeloraDEX having previously conducted a white hat operation to secure user funds and publicly warning users to revoke permissions to the Augustus V6 contract. Details of the Exploit The vulnerability existed in the Augustus V6 c",defi_rekt,https://de.fi/rekt-database?id=4123,1
2025-10-09,Astera,821856.0,440000.0,381856.0,,Lending,CPBP,SC-Economic,,Exploit/Flash Loan Attack/Flash Loan Attack,"Quick Summary On October 9, 2025, Astera lending protocol on Linea was exploited for approximately $821,856 (8% of TVL) through a sophisticated liquidity index inflation attack. The attacker manipulated the USDT liquidity index from 1 to 154x using flash loan fees against a deliberately reduced supply pool, then borrowed against the artificially inflated collateral to drain three Minipools. Following the exploit, $440,000 (54%) was rescued and $380,000 (46%) was frozen by Linea's security team. ",defi_rekt,https://de.fi/rekt-database?id=4129,1
2025-10-09,Astera.fi,573000.0,0.0,573000.0,Linea,Lending,EF,SC-Technical,Protocol Logic,Oracle Price Feed Manipulation,,defillama,https://api.llama.fi/hacks,1
2025-10-15,Typus Perp,3420000.0,0.0,3420000.0,Sui,Derivatives,CPBP,SC-Economic,Protocol Logic,TLP Contract Exploit,"Access Control Issue — `update_tlp_price` lacked a capability parameter, allowing any address to overwrite the TLP oracle NAV | BlockSec entry (Access Control Issue): tx=8stTi5mYWF..; tx=6KJvWtmrZD.. | Quick Summary On October 15, 2025, Typus Finance suffered an oracle manipulation exploit that drained approximately $3.44 million from the TLP (Typus Liquidity Pool) contract on the Sui blockchain. The attacker exploited a missing authorization check in the oracle module to manipulate prices and d","blocksec,defi_rekt,defillama,kismp,slowmist",https://api.llama.fi/hacks | https://blocksec.com/security-incident?hash=8stTi5mYWFtwoKNW1YiHRnhkXe48qPjgZHTHgXUzm9ZV | https://de.fi/rekt-database?id=4127 | https://github.com/kismp123/DeFi-Security-Incident/blob/main/2025/2025-10-15_TypusFinance_OracleAccessControl_Sui.md | https://medium.com/@TypusFinance/typus-finance-tlp-oracle-exploit-post-mortem-report-response-plan-ce2d0800808b,5
2025-10-20,Sharwa.Finance,146000.0,40000.0,106000.0,Arbitrum,Derivatives,CPBP,SC-Economic,Protocol Logic,Price Manipulation Attack,"According to a BlockSec Phalcon alert, Sharwa.Finance disclosed that it had suffered an attack and subsequently suspended operations. However, several hours later, multiple suspicious transactions occurred again, suggesting that the attacker might have exploited the same underlying vulnerability through slightly different attack paths.In general, the attacker first created a margin account, then used the provided collateral to borrow additional assets through leveraged lending, and finally launc","blocksec,defi_rekt,defillama,kismp,slowmist",https://api.llama.fi/hacks | https://blocksec.com/security-incident?hash=0xb0bf77475818b2501e78f0927f4131e52c6efd45bc4978992cbbe218a57e6f7f | https://de.fi/rekt-database?id=4128 | https://github.com/kismp123/DeFi-Security-Incident/blob/main/2025/2025-10-20_SharwaFinance_BusinessLogic_ARB.md | https://x.com/Phalcon_xyz/status/1980220633335349598 | https://x.com/phalcon_xyz/status/1980219745480946087?s=46,5
2025-10-27,402bridge,17000.0,0.0,17000.0,Base,Bridge,EF,SC-Technical,Infrastructure,Private Key Compromised (Stored Publicly),"Quick Summary On October 27, 2025, 402Bridge was exploited for approximately $17,693 USDC after the contract creator's admin private key was compromised. The attacker transferred contract ownership to a malicious address and drained funds from over 200 wallets that had granted token approvals, then bridged the stolen funds through multiple chains to Arbitrum. Details of the Exploit The vulnerability stemmed from 402Bridge's operational architecture where admin private keys were stored on an inte","defi_rekt,defillama,slowmist",https://api.llama.fi/hacks | https://de.fi/rekt-database?id=4130 | https://x.com/402bridge/status/1982859472629559796,3
2025-10-30,Garden,10900000.0,0.0,10900000.0,"Ethereum,Arbitrum,Base,Solana",Bridge,EF,SC-Technical,Solver Exploit,Private Key Compromised,"BlockSec entry (Compromised Private Key): tx=0x71907833.. attacker=0x3fdee07b..; tx=0x51bf1c3a.. attacker=0x3fdee07b..; tx=0x3b9d8f79.. attacker=0x3fdee07b.. | Quick Summary On October 30, 2025, Garden Finance, a cross-chain DeFi platform, suffered a major exploit resulting in approximately $10.8-11 million in losses across multiple blockchains. The attacker drained liquidity pools containing WBTC, USDC, and USDT before converting them to ETH, with Garden offering a 10% white-hat bounty for fund","blocksec,defi_rekt,defillama,slowmist",https://api.llama.fi/hacks | https://blocksec.com/security-incident?hash=0x71907833b95cbd129a3c18e9f73bfe33cdd37767b8c7ea373450fdb78a6f3433 | https://de.fi/rekt-database?id=4131 | https://x.com/jzgulati/status/1984127214959624421,4
2025-11-03,Berachain,12800000.0,0.0,12800000.0,,DEX,EF,SC-Technical,,Contract Vulnerability,"Berachain announced that approximately USD 12.8 million in funds lost due to the BEX/Balancer v2 vulnerability have been fully returned to the Berachain Foundation’s deployer address, and the blockchain has now resumed normal operations.",slowmist,https://x.com/berachain/status/1985742874361651206,1
2025-11-03,Beets,3000000.0,0.0,3000000.0,,DEX,EF,SC-Technical,,Exploit/Access control/Access Control,"Quick Summary On November 3, 2025, Beets Fi protocol on Sonic Labs suffered an exploit targeting Balancer V2 pools. Sonic's security team responded by deploying an emergency safety mechanism that froze two suspected attacker wallets, with $3M worth of USD on their balance. Two Balancer V2 pools (stS/S and stS/wOS) were impacted, while V3 pools and the stS LST token remained unaffected. Details of the Exploit The attack targeted two specific Balancer V2 pools on the Beets DEX: the stS/S pool and ",defi_rekt,https://de.fi/rekt-database?id=4134,1
2025-11-03,Balancer V2,128000000.0,48800000.0,79200000.0,"Ethereum,Arbitrum,Base,Polygon,Sonic,Optimism",DEX,EF,SC-Technical,Protocol Logic,Composable Stable Pools Exploit,"Invariant D manipulation via Rounding Direction Mismatch in scaling logic | BlockSec entry (Precision Loss): tx=0x5258dcfd.. attacker=0x00000000..; tx=0x2a0ead4e.. attacker=0x506d1f9e..; tx=0x6256d6e9.. attacker=0x506d1f9e.. | Quick Summary On November 3, 2025, Balancer V2 suffered a major smart contract exploit across multiple chains, resulting in approximately $128 million in losses. The attacker exploited a vulnerability in the Vault's manageUserBalance function, specifically targeting improp","blocksec,defi_rekt,defillama,kismp,rekt,slowmist",https://api.llama.fi/hacks | https://blocksec.com/security-incident?hash=0x5258dcfdd5fa04a81648e1e6d8caffd7438cf27d6bcfc8d1cb0e8c005307eee1 | https://de.fi/rekt-database?id=4132 | https://github.com/kismp123/DeFi-Security-Incident/blob/main/2025/2025-11-03_BalancerV2_PrecisionLoss_ARB.md | https://rekt.news/leaderboard | https://twitter.com/BlockSecTeam/status/1986057732810518640 | https://x.com/balancer/status/1990856260988670132,6
2025-11-04,Stream Finance,93000000.0,0.0,93000000.0,,Yield,IF,Cyber-Operational,,Exploit/Other/Other,"Quick Summary On November 4, 2025, Stream Finance disclosed that an external fund manager overseeing Stream funds lost approximately $93 million in assets, triggering a cascade of collateral damage estimated at $285 million across the DeFi ecosystem. The incident caused Stream's synthetic tokens (xUSD, xBTC, xETH) to lose their pegs, with xUSD plummeting from $1.3 to $0.3, affecting numerous lending platforms and treasury positions. Details of the Exploit The $93 million loss was disclosed by an",defi_rekt,https://de.fi/rekt-database?id=4135,1
2025-11-04,Moonwell Lending,1035000.0,0.0,1035000.0,"Base,Optimism",Lending,EF,SC-Technical,Protocol Logic,Oracle Price Feed Manipulation,"BlockSec entry (Others): tx=0x815715ad.. attacker=0x6997a8c8..; tx=0x26abab9d.. attacker=0x6997a8c8..; tx=0xd74224ba.. attacker=0x6997a8c8.. | Quick Summary On November 4, 2025, Moonwell DeFi on Base was exploited for approximately $3.7 million due to a catastrophic oracle malfunction that valued wrsETH at $5.8 billion. The same attacker from a previous October 10 exploit used minimal wrsETH collateral (flash loaned amounts as small as 0.00065 wrsETH) to borrow millions in various assets within ","blocksec,defi_rekt,defillama,slowmist",https://api.llama.fi/hacks | https://blocksec.com/security-incident?hash=0x815715adbf5032d1b968d5fda6c3589d2f4d3ab0b7a12c42f7f6a3cddbf99ff9 | https://de.fi/rekt-database?id=4133 | https://x.com/CertiKAlert/status/1985620452992253973 | https://x.com/Phalcon_xyz/status/1985617123700289790,4
2025-11-04,Dexodus Finance,144000.0,0.0,144000.0,Base,Derivatives,EF,SC-Technical,,Vulnerable Price Dependency,BlockSec entry (Vulnerable Price Dependency): tx=0x7501847c.. attacker=0x5b58325e..,blocksec,https://blocksec.com/security-incident?hash=0x7501847c70d2cdcfbb8c6bd3585640f568cd287242b64027e5a829646e084257 | https://x.com/DexodusFinance/status/1986418250935119961,1
2025-11-10,DRLVaultV3,100000.0,0.0,100000.0,Ethereum,Yield,EF,SC-Technical,,Access Control Issue,BlockSec entry (Access Control Issue): tx=0xe3eab35b.. attacker=0xc0ffeeba..,blocksec,https://blocksec.com/security-incident?hash=0xe3eab35b288c086afa9b86a97ab93c7bb61d21b1951a156d2a8f6f5d5715c475,1
2025-11-11,Impermax V3,380000.0,0.0,380000.0,Base,Lending,EF,SC-Technical,Protocol Logic,Zero-Rate Hack,"Quick Summary On November 11, 2025, Impermax V3 suffered an exploit that drained approximately 5.39 cbBTC (~$380,000 or ~110 ETH) from its cbBTC lending vault on Base. The attacker exploited a rounding error vulnerability in the liquidation mechanism combined with exchange rate manipulation to drain funds from the vault through the flashAllocate function. Details of the Exploit The sophisticated multi-step attack exploited two key vulnerabilities: a rounding error in the liquidation mechanism an","defi_rekt,defillama",https://api.llama.fi/hacks | https://de.fi/rekt-database?id=4137,2
2025-11-13,Hyperliquid,4950000.0,0.0,4950000.0,,Derivatives,CPBP,SC-Economic,,Price Manipulation,"According to Arkham’s monitoring, an attacker allegedly carried out a deliberate exploit against HLP (Hyperliquidity Provider) on Hyperliquid. The attacker used 19 wallets and $3 million in principal to open a leveraged long position worth $20–30 million on POPCAT with 5× leverage, while placing large buy walls to support the price. Subsequently, the attacker suddenly removed the buy walls, causing a flash crash in POPCAT’s price and triggering the liquidation of their $3 million collateral to z",slowmist,https://x.com/arkham/status/1988662381535216125,1
2025-11-21,Aerodrome,700000.0,0.0,700000.0,,DEX,EF,SC-Technical,,Domain Hijacking,"Aerodrome, a DEX built on Base, posted on X that the centralized domains of Velodrome and Aerodrome were hijacked on November 21 due to an internal security vulnerability at NameSilo, resulting in redirection to malicious content. With the rapid response from security partners including Blockaid, Groom Lake, Security Alliance, and FTI Consulting, MetaMask and Coinbase Wallet displayed warnings within two minutes, and the issue was fully mitigated within four hours. The incident resulted in appro",slowmist,https://x.com/AerodromeFi/status/1992693120614727758,1
2025-11-22,Raga Finance,18500.0,0.0,18500.0,Hyperliquid L1,Yield,BDSF,Blockchain-Infrastructure,Infrastructure,HyperEVM Delta Neutral Exploit,,defillama,https://api.llama.fi/hacks,1
2025-11-24,Agentic FoF,531000.0,0.0,531000.0,,Yield,EF,SC-Technical,,Unknown,"BasisOS disclosed on X: “Due to a security breach, the Agentic FoF was compromised, resulting in approximately USD 531,000 in leaked funds. All vaults have now been suspended, and withdrawals from the Agentic FoF have also been paused pending the results of an internal investigation.”",slowmist,https://x.com/BasisOS/status/1992689112491725207?s=20,1
2025-11-30,Yearn Ether,9000000.0,0.0,9000000.0,Ethereum,Yield,EF,SC-Technical,Protocol Logic,yETH stablepool Exploit,"rekt.news entry; audit=N/A | BlockSec entry (Others): tx=0x53fe7ef1.. attacker=0xfb63aa93.. | Quick Summary On November 30, 2025, Yearn Finance suffered a $9 million exploit via an infinite mint vulnerability in its yETH pool; the attacker minted 235 trillion yETH tokens, laundered $3 million through Tornado Cash, and holds $6 million in the exploiter's wallet with no funds recovered. Details of the Exploit The exploit occurred around 21:11 UTC on November 30, 2025, when a malicious wallet execu","blocksec,defi_rekt,defillama,rekt,slowmist",https://api.llama.fi/hacks | https://blocksec.com/security-incident?hash=0x53fe7ef190c34d810c50fb66f0fc65a1ceedc10309cf4b4013d64042a0331156 | https://de.fi/rekt-database?id=4140 | https://de.fi/rekt-database?id=4148 | https://rekt.news/leaderboard | https://x.com/PeckShieldAlert/status/1995311852310675537 | https://x.com/PeckShieldAlert/status/2001080131360842011 | https://x.com/Phalcon_xyz/status/1995430697478361268,5
2025-12-02,Goldfinch Finance (RWA Lending Protocol),330000.0,0.0,330000.0,Ethereum,Lending,EF,SC-Technical,,Exploit,"`collectInterestRepayment(address from, uint256 amount)` does not validate the `from` argument, allowing direct withdrawal of USDC from any victim address that has granted unlimited approval to the contract | BlockSec entry (Others): tx=0xd462ce89.. attacker=0xcafeb66a..; tx=0x3a8bde0a.. attacker=0x2c2ec355.. | Quick Summary A Goldfinch Finance user (deltatiger.eth) was attacked through a vulnerability in an old contract on Ethereum, resulting in approximately $330,000 loss. &nbsp;The attacker e","blocksec,defi_rekt,kismp,slowmist",https://blocksec.com/security-incident?hash=0xd462ce892166e041f303af47340ae50d22b3cadc55be65cecbfcab8f5d48e149 | https://de.fi/rekt-database?id=4141 | https://github.com/kismp123/DeFi-Security-Incident/blob/main/2025/2025-12-02_Goldfinch_Exploit_ETH.md | https://x.com/GoPlusZH/status/1995842787078475801 | https://x.com/Phalcon_xyz/status/1995777031221780657,4
2025-12-04,US Permissionless Dollar,1000000.0,0.0,1000000.0,Ethereum,Stablecoin,EF,SC-Technical,Protocol Logic,"""CPIMP"" proxy front-run","rekt.news entry; audit=N/A | According to PeckShieldAlert, the stablecoin project USPD has suffered a major security breach, resulting in approximately $1 million in losses. The USPD team later confirmed that the protocol had been exploited, with the attacker minting tokens without authorization and draining liquidity. The official team has urgently advised users to revoke all token approvals granted to the USPD contract. According to the project’s confirmation, the incident was identified as a ","defi_rekt,defillama,rekt,slowmist",https://api.llama.fi/hacks | https://de.fi/rekt-database?id=4142 | https://rekt.news/leaderboard | https://x.com/PeckShieldAlert/status/1996826080741937213,4
2025-12-06,WaveX,430000.0,0.0,430000.0,,DEX,EF,SC-Technical,,Exploit/Other/Other,"Quick Summary On December 6, 2025, waveX protocol detected an abnormal transaction exploiting a vulnerability in their vault-related contract logic, resulting in approximately $430,000 in losses after prompt mitigation; the team immediately initiated investigation and containment procedures, with the impact limited to vault contracts while staking and other components remained unaffected, and waveX has committed to fully compensating all user losses with withdrawals scheduled to resume on Decemb",defi_rekt,https://de.fi/rekt-database?id=4146,1
2025-12-08,DMi,124000.0,0.0,124000.0,,DEX,EF,SC-Technical,,Exploit/Other/Other,"Quick Summary On December 8, 2025, the DMi token on BSC Chain suffered an AMM reserve-manipulation exploit, resulting in the theft of approximately 138.68 WBNB (~$124,400 USD). Details of the Exploit The vulnerability originated from a critical asymmetry in the DMi token's transfer implementation: when tokens were sent to the PancakeSwap liquidity pair using transfer(), the contract silently redirected 100% of the tokens to a fee/burn address instead of delivering them to the pair, while transfe",defi_rekt,https://de.fi/rekt-database?id=4143,1
2025-12-11,SixSeven & Prism Protocol (PRISM token),193000.0,0.0,193000.0,BSC (BNB Smart Chain),Other,EF,SC-Technical,,Business Logic,Improper SniperManager role assignment + business logic flaw allowing direct LP pool burn | BlockSec entry (Business Logic Flaw): tx=0xcf7cacfe.. attacker=0x24a619dc..; tx=0xc574f829.. attacker=0x2be28a37..,"blocksec,kismp",https://blocksec.com/security-incident?hash=0xcf7cacfe38dcf090bbfcc91634de364e62ef3715fdc8d6f69e855772b0862237 | https://github.com/kismp123/DeFi-Security-Incident/blob/main/2025/2025-12-11_SixSevenPrism_BusinessLogic_BSC.md,2
2025-12-12,Ribbon,2700000.0,0.0,2700000.0,Ethereum,Derivatives,EF,SC-Technical,Protocol Logic,Private Key Compromised,"rekt.news entry; audit=N/A | Insufficient access control on oracle proxy upgrade — anyone could call `transferOwnership` / `setImplementation` | BlockSec entry (Access Control Issue): tx=0x16eded25.. attacker=0x657cdefc..; tx=0xb73e4594.. attacker=0x657cdefc..; tx=0x9b686c9d.. attacker=0xcf5df51a.. | On December 14, Aevo announced that a vulnerability introduced during a smart contract upgrade led to an attack on the legacy Ribbon DOV vault on December 12, resulting in losses of approximately $2","blocksec,defillama,kismp,rekt,slowmist",https://api.llama.fi/hacks | https://blocksec.com/security-incident?hash=0x16eded2553e0793472a6283093738152de1dd0e2504836856fbcaf88cc4a2687 | https://github.com/kismp123/DeFi-Security-Incident/blob/main/2025/2025-12-12_RibbonFinance_AccessControl_ETH.md | https://rekt.news/leaderboard | https://x.com/ribbonfinance/status/2000003294563905765 | https://x.com/specteranalyst/status/1999532982411854109?s=46,5
2025-12-14,Mars Perps,960000.0,0.0,960000.0,Neutron,Derivatives,EF,SC-Technical,Protocol Logic,Thin-Market Skew Exploit,,defillama,https://api.llama.fi/hacks,1
2025-12-16,FutureSwap,548000.0,0.0,548000.0,Ethereum,Derivatives,CPBP,SC-Economic,Protocol Logic,Flashloan Governance Attack,"BlockSec entry (Governance Attack): tx=0x39e584cd.. attacker=0xcd7c839c..; tx=0x761f0286.. attacker=0xcd7c839c..; tx=0x23c6a1e3.. attacker=0xcd7c839c.. | According to monitoring by SlowMist’s MistEye security monitoring system, potential suspicious activities related to @futureswapx have been detected. Further analysis indicates that the root cause lies in an attacker creating a malicious proposal and leveraging flash loans to vote, ultimately granting privileges to the attack contract and enabl","blocksec,defillama,slowmist",https://api.llama.fi/hacks | https://blocksec.com/security-incident?hash=0x39e584cdb52adf6b2ed5bb44bfda0e1b254cb0a3925911cc33d842feaf0a8b95 | https://x.com/SlowMist_Team/status/2001138489656766726,3
2025-12-16,iEarn,300000.0,0.0,300000.0,Ethereum,Yield,EDPM,Cyber-Operational,,Misconfiguration,BlockSec entry (Misconfiguration): tx=0x78921ce8.. attacker=0xcaca279d..,blocksec,https://blocksec.com/security-incident?hash=0x78921ce8d0361193b0d34bc76800ef4754ba9151a1837492f17c559f23771c43 | https://x.com/yearnfi/status/2001094653391614171,1
2025-12-16,Yearn IV,293000.0,0.0,293000.0,,Yield,EF,SC-Technical,,,rekt.news entry; audit=N/A,rekt,https://rekt.news/leaderboard,1
2025-12-18,Rari Capital,2000000.0,0.0,2000000.0,Ethereum,Lending,EF,SC-Technical,Protocol Logic,Uninitialized Proxy Hijack,BlockSec entry (Compromised Private Key): tx=0x88902bd4.. attacker=0x912f8c41..; tx=0xa2e1e141.. attacker=0x912f8c41..; tx=0xb36ebabc.. attacker=0x912f8c41.. | BlockSec entry (Compromised Private Key): tx=0x53adfab3.. attacker=0x912f8C41..; tx=0x97f2af21.. attacker=0x912f8C41..; tx=0xee5114f8.. attacker=0x912f8C41..,"blocksec,defillama",https://api.llama.fi/hacks | https://blocksec.com/security-incident?hash=0x53adfab3a15ce75fe4327cd16b7708937948bf758200d1b0e21d30707c406d8e | https://blocksec.com/security-incident?hash=0x88902bd42ef8186d457ea0462f6b352e306ea8486e92b0fcf716318904f9869e | https://x.com/zmtO21/status/2001585158106026270,2
2025-12-28,MSCST,129950.0,0.0,129950.0,BSC,DEX,CPBP,SC-Economic,Protocol Logic,Atomic Sandwich Attack,"On the BSC network, an unknown smart contract MSCST suffered a flash loan attack, resulting in an estimated loss of approximately $130,000. The root cause of the exploit lies in the lack of access control (ACL) within the releaseReward() function of the MSCST contract, which allowed the attacker to manipulate the price of the GPC token in the PancakeSwap liquidity pool (address: 0x12da).","defillama,slowmist",https://api.llama.fi/hacks | https://x.com/Phalcon_xyz/status/2005518274864595002,2
2025-12-30,Unleash Protocol,3900000.0,0.0,3900000.0,Story,Lending,EF,SC-Technical,Protocol Logic,Multisig Governance Hack,"Quick Summary On December 30, 2025, Unleash Protocol's multisig governance was compromised, allowing an attacker to execute an unauthorized contract upgrade and drain approximately $3.9 million in various tokens (WIP, USDC, WETH, stIP, vIP), with 1337.1 ETH &nbsp;laundered through Tornado Cash from address 0xc946981F5dFBFA10cf858B95d51Fc06DCD15BfE3. Details of the Exploit The incident originated within Unleash Protocol's governance and permission framework when an externally owned address obtain","defi_rekt,defillama,slowmist",https://api.llama.fi/hacks | https://de.fi/rekt-database?id=4152 | https://x.com/UnleashProtocol/status/2005907998691229933,3
2026-01-01,PRXVT,97000.0,0.0,97000.0,Base,Other,EF,SC-Technical,Protocol Logic,Sybil Attack with CREATE2 Addresses,"PRXVT staking contract was exploited on January 1, 2026, via a Sybil Attack using CREATE2 addresses. The attacker drained approximately $97K from the protocol.","defillama,slowmist",https://api.llama.fi/hacks | https://smartcontractshacking.com/hacks/prxvt-hack-2026,2
2026-01-03,Valinity,63000.0,0.0,63000.0,,Lending,CPBP,SC-Economic,,Exploit/Oracle Issue/Oracle Issue,"Quick Summary On January 3, 2026, Valinity DeFi suffered a $63,000 exploit due to a business logic flaw in its rebalancing mechanism. Details of the Exploit The vulnerability stemmed from a business logic flaw rather than simple price manipulation in Valinity's rebalancing system. VY token functions as a synthetic asset that users can utilize as collateral to borrow BTC, ETH, and PAXG. The protocol implements an anyone-can-call function named acquireByLTVDisparity designed to rebalance VY holdin",defi_rekt,https://de.fi/rekt-database?id=4153,1
2026-01-05,TMX TRIBE,1400000.0,0.0,1400000.0,Arbitrum,DEX,EF,SC-Technical,Protocol Logic,Mint & Stake Loop Exploit,"rekt.news entry; audit=N/A | According to CertiK Alert, a vulnerability involving a contract related to TMX on Arbitrum has been detected, with estimated losses of around $1.4 million. During the exploit loop, the attacker minted and staked TMX LP tokens using USDT, then swapped USDT for USDG, unstaked, and sold even more USDG. | Quick Summary On January 6, 2026, TMX decentralized exchange on Arbitrum suffered a $1.4 million exploit through an unverified contract when an attacker repeatedly exec","defi_rekt,defillama,rekt,slowmist",https://api.llama.fi/hacks | https://de.fi/rekt-database?id=4154 | https://rekt.news/leaderboard | https://x.com/certikalert/status/2008360565010559045?s=46&amp;t=DLwbX9Nw4QECiyZQ0av-fg,4
2026-01-05,OLY,63400.0,0.0,63400.0,,Other,CPBP,SC-Economic,,Sandwich attack,"According to TenArmorAlert, a sandwich attack involving OLY has been detected on BSC, causing estimated losses of around $63,400.",slowmist,https://x.com/TenArmorAlert/status/2007999080794833369,1
2026-01-05,USDGambit and TLP,1500000.0,0.0,1500000.0,,Derivatives,EF,SC-Technical,,Deployer Account Compromise,"Multiple suspicious transactions involving proxy contracts were detected on Arbitrum (ARB), with estimated losses of approximately $1.5 million. Preliminary analysis indicates that the sole deployer of the USDGambit and TLP projects may have lost access to their account. Subsequently, the attacker deployed a new contract and updated the ProxyAdmin permissions to seize control. The stolen funds were then bridged to the Ethereum network and deposited into Tornado Cash.",slowmist,https://x.com/CyversAlerts/status/2008100710483685488?s=20,1
2026-01-06,Fusion by IPOR,336000.0,336000.0,0.0,Arbitrum,Yield,EF,SC-Technical,Protocol Logic,EIP-7702 Delegation Exploit,"Fusion has released a security update stating that its IPOR USDC Fusion Optimizer contains a vulnerability in the Arbitrum Vault. The IPOR team was notified and confirmed on January 6 that the vulnerability had resulted in a loss of approximately $336,000 USDC. This exploit only affected a specific older version of the Fusion Vault, and due to its unique configuration, it was the only vault susceptible to this particular attack vector. According to further analysis by SlowMist, the root cause of","defi_rekt,defillama,slowmist",https://api.llama.fi/hacks | https://de.fi/rekt-database?id=4155 | https://x.com/ipor_io/status/2008728627190321480,3
2026-01-08,Truebit,26420000.0,0.0,26420000.0,Ethereum,DEX,EF,SC-Technical,Protocol Logic,Bonding Curve Exploit,"rekt.news entry; audit=N/A | Quick Summary On January 8, 2026, Truebit Protocol suffered a $26.5 million exploit when an attacker exploited an integer overflow vulnerability in the getPurchasePrice() function, allowing them to mint hundreds of millions of TRU tokens for 0 ETH and sell them, draining 8,535 ETH from contract 0x764C64b2A09b09Acb100B80d8c505Aa6a0302EF2, causing TRU token to drop 100% in value. Details of the Exploit CertiK's analysis identified the root cause as a calculation overfl","defi_rekt,defillama,rekt,slowmist",https://api.llama.fi/hacks | https://de.fi/rekt-database?id=4157 | https://rekt.news/leaderboard | https://x.com/lookonchain/status/2009303499927154909,4
2026-01-10,FutureSwap,234371.5,0.0,234371.5,Arbitrum,DEX,EF,SC-Technical,,Unit Mismatch,"Fees are calculated and passed as token unit amounts, but FeeManager interprets them as basis points (bps), resulting in abnormally large fees being charged | The FutureSwap protocol deployed on Arbitrum was exploited again via a reentrancy vulnerability, following its first attack four days ago, resulting in a loss of approximately $74,000. The attacker had previously abused the reentrancy function 0x5308fcb1 three days earlier to over-mint LP tokens, and after the cooldown period expired, rede","kismp,slowmist",https://github.com/kismp123/DeFi-Security-Incident/blob/main/2026/2026-01-10_FutureSwap_UnitMismatch.md | https://x.com/phalcon_xyz/status/2011404828115866061?s=46,2
2026-01-13,YO Protocol,3715000.0,0.0,3715000.0,Ethereum,Yield,EF,SC-Technical,Protocol Logic,Slippage Exploit,"Quick Summary On January 13, 2026, Yo Yield Protocol suffered a $3.73 million loss during a Vault operation when 3.84 million GHO was swapped for only 112,000 USDC due to extreme slippage, resulting in a 97% value loss on what should have been a near 1:1 stablecoin exchange. Details of the Exploit The incident occurred during a routine Yo Vault operation involving a swap from staked GHO (stkGHO) to USDC. Under normal circumstances, both GHO and USDC are stablecoins pegged to the US dollar and sh","defi_rekt,defillama",https://api.llama.fi/hacks | https://de.fi/rekt-database?id=4159,2
2026-01-17,Meteora DAMM V2,1500000.0,0.0,1500000.0,Solana,DEX,EF,SC-Technical,Infrastructure,Fake OTC Deal,"Meteora suffered a $1.5 million USDC loss in a fake OTC escrow scam while attempting to buy back its $MET token. Scammers deceived the team using a fraudulent escrow setup for an OTC deal. This was not a smart contract exploit but a social engineering attack. The incident was disclosed in Meteora’s Q1 2026 Token Holder Report, where they also mentioned filing a police report. The protocol used $1M USDC for legitimate buybacks separately.","defillama,slowmist",https://api.llama.fi/hacks | https://www.mexc.com/zh-TW/news/1064102,2
2026-01-19,Makina,5000000.0,2700000.0,2300000.0,Ethereum,DEX,CPBP,SC-Economic,Protocol Logic,Flashloan Price Oracle Attack,"rekt.news entry; audit=N/A | Artificially inflated DUSD price via Curve pool manipulation, distorting Makina's totalAum and Caliber accounting | BlockSec entry (Vulnerable Price Dependency): tx=0x569733b8.. attacker=0x935bfb49.. | Quick Summary On January 20, 2026, Makina Finance suffered a $5 million exploit through oracle manipulation when an attacker used a 280 million USDC flash loan to manipulate MachineShareOracle price data, draining the DUSD/USDC Curve pool, with the majority ($4.14M) fr","blocksec,defi_rekt,defillama,kismp,rekt",https://api.llama.fi/hacks | https://blocksec.com/security-incident?hash=0x569733b8016ef9418f0b6bde8c14224d9e759e79301499908ecbcd956a0651f5 | https://de.fi/rekt-database?id=4161 | https://github.com/kismp123/DeFi-Security-Incident/blob/main/2026/2026-01-20_Makina_PriceOracleManipulation.md | https://rekt.news/leaderboard | https://x.com/Phalcon_xyz/status/2014026567043916033,5
2026-01-19,SynapLogic,186000.0,0.0,186000.0,,DEX,EF,SC-Technical,,Smart Contract Vulnerability,"According to a BlockSec alert, the SynapLogic contract lacked critical parameter validation in the swapExactTokensForETHSupportingFeeOnTransferTokens function, allowing attackers to manipulate the whitelist logic and designate arbitrary recipient addresses. In addition, the contract failed to verify whether the total amount of native tokens distributed exceeded the actual payment made, enabling attackers to withdraw excess native tokens while simultaneously receiving newly minted SYP, resulting ","defi_rekt,slowmist",https://de.fi/rekt-database?id=4162 | https://x.com/Phalcon_xyz/status/2013439544595562898,2
2026-01-20,MakinaFi,4130000.0,0.0,4130000.0,,Yield,BDSF,Blockchain-Infrastructure,,Smart Contract Vulnerability,"According to PeckShieldAlert monitoring, the Makinafi protocol was exploited by hackers, resulting in a loss of approximately 1,299 ETH (about $4.13 million). The stolen funds are currently held in two addresses: 0xbed2...dE25 (around $3.3 million) and 0x573d...910e (around $880,000). News on January 23: Makina, a DeFi execution engine, posted on X stating that at 21:15 on January 22, the MEV Builder returned funds according to the SEAL Safe Harbor, deducting a 10% bounty. Approximately 920 ETH ",slowmist,https://x.com/PeckShieldAlert/status/2013468943193645085,1
2026-01-25,HypurrFi,84000.0,0.0,84000.0,,Lending,EF,SC-Technical,,Exploit/Other/Other,"Quick Summary On January 25, 2026, HypurrFi suffered an $84,000 exploit when unaudited helper code designed for streamlining swaps into lending positions was unintentionally included in a release, with the vulnerability isolated to the EulerVaultGateway contract on HyperEVM. Details of the Exploit The incident occurred due to an operational error during HypurrFi's recent release process. The team had been internally developing helper code intended to streamline user experience by enabling direct",defi_rekt,https://de.fi/rekt-database?id=4164,1
2026-01-25,Aperture LM,3200000.0,0.0,3200000.0,"Ethereum,Base,BSC",DEX,EF,SC-Technical,Protocol Logic,nan,,defillama,https://api.llama.fi/hacks,1
2026-01-25,Matcha,13430000.0,0.0,13430000.0,"Base,Ethereum",DEX,EF,SC-Technical,Protocol Logic,Unlimited Approval Exploit,"Unvalidated arbitrary external call in router contract enables theft of approved tokens | BlockSec entry (Arbitrary Call): tx=0x25c08b38.. attacker=0x58ceaef9..; tx=0x6d49748b.. attacker=0x70ad9ef5..; tx=0x6ce28d38.. attacker=0x632400f4.. | Quick Summary On January 25, 2026, SwapNet and Aperture Finance suffered a combined $17 million exploit across Ethereum, Arbitrum, Base, and BSC when attackers exploited an arbitrary call vulnerability in non-open-source contracts to abuse existing token appr","blocksec,defi_rekt,defillama,kismp,slowmist",https://api.llama.fi/hacks | https://blocksec.com/security-incident?hash=0x25c08b3882ade18cbbda81521afff7239c0e91d050f6c178968802cb1b2e2b04 | https://de.fi/rekt-database?id=4165 | https://github.com/kismp123/DeFi-Security-Incident/blob/main/2026/2026-01-25_SwapNet_ArbitraryCall_ARB.md | https://x.com/PeckShieldAlert/status/2015608261119217671 | https://x.com/Phalcon_xyz/status/2015614087443697738,5
2026-01-25,Aperture Finance (Uniswap V3/V4 Liquidity Management Protocol),3670000.0,0.0,3670000.0,"Ethereum (+ Arbitrum, Base — Multi-chain attack)",DEX,EF,SC-Technical,,Unverified Input,"Unvalidated target address and calldata in low-level external calls within the helper module — arbitrary fund theft | BlockSec entry (Lack of Input Validation): tx=0xa6fabda0.. attacker=0xfde0d157..; tx=0x50dd9248.. attacker=0x5ff8645b..; tx=0x11f7cc72.. attacker=0x58ceaef9.. | Quick Summary On January 25, 2026, Aperture Finance V3/V4 contracts suffered a $3.67M exploit across 11 chains when attackers exploited an arbitrary call vulnerability in non-open-source contracts, allowing them to abuse ","blocksec,defi_rekt,kismp,slowmist",https://blocksec.com/security-incident?hash=0xa6fabda0bab72c210b176844e42a02c15056bca9422c6ac602e272ce1e00f689 | https://de.fi/rekt-database?id=4172 | https://github.com/kismp123/DeFi-Security-Incident/blob/main/2026/2026-01-25_ApertureFinance_UnverifiedInput_ETH.md | https://x.com/ApertureFinance/status/2015938720453820752 | https://x.com/Phalcon_xyz/status/2015614087443697738,4
2026-01-27,PGNLZ token,100000.0,0.0,100000.0,,DEX,CPBP,SC-Economic,,Exploit/Flash Loan Attack/Flash Loan Attack,"Quick Summary On January 27, 2026, the PGNLZ token on BSC suffered a ~$100,000 exploit when an attacker used a flash loan-funded attack to manipulate the PancakeSwap liquidity pool by exploiting the token's burn mechanism, purchasing massive quantities of PGNLZ that triggered automatic burns, drastically reducing pool reserves, then selling back a fraction of tokens for nearly all remaining USDT in the severely imbalanced pool. Details of the Exploit The attacker executed a sophisticated multi-s","defi_rekt,slowmist",https://de.fi/rekt-database?id=4166 | https://x.com/phalcon_xyz/status/2016154398817505595?s=46,2
2026-01-28,Holdstation,146000.0,0.0,146000.0,"Ethereum, Berachain, 480, ZkSync, BSC",DEX,EF,SC-Technical,,Compromised Private Key,"BlockSec entry (Compromised Private Key): tx=0x63194cfd.. attacker=0xa581ed1d..; tx=0x33f34ee3..; tx=0x27204b10.. | Quick Summary On January 28, 2026, Holdstation's Perp DEX on World Chain and BNB Chain suffered a security breach totaling approximately $192,000 (~$66,000 stolen on World Chain, ~$126,000 locked on BNB Chain pending negotiation). Details of the Exploit A core developer installed a malicious IDE extension that exfiltrated an admin private key, compromising four admin wallets. The a","blocksec,defi_rekt",https://blocksec.com/security-incident?hash=0x63194cfda1daddb8c4e9b838f4a3736ebd7222a650fdff156bc77c2739bb2f7b | https://de.fi/rekt-database?id=4168 | https://x.com/Phalcon_xyz/status/2016823122373296583,2
2026-01-28,XPlayer,717000.0,0.0,717000.0,,DEX,CPBP,SC-Economic,,Exploit/Flash Loan Attack/Flash Loan Attack,"Quick Summary On January 28, 2026, the XPlayer platform's XPL token on BSC suffered a $717,000 exploit when an attacker, showing similarities to the PGNLZ exploiter, used multiple flash loans totaling over $168 million to manipulate the PancakeSwap XPL-USDT pool by exploiting the token's automatic burn mechanism, purchasing massive quantities of XPL that triggered a burn of 3.078 trillion tokens, reducing pool reserves to nearly zero, then selling back a fraction for nearly all remaining USDT. D",defi_rekt,https://de.fi/rekt-database?id=4167,1
2026-01-29,Revert Lend,50025.25,0.0,50025.25,Base,Lending,CPBP,SC-Economic,Protocol Logic,Staked Collateral Exploit,"Revert Finance’s newly launched Aerodrome Lend vault on Base was exploited for $50,101. The attacker used a flash loan from Morpho to mint an Aerodrome concentrated liquidity NFT, deposited it as collateral, borrowed USDC, and then exploited a missing safety check in the GaugeManager contract. This allowed unstaking and withdrawing all liquidity from the debt-backed position, leaving the vault with a worthless NFT shell. A second attacker replicated it shortly after. User funds were safe; losses","defi_rekt,defillama,slowmist",https://api.llama.fi/hacks | https://de.fi/rekt-database?id=4173 | https://x.com/revertfinance/status/2017087480772600157,3
2026-01-30,Gyro.finance (Arbitrum Liquidity Management Protocol),700000.0,0.0,700000.0,Arbitrum,DEX,EF,SC-Technical,,Arbitrary Call,Unconfirmed — based on pattern inference only | BlockSec entry (Arbitrary Call): tx=0x51c22898.. attacker=0x7DD4075A..; tx=0x45739a92.. attacker=0x465Cb88B..,"blocksec,kismp",https://blocksec.com/security-incident?hash=0x51c22898a9b9f519a10b0a0be89b9d51c0248adb80cc0f89e57437e15e6c60c7 | https://github.com/kismp123/DeFi-Security-Incident/blob/main/2026/2026-01-30_Gyro_ArbitraryCall_ARB.md | https://x.com/DefimonAlerts/status/2018600445900390567,2
2026-01-30,Gyroscope,807000.0,0.0,807000.0,,Bridge,EF,SC-Technical,,Exploit/Other/Other,"Quick Summary On January 30, 2026, Gyroscope's cross-chain bridge suffered an $807K exploit when an attacker exploited an arbitrary input vulnerability in the bridge contract, bridging 1 wei GYD from Arbitrum to Ethereum with the recipient set to the GYD token contract itself and malicious calldata that triggered unlimited approval. Details of the Exploit The bridge contract's BridgeToken() function lacked proper input validation, accepting user-supplied calldata that would execute on the destin",defi_rekt,https://de.fi/rekt-database?id=4171,1
2026-01-31,Step Finance,35000000.0,0.0,35000000.0,Solana,Other,EF,SC-Technical,Infrastructure,Private Key Compromised,"rekt.news entry; audit=N/A | Quick Summary On January 31, 2026, Step Finance, a Solana DeFi portfolio tracker, suffered a $27-30M treasury breach when an attacker exploited a ""well-known attack vector"" to transfer stake authorization from compromised treasury wallets and drain 261,854 SOL. Details of the Exploit In the early hours of January 31st, an attacker compromised multiple Step Finance treasury wallets and transferred stake authorization to their controlled address. &nbsp;The attacker the","defi_rekt,defillama,rekt,slowmist",https://api.llama.fi/hacks | https://de.fi/rekt-database?id=4169 | https://rekt.news/leaderboard | https://x.com/StepFinance_/status/2018379876642804213,4
2026-02-01,CrossCurve,2900000.0,0.0,2900000.0,nan,Bridge,EF,SC-Technical,Protocol Logic,Spoofed Cross-Chain Messages,"Business logic flaw due to missing access control on `expressExecute()` and Axelar gateway validation bypass | BlockSec entry (Business Logic Flaw): tx=0xb962f53b..; tx=0x803e90bb..; tx=0xaeee0cbe.. | Quick Summary On February 1, 2026, CrossCurve bridge suffered a ~$2.9M exploit across multiple chains when an attacker exploited an authorization bypass vulnerability in the ReceiverAxelar contract. Details of the Exploit The vulnerability existed in the ReceiverAxelar contract's expressExecute() f","blocksec,defi_rekt,defillama,kismp,slowmist",https://api.llama.fi/hacks | https://blocksec.com/security-incident?hash=0xb962f53bb2d0074c5dd278b3fc4c17b8b92e2157d1b8e6972ea07308c4e3ca13 | https://de.fi/rekt-database?id=4170 | https://github.com/kismp123/DeFi-Security-Incident/blob/main/2026/2026-02-01_CrossCurve_BusinessLogic_Celo.md | https://www.theblock.co/post/387939/crosscurve-bridge-exploited-for-approximately-3-million-across-multiple-chains-via-spoofed-messages | https://x.com/Phalcon_xyz/status/2018167679300104449,5
2026-02-14,SOF Token (Space Original Finance),225936.0,0.0,225936.0,BSC (BNB Smart Chain),DEX,CPBP,SC-Economic,,Business Logic,"Burn fee exemption on transfers to mining contract — flash loan drains LP reserve | BlockSec entry (Business Logic Flaw): tx=0xcb5b22d8.. attacker=0x29e5F70e.. | Quick Summary On February 14, 2026, the SOF token on BSC suffered a $248,626 exploit when an attacker used a flash loan to exploit a burn-before-sync vulnerability in the token's sell fee mechanism, draining the liquidity pool by artificially inflating the token price mid-transaction through a strategic burn of 787 SOF tokens. Details o","blocksec,defi_rekt,kismp",https://blocksec.com/security-incident?hash=0xcb5b22d86819b84ef176aee2d6b89f687e74d829560de1bcc63d53fcb2ac68f8 | https://de.fi/rekt-database?id=4179 | https://github.com/kismp123/DeFi-Security-Incident/blob/main/2026/2026-02-14_SOFToken_BusinessLogic_BSC.md | https://x.com/Phalcon_xyz/status/2022617941569867926,3
2026-02-15,Moonwell Lending,1780000.0,0.0,1780000.0,Base,Lending,EDPM,Cyber-Operational,Protocol Logic,cbETH Collateral Exploit,"rekt.news entry; audit=N/A | Faulty Chainlink oracle integration caused cbETH price to be overvalued, allowing excessive borrowing followed by unliquidatable bad debt | BlockSec entry (Misconfiguration): tx=0xb1ec075c..; tx=0x2f4ff77c.. | Quick Summary On February 15, 2026, Moonwell DeFi lending protocol on Base suffered a $1.78M loss when a cbETH price oracle was incorrectly configured to show $1.12 instead of $2,200, triggering mass liquidations where bots repaid minimal debt to receive 1,096.","blocksec,defi_rekt,defillama,kismp,rekt,slowmist",https://api.llama.fi/hacks | https://blocksec.com/security-incident?hash=0xb1ec075c35b2add189477c9509ab344fe8fdf2976d2f329593ca10e47435233b | https://de.fi/rekt-database?id=4174 | https://decrypt.co/358374/oracle-error-leaves-defi-lender-moonwell-1-8-million-bad-debt | https://forum.moonwell.fi/t/mip-x43-cbeth-oracle-incident-summary/2068 | https://github.com/kismp123/DeFi-Security-Incident/blob/main/2026/2026-02-15_Moonwell_FaultyOracle.md | https://rekt.news/leaderboard,6
2026-02-21,IoTeX,4400000.0,0.0,4400000.0,Ethereum,Bridge,EF,SC-Technical,Infrastructure,Private Key Compromised,"BlockSec entry (Compromised Private Key): tx=0x1b5772b2.. attacker=0xE6A191a8..; tx=0x349a6c4f.. attacker=0xE6A191a8..; tx=0x28a25931.. attacker=0xE6A191a8.. | Quick Summary On February 21, 2026, IoTeX's ioTube multi-chain bridge suffered a ~$4.4M exploit on the Ethereum side when attackers compromised the Validator contract owner account, upgraded it to bypass all security checks, and drained bridge reserves while minting 410M CIOTX tokens. Details of the Exploit The attack executed through a f","blocksec,defi_rekt,defillama,slowmist",https://api.llama.fi/hacks | https://blocksec.com/security-incident?hash=0x1b5772b2a0e1f71327e227ed4ff3ef9fbdc63a47cc8a7fb8995aab41dc7d7c3d | https://de.fi/rekt-database?id=4175 | https://x.com/iotex_io/status/2025824807120412842 | https://x.com/iotex_io/status/2025824807120412842?s=46,4
2026-02-22,Blend Pools V2,10722500.0,0.0,10722500.0,Stellar,Lending,CPBP,SC-Economic,Protocol Logic,Price Oracle Manipulation,"Quick Summary On February 22, 2026, the YieldBlox DAO Pool on Stellar's Blend V2 protocol suffered a $10.86M exploit when an attacker manipulated the SDEX price of USTRY (Etherfuse US Treasury stablebond) from ~$1.06 to ~$106.74 by exploiting minimal liquidity, which the Reflector oracle ingested and passed to Blend's health factor calculations, allowing the attacker to borrow 61.25M XLM and 1M USDC against collateral worth only $158,482. Details of the Exploit The attacker exploited extremely l","defi_rekt,defillama,slowmist",https://api.llama.fi/hacks | https://de.fi/rekt-database?id=4177 | https://x.com/blockaid_/status/2057118828740374669?s=46&amp;t=DLwbX9Nw4QECiyZQ0av-fg,3
2026-02-22,Yieldblox,10000000.0,0.0,10000000.0,Stellar (Soroban smart contracts),Lending,CPBP,SC-Economic,,Price Dependency,"rekt.news entry; audit=N/A | Vulnerable Price Dependency — collateral valued using SDEX AMM spot price, manipulable via large sequential swaps | BlockSec entry (Vulnerable Price Dependency): tx=3e81a3f7b6.. attacker=GBO7VUL2TO..; tx=ae721cacee.. attacker=GBO7VUL2TO..","blocksec,kismp,rekt",https://blocksec.com/security-incident?hash=3e81a3f7b6e17cc22d0a1f33e9dcf90e5664b125b9e61f108b8d2f082f2d4657 | https://github.com/kismp123/DeFi-Security-Incident/blob/main/2026/2026-02-22_YieldBlox_PriceDependency_Stellar.md | https://rekt.news/leaderboard | https://x.com/DefimonAlerts/status/2025689939979960539,3
2026-02-23,DGLD,250000.0,0.0,250000.0,,Stablecoin,EF,SC-Technical,,Smart Contract Vulnerability,"DGLD (Swiss physical gold-backed tokenized asset) was exploited due to a legacy edge case in the Ethereum contract’s transferFrom behavior. Attackers minted large amounts of unbacked fake DGLD on Base and dumped them on DEXes. The team promptly paused contracts, froze illicit tokens, and contained the incident. Physical gold was never at risk, all pre-exploit holders retained their backed tokens, with ~$250k economic impact mostly borne by the project.",slowmist,https://dgld.ch/news/post-incident-report-february-2026-exploit,1
2026-02-26,Ploutos Money,390000.0,0.0,390000.0,Ethereum,Lending,EDPM,Cyber-Operational,Protocol Logic,Misconfigured Oracle Exploit,"BlockSec entry (Misconfiguration): tx=0xa17dc37e.. | Quick Summary On February 26, 2026, Ploutos Money, a low-profile DeFi lending platform, suffered a 187.36 ETH (~$388K) loss when its USDC price oracle was misconfigured to reference BTC/USD instead of the proper Chainlink feed, allowing an attacker to deposit 8-9 USDC and borrow nearly 188 ETH. The misconfiguration transaction occurred one block before the exploit, and the protocol's website and social media were immediately deleted post-explo","blocksec,defi_rekt,defillama",https://api.llama.fi/hacks | https://blocksec.com/security-incident?hash=0xa17dc37e1b65c65d20042212fb834974f7faaa961442e3fc05393778705f8474 | https://de.fi/rekt-database?id=4178 | https://x.com/pennysplayer/status/2026892250786242687,3
2026-02-27,Stake Nova,137014.0,0.0,137014.0,,DEX,CPBP,SC-Economic,,Business Logic Vulnerability,"Stake Nova suffered a loss of approximately $137,014, representing about 95% of user deposits. The root cause was an unchecked validation issue in the RedeemNovaSol() function, which led to a flash-loan exploit that drained the liquidity pool. The vulnerability has now been fixed, the dApp has been taken offline, and the website is currently under maintenance. The team is offering a 10% on-chain bounty to the attacker; otherwise, they stated they will continue to pursue accountability.",slowmist,https://x.com/chrisdior777/status/2027080169983295538?s=46&amp;t=DLwbX9Nw4QECiyZQ0av-fg,1
2026-02-28,Wise Lending V2,66000.0,0.0,66000.0,"Arbitrum,Ethereum",Lending,CPBP,SC-Economic,Protocol Logic,Flashloan Exploit,,defillama,https://api.llama.fi/hacks,1
2026-03-02,Curve LlamaLend,240000.0,0.0,240000.0,Ethereum,Lending,EF,SC-Technical,Protocol Logic,Donation Attack,"BlockSec entry (Business Logic Flaw): tx=0xb93506af.. | Quick Summary On March 2, 2026, Curve Lend's LlamaLend suffered a $240K exploit when an attacker manipulated the sDOLA oracle price through a donation attack, forcing liquidations of users who had supplied sDOLA as collateral and borrowed crvUSD. The attacker exploited an incompatibility between Curve Lend's soft-liquidation mechanism and atomically-changeable oracles, causing users to realize instant impermanent losses even though their co","blocksec,defi_rekt,defillama,slowmist",https://api.llama.fi/hacks | https://blocksec.com/security-incident?hash=0xb93506af8f1a39f6a31e2d34f5f6a262c2799fef6e338640f42ab8737ed3d8a4 | https://de.fi/rekt-database?id=4181 | https://llamarisk.com/research/llamalend-sdola-long2-post-mortem | https://x.com/phalcon_xyz/status/2028337639737491748?s=46,4
2026-03-03,V4 Swap Router by z0r0z,42000.0,0.0,42000.0,,DEX,EF,SC-Technical,,Exploit/Access control/Access Control,"Quick Summary On March 3, 2026, the V4 Swap Router by z0r0z on Ethereum suffered a $42,606 exploit when an attacker bypassed authorization checks in the swap() function by crafting non-standard ABI-encoded calldata that exploited hardcoded calldata offsets in an assembly block, draining USDC from wallets that had approved the router. Details of the Exploit The V4 Swap Router contained a critical vulnerability in its swap() function's assembly block, which used hardcoded calldata offsets assuming",defi_rekt,https://de.fi/rekt-database?id=4183,1
2026-03-06,SolvBTC,2715000.0,0.0,2715000.0,Ethereum,Yield,CPBP,SC-Economic,Protocol Logic,Mint Reserves Logic Exploit,"rekt.news entry; audit=N/A | Quick Summary On March 5, 2026, Solv Protocol's BRO (BitcoinReserveOffering) vault suffered a $2.73M exploit when an attacker exploited a double-minting flaw in the mint() function, looping burn, mint operations 22 times to inflate 135 BRO tokens into 567M BRO, then exchanging the inflated balance for 38.0474 SolvBTC. The incident affected fewer than 10 users, with Solv Protocol committing to cover all losses and offering a 10% white hat bounty. Details of the Exploi","defi_rekt,defillama,rekt,slowmist",https://api.llama.fi/hacks | https://de.fi/rekt-database?id=4182 | https://rekt.news/leaderboard | https://x.com/SolvProtocol/status/2029612210490933697,4
2026-03-09,MT Token,242000.0,0.0,242000.0,Ethereum,Other,EF,SC-Technical,,Business Logic Flaw,BlockSec entry (Business Logic Flaw): tx=0xfb57c980.. attacker=0xDB0901A3..,blocksec,https://blocksec.com/security-incident?hash=0xfb57c980286ea8755a7b69de5a74483c44b1f74af4ab34b7c52e733fc62dfca6 | https://x.com/Phalcon_xyz/status/2031226066572837313,1
2026-03-10,MT-WBNB LP,242000.0,0.0,242000.0,,DEX,EF,SC-Technical,,Burn Mechanism Manipulation,"According to BlockSec Phalcon&#39;s monitoring, a suspicious transaction targeting the MT-WBNB liquidity pool on BSC was detected several hours ago, resulting in an estimated loss of approximately $242,000. The root cause lies in a flaw within the buyer restriction mechanism: under deflationary mode, normal buy orders were reverted; however, the router and pair addresses were whitelisted. The attacker bypassed these restrictions by swapping and removing liquidity through the router to acquire MT",slowmist,https://x.com/phalcon_xyz/status/2031226066572837313?s=46,1
2026-03-11,DBXen (XEN token burn-based staking),149500.0,0.0,149500.0,Ethereum Mainnet + BNB Chain (simultaneous attack on both chains),Yield,EF,SC-Technical,,Business Logic,"State inconsistency caused by mixed use of `_msgSender()` and `msg.sender` in an ERC-2771 meta-transaction context | BlockSec entry (Business Logic Flaw): tx=0x914a5af7.. attacker=0x63150ac8..; tx=0xe66e5458.. attacker=0xE92fA2a5.. | Quick Summary On March 11, 2026, DBXen suffered a $150K exploit across Ethereum and BSC when an attacker exploited an inconsistent sender identity vulnerability in ERC2771 meta-transactions, where burnBatch() used _msgSender() (actual user) while the callback onToke","blocksec,defi_rekt,kismp,slowmist",https://blocksec.com/security-incident?hash=0x914a5af790e55b8ea140a79da931fc037cb4c4457704d184ad21f54fb808bc37 | https://de.fi/rekt-database?id=4185 | https://github.com/kismp123/DeFi-Security-Incident/blob/main/2026/2026-03-11_DBXen_BusinessLogic_ETH.md | https://x.com/Phalcon_xyz/status/2031955394025996688,4
2026-03-11,AM Token,131000.0,0.0,131000.0,BSC,Other,EF,SC-Technical,,Business Logic Flaw,BlockSec entry (Business Logic Flaw): tx=0xd0d13179.. attacker=0x0B9a1391..,blocksec,https://blocksec.com/security-incident?hash=0xd0d13179645985eae599c029574e866d79b286fbea395b66504f87f31629f859 | https://x.com/Phalcon_xyz/status/2031957703451688970,1
2026-03-12,Aave V3,1000000.0,862000.0,138000.0,Ethereum,Lending,EDPM,Cyber-Operational,Ecosystem,CAPO Oracle Misconfiguration,rekt.news entry; audit=N/A | BlockSec entry (Misconfiguration): tx=0x9064b507..,"blocksec,defillama,rekt",https://api.llama.fi/hacks | https://blocksec.com/security-incident?hash=0x9064b507f16bd8b85fb5aea0185153b01fa23b3205f7153f986e5107ce988a9c | https://rekt.news/leaderboard | https://x.com/yieldsandmore/status/2031468808012210538,3
2026-03-12,Stake DAO,176000.0,0.0,176000.0,"Arbitrum,Base",Yield,EF,SC-Technical,Protocol Logic,Oracle Message Spoofing,,defillama,https://api.llama.fi/hacks,1
2026-03-14,Goose Finance,8435.0,0.0,8435.0,BSC,Yield,EF,SC-Technical,Protocol Logic,Share Accounting Flaw,,defillama,https://api.llama.fi/hacks,1
2026-03-15,Venus Core Pool,2940000.0,0.0,2940000.0,BSC,Lending,CPBP,SC-Economic,Protocol Logic,Donation Attack,"rekt.news entry; audit=N/A | Exchange rate inflation via donation + monetizing inflated collateral value via borrowBehalf | BlockSec entry (Others): tx=0x4f477e94.. attacker=0x43C743e3..; tx=0xfd64d060.. attacker=0x43C743e3..; tx=0xce6e3eb2.. attacker=0x43C743e3.. | An attacker exploited a vulnerability in the Venus Protocol, utilizing flash loans to acquire a substantial amount of assets. In this attack, the attacker’s address (0x1a35...6231) successfully obtained 20 BTC, 1.5 million CAKE, and ","blocksec,defi_rekt,defillama,kismp,rekt,slowmist",https://api.llama.fi/hacks | https://blocksec.com/security-incident?hash=0x4f477e941c12bbf32a58dc12db7bb0cb4d31d41ff25b2457e6af3c15d7f5663f | https://community.venus.io/t/the-market-incident-post-mortem/5712 | https://de.fi/rekt-database?id=4186 | https://github.com/kismp123/DeFi-Security-Incident/blob/main/2026/2026-03-15_Venus_THE_BorrowBehalf_Donation_Attack.md | https://rekt.news/leaderboard | https://x.com/VenusProtocol/status/2033241018704044377,6
2026-03-17,dTRINITY dLEND,257000.0,0.0,257000.0,Ethereum,Lending,CPBP,SC-Economic,Protocol Logic,Deposit Inflation Attack,"`liquidityIndex` inflation and precision loss due to repeated flash loan fee accumulation in an empty cbBTC market | BlockSec entry (Precision Loss): tx=0x8d33d688.. attacker=0x08CfDfF8..; tx=0xbec4c8ae.. attacker=0x08CfDfF8.. | Quick Summary On March 17, 2026, dTRINITY's dLEND protocol (an Aave V3 fork) on Ethereum suffered a $257K loss in a ""first deposit inflation attack"" when an attacker used a massive $837M flash loan from Morpho to deposit 772 USDC and manipulate the share index, inflating","blocksec,defi_rekt,defillama,kismp,slowmist",Deposit Inflation Attack | https://api.llama.fi/hacks | https://blocksec.com/security-incident?hash=0x8d33d688def03551cb77b0463f55ae5a670f5ebf3bbb5b8aa0e284c040ae7139 | https://de.fi/rekt-database?id=4187 | https://github.com/kismp123/DeFi-Security-Incident/blob/main/2026/2026-03-17_dTRINITY_PrecisionLoss_ETH.md | https://x.com/Phalcon_xyz/status/2033927038172860814,5
2026-03-21,Resolv,25000000.0,0.0,25000000.0,Ethereum,Stablecoin,EF,SC-Technical,Infrastructure,Private Key Compromised,"BlockSec entry (Compromised Private Key): tx=0xfe37f25e.. attacker=0x04A288a7..; tx=0x41b6b937.. attacker=0x04A288a7..; tx=0x7f914328.. attacker=0x04A288a7.. | rekt.news entry; audit=N/A | Quick Summary On March 22, 2026, Resolv Labs suffered an infrastructure breach when attackers gained unauthorized access through a compromised private key and minted approximately $80M in uncollateralized USR tokens. While the attacker currently holds assets valued around $25M, the protocol's actual realized l","blocksec,defi_rekt,defillama,rekt,slowmist",https://api.llama.fi/hacks | https://blocksec.com/security-incident?hash=0xfe37f25efd67d0a4da4afe48509b258df48757b97810b28ce4c649658dc33743 | https://de.fi/rekt-database?id=4189 | https://rekt.news/leaderboard | https://x.com/PeckShieldAlert/status/2035565047133401563 | https://x.com/ResolvLabs/status/2035830314799599616,5
2026-03-22,Cyrus Finance,512000.0,0.0,512000.0,BSC,Lending,CPBP,SC-Economic,Protocol Logic,Flashloan Pool Shares Exploit,`slot0()` spot price dependency in `withdrawUSDTFromAny()` → price manipulable within the same transaction (Business Logic Flaw) | BlockSec entry (Business Logic Flaw): tx=0x2b7efdac..,"blocksec,defillama,kismp",https://api.llama.fi/hacks | https://blocksec.com/security-incident?hash=0x2b7efdac5f052ee9a8f6de8f966b948027b76f7cc183e4868c98c7afc2d69524 | https://github.com/kismp123/DeFi-Security-Incident/blob/main/2026/2026-03-22_CyrusFinance_BusinessLogic_BSC.md | https://x.com/peckshield/status/2035820631711744478,3
2026-03-23,BCE Token (PancakeSwap BCE/USDT Pool),679000.0,0.0,679000.0,BNB Smart Chain (BSC),DEX,EF,SC-Technical,,Business Logic,"The state variable `scheduledDestruction`, which can be influenced by users, burns tokens directly from the PancakeSwap pair — the destruction amount derived from sell activity is settled from LP reserves rather than at the user's expense | BlockSec entry (Business Logic Flaw): tx=0x85ac5d15.. | Quick Summary On March 23, 2026, the BCE token on BNB Chain was hit by a $679K exploit. An attacker took advantage of a flawed burn mechanism. This flaw allowed the burning of BCE tokens directly from th","blocksec,defi_rekt,kismp,slowmist",https://blocksec.com/security-incident?hash=0x85ac5d15f16d49ae08f90ab0e554ebfcb145712342c5b7704e305d602146d452 | https://de.fi/rekt-database?id=4190 | https://github.com/kismp123/DeFi-Security-Incident/blob/main/2026/2026-03-23_BCEToken_BusinessLogic_BSC.md | https://x.com/Phalcon_xyz/status/2035998829296984572 | https://x.com/phalcon_xyz/status/2035998829296984572?s=46,4
2026-03-26,Turing (TR) + NOBEL Token Ecosystem,133490.0,0.0,133490.0,BNB Chain (BSC),Other,EF,SC-Technical,,T R,2.45x multiplier vulnerability in TR burn-redistribution mechanism + `tx.origin` validation bypass via EIP-7702,kismp,https://github.com/kismp123/DeFi-Security-Incident/blob/main/2026/2026-03-26_Turing_TR_NOBEL_BurnRedistribution_EIP7702.md,1
2026-03-28,GoonFi,254000.0,0.0,254000.0,Solana,DEX,EF,SC-Technical,Protocol Logic,Mispricing Arbitrage,,defillama,https://api.llama.fi/hacks,1
2026-04-01,Drift Trade,290000000.0,0.0,290000000.0,Solana,Derivatives,BDSF,Blockchain-Infrastructure,Infrastructure,Compromised Admin + Fake Token Price Manipulation,"rekt.news entry; audit=N/A | Quick Summary On April 1, 2026, Drift Protocol on Solana suffered the largest hack of 2026 with over $280M stolen. An attacker spent weeks preparing a sophisticated operation using durable nonce accounts to pre-sign transactions, obtained 2/5 multisig approvals through social engineering, then executed an admin takeover and drained over half the protocol's funds before bridging everything to Ethereum. Details of the Exploit This wasn't a smart contract bug or stolen ","defi_rekt,defillama,rekt,slowmist",https://api.llama.fi/hacks | https://de.fi/rekt-database?id=4191 | https://rekt.news/leaderboard | https://x.com/OnchainLens/status/2039507495044194391,4
2026-04-02,SAS Token,12000.0,0.0,12000.0,,DEX,CPBP,SC-Economic,,Price Manipulation,"The SAS Token on BNB Chain was exploited via a flawed custom transfer logic (Deferred Burn Exploit). The token’s custom transfer logic had a flaw: sending SAS to the LP pool only incremented a global sellBurn counter, while any subsequent ordinary transfer could burn SAS directly from the pool and call sync() to rewrite reserves, bypassing the AMM’s swap logic. The attacker accumulated sellBurn credit through sells, triggered an unrelated ordinary transfer to burn SAS from the pool down to ~1 we",slowmist,https://blocksec.com/blog/weekly-web3-security-incident-roundup-mar-30-apr-5-2026,1
2026-04-03,Silo V2,392000.0,0.0,392000.0,,Lending,EDPM,Cyber-Operational,,Oracle Attack,"The attacker exploited a Misconfigured Oracle Exploit in combination with protocol logic issues to launch an attack against the Silo V2 contracts on Arbitrum. The incident involved price manipulation or configuration flaws in the oracle mechanism, which ultimately enabled unauthorized fund extraction. This was a relatively small-scale incident affecting Silo Finance V2, with limited impact on core user funds. Similar to other cases, the affected contracts were likely peripheral or experimental c",slowmist,https://smartcontractshacking.com/hacks/silo-v2-hack-2026,1
2026-04-04,BSC TMM/USDT,1665000.0,0.0,1665000.0,BSC,DEX,CPBP,SC-Economic,Protocol Logic,Reserve Manipulation Attack,"According to ExVul monitoring, a TMM/USDT reserve manipulation attack occurred on the BSC (BNB Chain), resulting in a loss of approximately 1.665 million USDT. The attacker utilized flash loans from Lista DAO Moolah, Venus, Aave V3, PancakeSwap Vault, and Uniswap PoolManager to manipulate the TMM/USDT trading pair. By burning TMM to a dead address, the attacker reduced the pair&#39;s reserve to just 1 TMM, subsequently swapping 850 million TMM for approximately 272 million USDT. After repaying a","defillama,slowmist",https://api.llama.fi/hacks | https://x.com/exvulsec/status/2040649377803546859,2
2026-04-05,Denaria Finance,165300.0,0.0,165300.0,Linea,DEX,EF,SC-Technical,,Business Logic,"Business Logic Flaw — incorrect or manipulable share/asset accounting during withdrawal allows attacker to extract more than their proportional entitlement | BlockSec entry (Business Logic Flaw): tx=0xcb0744a0.. attacker=0x8D6778d7.. | Decentralized perpetual futures trading platform Denaria announced on X that it suffered a smart contract attack yesterday, resulting in a loss of approximately $165,000. The team is currently working with Linea and auditing partners to investigate the incident an","blocksec,defi_rekt,kismp,slowmist",https://blocksec.com/security-incident?hash=0xcb0744a0d453e5556f162608fae8275dabd14292bffbfcd8394af4610c606447 | https://de.fi/rekt-database?id=4192 | https://github.com/kismp123/DeFi-Security-Incident/blob/main/2026/2026-04-05_Denaria_BusinessLogic_Linea.md | https://x.com/DenariaFinance/status/2041056361186771054 | https://x.com/DenariaFinance/status/2042589690415427933,4
2026-04-07,Squid,517000.0,0.0,517000.0,"Optimism, Avalanche, Base, Arbitrum, BSC",DEX,EF,SC-Technical,,Arbitrary Call,"BlockSec entry (Arbitrary Call): tx=0xae0719ef..; tx=0xd50c8250..; tx=0x935eb961.. | Quick Summary On April 7, 2026, a victim lost $517K across five chains (Arbitrum, BSC, Avalanche, Optimism, Base) when an attacker exploited pre-existing MAX_UINT token approvals to a SquidMulticall contract, using the permissionless run() function to execute transferFrom calls and drain tokens directly from the victim's wallet. Details of the Exploit The victim had previously granted unlimited (MAX_UINT) approv","blocksec,defi_rekt,slowmist",https://blocksec.com/blog/weekly-web3-security-incident-roundup-apr-6-apr-12-2026 | https://blocksec.com/security-incident?hash=0xae0719ef1eb986f2675cb9659058224a4d9f7f0150a0f11c1fdb3d5101d11fdc | https://de.fi/rekt-database?id=4193 | https://x.com/Phalcon_xyz/status/2041463211493662942,3
2026-04-07,HERMES (HB Token),193925.5,0.0,193925.5,BNB Chain (BSC),Other,EF,SC-Technical,,H B,`_handleBuy` directly deducts the buy tax from the LP pool's HB balance → pool k=0 collapse | BlockSec entry (Business Logic Flaw): tx=0x19671f57.. attacker=0x2E358F7E..,"blocksec,kismp",https://blocksec.com/security-incident?hash=0x19671f5781acc3f5e3a869491a880aa9ee894911f4898a43254fa942d71594ed | https://github.com/kismp123/DeFi-Security-Incident/blob/main/2026/2026-04-07_HERMES_HB_PoolTaxDrain_AMM_k_Zero.md,2
2026-04-09,Hyperliquid,1500000.0,0.0,1500000.0,,Derivatives,EF,SC-Technical,,Exploit/Other/Other,"Quick Summary On April 9, 2026, Hyperliquid's HLP vault lost $1.5M when an attacker built a $15M Fartcoin long position across 4 wallets, then intentionally got liquidated during low liquidity. This forced the platform's ADL system to dump the toxic position onto HLP while the attacker likely profited through hedges on other exchanges. Details of the Exploit The attacker accumulated a $15M Fartcoin position using 145.24M tokens distributed across four separate wallets. Once the position was esta",defi_rekt,https://de.fi/rekt-database?id=4194,1
2026-04-12,Hyperbridge,2500000.0,0.0,2500000.0,"Ethereum,Base,BSC,Arbitrum",Bridge,EF,SC-Technical,Protocol Logic,Fake State Proof,"rekt.news entry; audit=N/A | BlockSec entry (Business Logic Flaw): tx=0xb93aab83..; tx=0x6f1efcde..; tx=0x743f4bdb.. | Quick Summary On April 13, 2026, Hyperbridge's Token Gateway on Ethereum lost $237K when an attacker exploited missing input validation in the Merkle Mountain Range proof verifier. The flaw allowed forged proofs to pass verification, granting the attacker admin control to mint 1 billion bridged DOT tokens (2,800x the legitimate supply) and dump them on DEXs. Only bridged DOT on ","blocksec,defi_rekt,defillama,rekt,slowmist",https://api.llama.fi/hacks | https://blocksec.com/security-incident?hash=0xb93aab835e4002f7d46b63e37a156c78abd1d9256df094d63321deeb514a0634 | https://de.fi/rekt-database?id=4195 | https://rekt.news/leaderboard | https://x.com/CertiKAlert/status/2043557571609731268 | https://x.com/Phalcon_xyz/status/2043567998662053982,5
2026-04-13,Dango,410005.0,410000.0,5.0,Dango,Derivatives,EF,SC-Technical,Protocol Logic,Donate Negative Amounts Hack,"Donation logic flaw in Dango's perpetuals insurance fund contract — the donation function failed to validate the amount credited, allowing an attacker to extract more USDC than deposited | BlockSec entry (Business Logic Flaw): tx=0x06c2c310..; tx=0x7c846ed3..; tx=0xa7f9754a.. | The DeFi project Dango released an update three hours after disclosing a security incident last night, stating that the white-hat hacker has fully returned the stolen funds and received a bug bounty. User funds were not a","blocksec,defillama,kismp,slowmist",https://api.llama.fi/hacks | https://blocksec.com/security-incident?hash=0x06c2c3109999500fe3a0213bf33c3a1e99e3b6c86b0595d7804e57193bb4d9ae | https://github.com/kismp123/DeFi-Security-Incident/blob/main/2026/2026-04-13_Dango_BridgeCrossChain_ETH.md | https://x.com/dango/status/2043669424805216745?s=20 | https://x.com/dango/status/2043710283244331409,4
2026-04-14,CowSwap,1200000.0,0.0,1200000.0,,DEX,EF,SC-Technical,,Supply-chain attack,"Blockchain security firm Blockaid reported that its system has detected a front-end attack on the decentralized exchange CoW Swap, and that cow.fi has been flagged as a malicious site. Blockaid warned that users who have previously connected their wallets to CoW Swap should immediately revoke any related contract approvals via their wallets or security tools, and refrain from interacting with cow.fi until the issue is resolved to prevent potential asset loss. Subsequently, CoW DAO issued a state",slowmist,https://x.com/CoWSwap/status/2044089359058501893,1
2026-04-16,Rhea Lend,18400000.0,18400000.0,0.0,Near,Lending,EF,SC-Technical,Protocol Logic,Fake Collateral Exploit,"On April 16, 2026, Rhea Finance (formerly Burrow Finance) was exploited. The attacker spent two days preparing with 423 wallets, deploying fake token contracts, and creating manipulated liquidity pools on Ref Finance to build fake swap routes. They then exploited a logic flaw in Rhea Lend’s margin trading slippage protection (which incorrectly summed min_amount_out without accounting for reused intermediate tokens in multi-step swaps), allowing them to borrow real assets, trigger forced liquidat","defi_rekt,defillama,rekt,slowmist",https://api.llama.fi/hacks | https://de.fi/rekt-database?id=4197 | https://rekt.news/leaderboard | https://rekt.news/rhea-finance-rekt | https://x.com/rhea_finance/status/2045203607856042118,4
2026-04-18,Kelp,291500000.0,0.0,291500000.0,"Ethereum,Arbitrum",Bridge,EF,SC-Technical,Infrastructure,LayerZero OFT bridge exploit,"Quick Summary On April 18-19, 2026, Kelp DAO suffered a $292M exploit when an attacker forged a LayerZero message to mint unbacked rsETH (18% of total supply), deposited it as collateral across Aave, Compound, and Euler, then borrowed $236M in WETH. The attacker now holds massive debt positions across multiple lending protocols, creating what analysts call a ""collateral contagion event"" affecting the entire DeFi ecosystem. Details of the Exploit The attacker forged a LayerZero cross-chain messag","blocksec,defi_rekt,defillama,rekt,slowmist",https://api.llama.fi/hacks | https://blocksec.com/security-incident?hash=0x1ae232da212c45f35c1525f851e4c41d529bf18af862d9ce9fd40bf709db4222 | https://de.fi/rekt-database?id=4198 | https://rekt.news/leaderboard | https://x.com/LayerZero_Core/status/2046081551574983137 | https://x.com/Phalcon_xyz/status/2045728892489757098,5
2026-04-19,Custom Aave Rebalancer,64000.0,0.0,64000.0,,Lending,EF,SC-Technical,,Smart Contract Vulnerability,"A custom sAVAX Aave Rebalancer contract on Avalanche was exploited. The public function b2a13230() allowed the caller to pass arbitrary target and data, executing target.call(data) while the contract still held the user’s Aave V3 Credit Delegation (borrowing permission). The attacker used this to call Aave’s borrow() on behalf of the victim and drain WAVAX. A whitehat bot frontran the transaction and recovered all funds before any withdrawal, resulting in zero net loss to the user.",slowmist,https://telemetr.io/uz/channels/2360854548-defimon_alerts,1
2026-04-20,Juicebox V3,52000.0,0.0,52000.0,Ethereum,Lending,EF,SC-Technical,Protocol Logic,borrowFrom Spoof Attack,"Juicebox V3 (via its REVLoans borrowing extension) was exploited through a borrowFrom Spoof Attack. The vulnerability stemmed from insufficient validation in the borrowFrom function, particularly the caller-supplied &quot;source&quot; parameter (a REVLoanSource struct with .terminal and .token). This allowed forging an accounting context; when currency matched the destination, the protocol skipped the oracle and used attacker-controlled decimals/balances, enabling borrowing at an inflated share ","defillama,slowmist",https://academy.teleswap.xyz/defi-protocol-hacks-april-2026-exploits-analyzed/ | https://api.llama.fi/hacks,2
2026-04-20,Thetanuts Finance,50000.0,0.0,50000.0,Ethereum,Derivatives,CPBP,SC-Economic,Protocol Logic,First Depositor Attack,"A newly deployed vault contract of Thetanuts Finance was exploited via a First Depositor Attack. The attacker took advantage of the vault’s share calculation logic when totalAssets and totalSupply were both 0 at initialization: they deposited a minimal amount (e.g., 1 wei) to mint 1 share, then directly transferred a large amount of assets (e.g., ETH) to the contract, manipulating the asset-to-share ratio. When subsequent users deposited, they received almost no shares, allowing the attacker to ","defillama,slowmist",https://academy.teleswap.xyz/defi-protocol-hacks-april-2026-exploits-analyzed/ | https://api.llama.fi/hacks,2
2026-04-21,Volo Vault,3500000.0,0.0,3500000.0,Sui,Yield,EF,SC-Technical,Protocol Logic,Admin Key Compromised,"rekt.news entry; audit=N/A | Quick Summary On April 22, 2026, Volo Protocol on Sui suffered a $3.5M exploit affecting three specific vaults containing WBTC, XAUm, and USDC. The team immediately froze all vaults and is working with the Sui Foundation and investigators on recovery. Volo committed to absorbing the loss and confirmed the remaining $28M TVL across other vaults is safe with no shared vulnerability. Details of the Exploit An attacker exploited a vulnerability affecting three specific V","defi_rekt,defillama,rekt,slowmist",https://api.llama.fi/hacks | https://de.fi/rekt-database?id=4199 | https://rekt.news/leaderboard | https://x.com/volo_sui/status/2046715584201511351,4
2026-04-22,Kipseli,76175.0,0.0,76175.0,Base,DEX,EF,SC-Technical,Protocol Logic,Flawed Quoting Logic,"The Kipseli Router contract on Base was exploited via Improper Validation / Decimal Mismatch. The router blindly used the amount returned by an external USDC-only quoter as the raw transfer amount for tokenOut without verifying that the output token matched the quote token. The attacker used an unsupported path (e.g., WETH → cbBTC), causing the quoter to return a USDC-scaled value (6 decimals) which was then transferred as cbBTC (8 decimals), resulting in massive over-transfer. The attacker swap","defillama,slowmist",https://api.llama.fi/hacks | https://x.com/TheDEFIac/status/2046973478595641435,2
2026-04-23,Giddy,1300000.0,0.0,1300000.0,Ethereum,Yield,EF,SC-Technical,Protocol Logic,Incomplete EIP-712 Signature Coverage,"Quick Summary On April 23, 2026, Giddy DeFi lost $1.3M when an attacker exploited incomplete EIP-712 signature coverage in GiddyVaultV3. The signature only validated the data bytes of SwapInfo structs but not the aggregator, fromToken, toToken, or amount fields. This allowed the attacker to replay a valid signature while substituting the strategy's LP tokens with a malicious aggregator contract. Details of the Exploit GiddyVaultV3 had a critical flaw in how it validated transactions using EIP-71","defi_rekt,defillama,slowmist",https://api.llama.fi/hacks | https://de.fi/rekt-database?id=4202 | https://x.com/DefimonAlerts/status/2047334517535642024,3
2026-04-25,Purrlend,1520000.0,0.0,1520000.0,"MegaETH,Hyperliquid L1",Lending,EF,SC-Technical,Protocol Logic,Fake Bridge Address,"Quick Summary On April 25, 2026, Purrlend lost $1.52M across HyperEVM and MegaETH when attackers compromised the team's 2/3 admin multisig wallet. They granted themselves elevated privileges including BRIDGE_ROLE, minted approximately 7M unbacked pTokens, then borrowed real assets against this worthless collateral before bridging funds out via Mayan and LiFi. Details of the Exploit The attackers compromised Purrlend's 2/3 admin multisig wallet and used it to grant themselves full administrative ","defi_rekt,defillama,slowmist",https://api.llama.fi/hacks | https://de.fi/rekt-database?id=4204 | https://x.com/purrlend/status/2049807764944458094?s=46,3
2026-04-26,Scallop Lend,146000.0,0.0,146000.0,Sui,Lending,EF,SC-Technical,Protocol Logic,Deprecated V2 Rewards Contract,"A deprecated side contract (V2 rewards contract) tied to Scallop’s sSUI Spool rewards pool was exploited. The attacker exploited a missing validation in the reward accumulator logic (uninitialized variable in update_points function). By staking a small amount (0.2 SUI), they generated massive fake reward points (162 trillion), draining the entire leftover rewards pool of approximately 150,000 SUI. Core lending markets, user deposits, and active pools were unaffected. The team promptly froze the ","defillama,slowmist",https://api.llama.fi/hacks | https://x.com/Scallop_io/status/2048976878997041499,2
2026-04-27,Singularity Finance,413000.0,0.0,413000.0,Base,Yield,EDPM,Cyber-Operational,Protocol Logic,Oracle Misconfiguration Exploit,"Singularity Finance vaults were exploited due to a critical oracle misconfiguration. The admin had registered an unsupported Uniswap V3 fee tier of 42 (valid tiers: 100/500/3000/10000) back in January, causing factory.getPool() to silently return address(0). This made the oracle price all non-USDC reserves at zero. The vault only recognized ~$100 in idle USDC while real yield tokens sat undervalued. The attacker flash-loaned 100K USDC from Morpho, deposited into the vault to mint ~99.99% of shar","defillama,slowmist",https://api.llama.fi/hacks | https://x.com/0xSalazar/status/2048762346143666656,2
2026-04-27,JetonRouter,229000.0,0.0,229000.0,Ethereum,DEX,EF,SC-Technical,,Business Logic Flaw,"BlockSec entry (Business Logic Flaw): tx=0x57709a49.. attacker=0x224C9400.. | Arbitrary External Call — DEX router executes arbitrary external calls with user-controlled calldata, allowing attacker to drain tokens approved by users to the router","blocksec,kismp",https://blocksec.com/security-incident?hash=0x57709a498f27c7219b634ae20e7d2cbf9ab8dd6aca7b3845fabf93b57760b576 | https://github.com/kismp123/DeFi-Security-Incident/blob/main/2026/2026-04-28_JetonRouter_BusinessLogic_ETH.md | https://x.com/TenArmorAlert/status/2048943311113552370,2
2026-04-27,ZetaChain,333967.0,0.0,333967.0,"Ethereum,Base,Polygon,Arbitrum,Avalanche,BSC",Bridge,EF,SC-Technical,Protocol Logic,GatewayEVM Contracts Exploit,"ZetaChain disclosed in a post on X that its GatewayEVM contract was attacked today, affecting only wallets belonging to the internal ZetaChain team. The attack vector has been blocked to prevent further loss of funds. As a precautionary measure, cross-chain transactions on ZetaChain are currently suspended. The investigation is still ongoing, and no user funds have been affected so far. On April 29, ZetaChain announced on X that on April 27 it had suffered a premeditated and targeted attack. The","blocksec,defi_rekt,defillama,kismp,slowmist",https://api.llama.fi/hacks | https://blocksec.com/security-incident?hash=0x81fc9b2457b3ea66e2cefe2afe65d083ce358a11520e0f4aa5faad0bfea18a56 | https://de.fi/rekt-database?id=4201 | https://github.com/kismp123/DeFi-Security-Incident/blob/main/2026/2026-04-26_ZetaChain_AccessControl_ETH.md | https://x.com/ZetaChain/status/2048854107633631356 | https://x.com/ZetaChain/status/2048854107633631356?s=20,5
2026-04-28,YieldCore,398000.0,0.0,398000.0,,Yield,EF,SC-Technical,,Smart Contract Vulnerability,"The YieldCore-3rd-deal vault under Trading Protocol was exploited. The attacker took advantage of a missing caller authorization check in the contract, bypassing the permission mechanism and draining all funds from the vault in one go. The vault was permissionlessly listed (not a core part of the protocol itself). The entire vault was emptied.",slowmist,https://x.com/DefimonAlerts/status/2049365873069097237,1
2026-04-29,Aftermath Perps,1140000.0,0.0,1140000.0,Sui,Derivatives,EF,SC-Technical,Protocol Logic,Fee-Accounting Logic Flaw,"Integer Underflow / Business Logic Flaw — `integrator_taker_fees` calculation underflows to `≈ u256::MAX` when an integrator sets `max_taker_fee = 0`, causing the protocol to credit astronomically large fees to the attacker-controlled integrator account | BlockSec entry (Business Logic Flaw): tx=4pGQdfFG96.. attacker=https://su.. | Aftermath Finance, a decentralized perpetuals trading platform built on the Sui blockchain, suffered a security exploit in its perpetuals (perps) protocol. The vulner","blocksec,defillama,kismp,slowmist",https://api.llama.fi/hacks | https://blocksec.com/security-incident?hash=4pGQdfFG96Ghqj1xqkaeeAgMQCpttivdkgSRUGc6wVD8 | https://github.com/kismp123/DeFi-Security-Incident/blob/main/2026/2026-04-29_AftermathFinance_BusinessLogic_Sui.md | https://x.com/AftermathFi/status/2049681357559808130 | https://x.com/Phalcon_xyz/status/2049509576488403365,4
2026-04-29,Syndicate,380000.0,380000.0,0.0,Base,Bridge,EF,SC-Technical,Protocol Logic,Commons Bridge Exploit,"Quick Summary On April 29, 2026, Syndicate's Commons Bridge was compromised, resulting in approximately 18.5M SYND tokens being drained and dumped for $330K-$400K before the attacker bridged profits to Ethereum. The SYND token crashed 35-50% on panic selling.&nbsp; Details of the Exploit An attacker compromised the Commons Bridge and drained approximately 18.5 million SYND tokens. They immediately dumped these tokens on the market for between $330K and $400K, causing the SYND price to crash 35-5","defi_rekt,defillama,slowmist",https://api.llama.fi/hacks | https://crypto.news/syndicate-labs-suffers-380k-synd-bridge-exploit-pledges-full-user-compensation/ | https://de.fi/rekt-database?id=4200,3
2026-04-30,Wasabi Perps,5600000.0,0.0,5600000.0,"Ethereum,Base,Berachain,Blast",Derivatives,EF,SC-Technical,Protocol Logic,Admin Key Compromised,"rekt.news entry; audit=N/A | BlockSec entry (Compromised Private Key): tx=0x10b37160.. attacker=0x02228b0a..; tx=0xcd77423f.. attacker=0x02228b0a..; tx=0xaf0f58cb.. attacker=0x02228b0a.. | Quick Summary On April 30, 2026, Wasabi Protocol lost $5.5M across Ethereum, Base, Blast, and Berachain when the deployer wallet was compromised and the attacker granted themselves a privileged admin role. The attacker drained funds from EVM deployments while Solana contracts remained unaffected.&nbsp; Details","blocksec,defi_rekt,defillama,rekt,slowmist",https://api.llama.fi/hacks | https://blocksec.com/security-incident?hash=0x10b371603d42a672b0bffda526af8400885c65fa7b541678f2bd8dad6fcb7e40 | https://de.fi/rekt-database?id=4203 | https://rekt.news/leaderboard | https://x.com/wasabi_protocol/status/2052856772717682724,5
2026-05-01,Sharwa.Finance,32850.0,0.0,32850.0,Arbitrum,Derivatives,CPBP,SC-Economic,Protocol Logic,Oracle Price Manipulation,,defillama,https://api.llama.fi/hacks,1
2026-05-04,SmartCredit,72000.0,0.0,72000.0,Ethereum,Lending,CPBP,SC-Economic,Protocol Logic,Flashloan Exploit,"SmartCredit’s Leveraged Lido module was exploited. The attacker drained funds from this leveraged staking feature. The team has paused the Leveraged Lido functionality, and the protocol’s Loss Provision Fund will fully cover the gap for affected stakers.","defillama,slowmist",https://api.llama.fi/hacks | https://x.com/smartcredit_io/status/2051361795789496337,2
2026-05-05,Ekubo,1400000.0,0.0,1400000.0,Ethereum,DEX,EF,SC-Technical,Protocol Logic,Improper Access Control Exploit,"`IPayer.pay` (selector `0x599d0714`) only checks `msg.sender == EkuboCore` but trusts an attacker-supplied `payer` field, allowing `transferFrom(payer, Core, amount)` against any wallet that pre-approved the extension. | BlockSec entry (Access Control Issue): tx=0x770bc9a1.. | Quick Summary On May 5, 2026, Ekubo Protocol’s EVM-based router extensions were exploited for approximately $1.4M on Ethereum and Arbitrum. The attack targeted users who had granted ERC-20 approvals to specific V2 and V3 e","blocksec,defi_rekt,defillama,kismp,slowmist",https://api.llama.fi/hacks | https://blocksec.com/security-incident?hash=0x770bc9a1f7c32cb63a5002b9ceb5c7994cd3af0fc6b2309cb32d3c46f629daa0 | https://de.fi/rekt-database?id=4206 | https://github.com/kismp123/DeFi-Security-Incident/blob/main/2026/2026-05-05_Ekubo_IPayerCallbackPayerSpoofing_ETH.md | https://x.com/Phalcon_xyz/status/2051852450496495710 | https://x.com/blockaid_/status/2051757787714118125,5
2026-05-10,Renegade,209000.0,209000.0,0.0,Arbitrum,DEX,EF,SC-Technical,Protocol Logic,Unprotected Initializer Exploit,"Quick Summary On May 10, 2026, the Renegade V1 deployment on Arbitrum was exploited for approximately $209k. The attack targeted an unprotected initializer on the protocol's Dark Pool proxy. A whitehat attacker has since returned approximately $190k of the stolen funds. The incident was isolated to the V1 Arbitrum deployment, leaving V1 Base and all V2 deployments unaffected. Details of the Exploit The exploit was triggered by a vulnerability in the initialization logic of the Dark Pool proxy co","defi_rekt,defillama,slowmist",https://api.llama.fi/hacks | https://de.fi/rekt-database?id=4208 | https://x.com/renegade_fi/status/2053531772634427599?s=46,3
2026-05-11,INK Finance,140000.0,0.0,140000.0,Polygon,Other,CPBP,SC-Economic,Protocol Logic,Whitelisted Address Impersonation,"Quick Summary On May 11, 2026, Ink Finance’s Workspace Treasury Proxy on Polygon was exploited for approximately $140,000 USDT. The attack leveraged a missing access control check in a payroll distribution contract, allowing the attacker to register themselves as a whitelisted claimer. The exploit was amplified by a $25,000 flash loan to drain the treasury’s dormant funds. Details of the Exploit The exploit was rooted in a critical logic flaw within the addUsers function of the protocol's Payrol","defi_rekt,defillama,slowmist",https://api.llama.fi/hacks | https://de.fi/rekt-database?id=4209 | https://www.cryptotimes.io/2026/05/11/ink-finance-exploited-on-polygon-140k-usdt-drained-in-flash-loan-attack/,3
2026-05-11,Huma Finance,101400.0,0.0,101400.0,,Lending,EF,SC-Technical,,Smart Contract Vulnerability,"A logic flaw in Huma Finance’s deprecated V1 BaseCreditPool contracts on Polygon was exploited, draining approximately 101,400 USDC and USDC.e from accumulated protocol fees and pool owner fees. No user funds were at risk, PST token unaffected. The team had already been sunsetting V1 pools and immediately paused all V1 contracts. Huma’s V2 on Solana is a complete rewrite and remains secure.",slowmist,https://x.com/humafinance/status/2053858499378258198,1
2026-05-13,TAC Cross-Chain Layer (TON Side),2800000.0,0.0,2800000.0,,Bridge,EF,SC-Technical,,Smart Contract Vulnerability,"Following a security incident, TAC identified an exploit on the TON side of its cross-chain layer carried out by an external attacker. The incident resulted in a loss of approximately $2.8M across USDT, BLUM, and tsTON. The TAC token, TON, and all ERC-20 tokens bridged from Ethereum are NOT affected. The bridge remains paused while forensic analysis and remediation are ongoing. A post-mortem will be published soon. The team is working with law enforcement and security partners to trace funds and",slowmist,https://x.com/TacBuild/status/2054620834879381870?s=20,1
2026-05-13,Transit Finance,1880000.0,0.0,1880000.0,Tron,DEX,EF,SC-Technical,Protocol Logic,Deprecated Smart Contract Exploit,"Quick Summary On May 13, 2026, Transit Finance was exploited for approximately $1.88M. The incident stemmed from a historical vulnerability in a deprecated TRON-based smart contract that had been inactive since 2022. The stolen funds were bridged and are currently held in DAI on the Ethereum network. Transit Finance has confirmed that all affected users will receive full compensation. &nbsp; Details of the Exploit The attack targeted a legacy contract on the TRON network that contained a known h","defi_rekt,defillama,slowmist",https://api.llama.fi/hacks | https://de.fi/rekt-database?id=4211 | https://x.com/BSCNews/status/2054613633460777265,3
2026-05-13,ShapeShift FOX Colony,132700.0,0.0,132700.0,,Other,EF,SC-Technical,,Smart Contract Vulnerability,ShapeShift’s FOX Colony (a community governance and participation program for FOX token holders) on Arbitrum was exploited via a smart contract vulnerability in its Colony Network contracts. The attacker drained approximately $132.7K in USDC and FOX tokens in a single sophisticated transaction by exploiting a meta-transaction self-call flaw combined with DSAuth authorization logic. The core exchange platform was unaffected; this impacted the DAO/community treasury.,slowmist,https://x.com/blockaid_/status/2054593377438421492?s=46&amp;t=DLwbX9Nw4QECiyZQ0av-fg,1
2026-05-15,THORChain III,10700000.0,0.0,10700000.0,,DEX,EF,SC-Technical,,Exploit/Other/Other,"rekt.news entry; audit=N/A | Quick Summary &nbsp; On May 15, 2026, the cross-chain liquidity protocol THORChain suffered an exploit draining approximately $10.7M from one of its six Asgard vaults. The attack targeted a cryptographic vulnerability in the network's node-signing infrastructure rather than user smart contracts. The protocol’s automated security systems quickly detected the abnormal outbound activity and executed a global emergency halt, safeguarding individual user swaps and limitin","defi_rekt,rekt,slowmist",https://de.fi/rekt-database?id=4212 | https://rekt.news/leaderboard | https://x.com/THORChain/status/2055300162331742233,3
2026-05-15,Thorchain DEX,10000000.0,0.0,10000000.0,"Bitcoin,Ethereum,Base,BSC",DEX,EF,SC-Technical,Protocol Logic,Vault Churn Address Poisoning,,defillama,https://api.llama.fi/hacks,1
2026-05-17,Verus-Ethereum Bridge,11590000.0,0.0,11590000.0,Ethereum,Bridge,EF,SC-Technical,Protocol Logic,Bridge Verification Bypass,"Blockaid detected an ongoing exploit on the Verus-Ethereum Bridge. The attacker drained approximately $11.58 million in assets (including ~1,625 ETH, ~103.6 tBTC, and ~147k USDC). The funds were swapped and consolidated into a drainer wallet (e.g., 0x65Cb8b128Bf6e690761044CCECA422bb239C25F9). This is a cross-chain bridge incident affecting the bridge infrastructure, not the core Verus blockchain. The project had recently issued an urgent update, but the exploit still occurred. Funds remain in th","blocksec,defi_rekt,defillama,slowmist",https://api.llama.fi/hacks | https://blocksec.com/security-incident?hash=0x6990f01720f57fc515d0e976a0c4f8157e0a9529194c4c15d190e98d087eb321 | https://de.fi/rekt-database?id=4213 | https://x.com/MetaEraHK/status/2056192367716380711 | https://x.com/Phalcon_xyz/status/2056203534811660416,4
2026-05-18,Echo Bridge,819925.0,0.0,819925.0,Monad,Bridge,EF,SC-Technical,Infrastructure,Private Key Compromised,"Echo Protocol’s eBTC on Monad was compromised due to an admin private key leak. The attacker granted themselves minting rights, minted 1,000 unbacked eBTC (~$76.7M nominal value), deposited 45 eBTC (~$3.45M) as collateral into Curvance to borrow ~11.29 WBTC (~$867K), bridged it to Ethereum, swapped for ETH, and sent ~384 ETH (~$821K) to Tornado Cash. The remaining 955 eBTC stays under attacker control, posing ongoing depegging risk. | Quick Summary On May 19, 2026, Echo Protocol’s Monad deployme","defi_rekt,defillama,slowmist",https://api.llama.fi/hacks | https://de.fi/rekt-database?id=4214 | https://www.kucoin.com/zh-hant/news/flash/peckshield-reports-821-000-stolen-in-echoprotocol-hack-on-monad,3
2026-05-18,EchoProtocol,76700000.0,0.0,76700000.0,Monad,Lending,EF,SC-Technical,,Compromised Private Key,BlockSec entry (Compromised Private Key): tx=0xd691b0aF..,blocksec,https://blocksec.com/security-incident?hash=0xd691b0aFed67F96CEC28Ab6308Cbe5b2C103b7e9 | https://x.com/PeckShieldAlert/status/2056519415211192670,1
2026-05-19,HermesVault,29500.0,26000.0,3500.0,Algorand,Yield,EF,SC-Technical,Protocol Logic,Rekeying Attack,"HermesVault, an Algorand-based privacy protocol using zero-knowledge proofs for private transactions, was exploited. The attacker exploited a flaw in the key reset defense logic within the withdrawal verification script. This allowed bypassing the zero-knowledge (zk) verification process and unauthorized withdrawal of funds. The protocol permanently shut down operations following the incident. Lead engineer Giulio Pizzini confirmed that the core zk circuit remained secure, but the auxiliary with","defi_rekt,defillama,slowmist",https://api.llama.fi/hacks | https://de.fi/rekt-database?id=4215 | https://x.com/giuliopizzini/status/2056858969403183292?referrer=grok-com,3
2026-05-20,RetoSwap,2700000.0,0.0,2700000.0,Monero,DEX,EF,SC-Technical,Protocol Logic,ACK Message Frontrun Exploit,"BlockSec entry (Unverified User Input) | Quick Summary On May 20, 2026, the P2P decentralized exchange RetoSwap was exploited for approximately 7,000 XMR (~$2.7M) due to a critical vulnerability in its upstream Haveno trading protocol. The attack allowed a malicious actor to impersonate an arbitrator, enabling them to hijack multisig wallet creation before funds were deposited. Details of the Exploit The exploit relied on a flaw in how the Haveno trade protocol handled message synchronization du","blocksec,defi_rekt,defillama,slowmist",https://api.llama.fi/hacks | https://blocksec.com/security-incident?hash=596 | https://de.fi/rekt-database?id=4216 | https://x.com/RetoSwap/status/2056984875383632226 | https://x.com/retoswap/status/2056984875383632226?s=46&amp;t=DLwbX9Nw4QECiyZQ0av-fg,4
2026-05-20,Butter Bridge,180000.0,0.0,180000.0,,Bridge,EF,SC-Technical,,Smart Contract Vulnerability,"The Butter Bridge V3.1 (part of MAP Protocol and Butter Network) was exploited. An attacker used a vulnerability in the OmniServiceProxy contract’s retry message verification logic, specifically an abi.encodePacked hash collision with dynamic-bytes fields. This allowed forging a cross-chain retry message that bypassed authentication, resulting in the minting of approximately 1 quadrillion (10^15) MAPO tokens (about 4.8 million times the legitimate ~208 million circulating supply). The attacker d",slowmist,https://ourcryptotalk.com/news/butter-bridge-exploit-mints-1-quadrillion-mapo-tokens,1
2026-05-22,Polymarket,700000.0,0.0,700000.0,Polygon,Derivatives,EF,SC-Technical,Infrastructure,Private Key Compromised,"BlockSec entry (Compromised Private Key): tx=0x9faf63d9.. attacker=0xf61e39C7..; tx=0x273f1e01.. attacker=0x91430CaD.. | Polymarket suffered an internal private key compromise incident. A six-year-old operational wallet private key (used for the rewards payout system and market initializer) was compromised, resulting in the extraction of approximately $573,200 (in USDC and POL) from addresses on the Polygon chain. Polymarket officials quickly clarified that this was not due to any smart contract","blocksec,defillama,slowmist",https://api.llama.fi/hacks | https://blocksec.com/security-incident?hash=0x9faf63d96cab3ca02680452a4c66bdf7ae8a2901307ec27a180da47d96ef2dc7 | https://x.com/bubblemaps/status/2057759874730078450 | https://x.com/devjoshstevens/status/2057768173915484505,3
2026-05-23,StablR,7800000.0,0.0,7800000.0,Ethereum,Stablecoin,EF,SC-Technical,Infrastructure,Private Key Compromised,"BlockSec entry (Compromised Private Key): tx=0x15f54586.. attacker=0x044Dd988.. | Quick Summary On May 24, 2026, the StablR stablecoin protocol suffered a critical governance compromise resulting in the unauthorized minting of approximately $12.85M in unbacked $USDR and $EURR.&nbsp; Details of the Exploit The exploit was not the result of a smart contract vulnerability, but rather a fundamental failure in key management and governance configuration. The StablR minting authority was governed by a","blocksec,defi_rekt,defillama,slowmist",https://api.llama.fi/hacks | https://blocksec.com/security-incident?hash=0x15f5458679e8c8a8b73bba60b36fab6ae4b09b27f17f3c5d2d19dc9be3582019 | https://de.fi/rekt-database?id=4217 | https://x.com/blockaid_/status/2058372418557595890,4
2026-05-23,Mure,11700.0,0.0,11700.0,Ethereum,DEX,EF,SC-Technical,Protocol Logic,Access Control Exploit,"Mure’s MureDistribution proxy contract on Ethereum was exploited due to an access control vulnerability in signature validation. The attacker supplied a malicious contract as the “signer source,” causing SignatureChecker to return true and bypass verification. This allowed draining 4.85M QUEST tokens (pre-approved to the proxy) via transferFrom, which were then swapped for ~5.45 ETH (~$11,700) on Uniswap. No user funds or main payment infrastructure were affected; it was a targeted logic flaw in","defillama,slowmist",https://api.llama.fi/hacks | https://x.com/clarahacks/status/2058341669603307880,2
2026-05-24,Fractal Protocol,13700.0,0.0,13700.0,Arbitrum,Yield,CPBP,SC-Economic,Protocol Logic,Flashloan Price Manipulation,"Fractal Protocol’s USDF vault on Arbitrum was exploited via a smart contract logic flaw. The attacker used an Aave V3 USDC.e flash loan, looped through Balancer V2 batchSwap callbacks, and recursively called the vault’s deposit (0xb6b55f25) and withdraw functions. This exploited the fixed daily-accrued tokenPrice (~1.27 USDC/USDF) and share-rounding accounting issues without proper invariant checks across re-entrant flows, allowing the extraction of approximately 13,700 USDC.e. The vault’s liqui","defillama,slowmist",https://api.llama.fi/hacks | https://x.com/DefimonAlerts/status/2058619391776878967,2
2026-05-25,Bitmor,10000.0,0.0,10000.0,Base,Other,EF,SC-Technical,Protocol Logic,Access Control Exploit,,defillama,https://api.llama.fi/hacks,1
2026-05-27,Stake DAO,91170.0,0.0,91170.0,Arbitrum,Yield,EF,SC-Technical,Protocol Logic,Private Key Compromised,"Quick Summary On May 27, 2026, the DeFi protocol Stake DAO was exploited on the Arbitrum network following the compromise of a deployer private key. Due to the limited liquidity available for vsdCRV, the attacker was only able to realize roughly $91,170 in profit before swapping and bridging the funds to the Ethereum mainnet. Details of the Exploit The incident was a direct result of a private key leakage and was not caused by a vulnerability in the protocol's smart contracts or the LayerZero in","defi_rekt,defillama,slowmist",https://api.llama.fi/hacks | https://de.fi/rekt-database?id=4220 | https://x.com/PeckShieldAlert/status/2059578749352640679,3
2026-05-28,ONTR,98200.0,0.0,98200.0,,Other,EF,SC-Technical,,Smart Contract Vulnerability,"The ONTR token project was drained due to a flawed onlyOwner check in the contract (accepts owner == address(0)). This allowed re-owning a renounced token. The attacker used hidden balance-grant logic to fake massive ONTR balances (no totalSupply/mint logs), dumped into the ONTR/WETH LP, and swapped out WETH for profit.",slowmist,https://x.com/TenArmorAlert/status/2060190914547449936,1
2026-05-29,MoneyMon,85519.47,0.0,85519.47,,DEX,EF,SC-Technical,,Smart Contract Vulnerability,"The LegendaryMoneyMonNft contract’s cliamRewred function had a signature verification flaw. The verify() only checked if recoverSigner(...) == admin, without properly validating cases where ecrecover returns address(0). The attacker set admin to zero address, then used an invalid signature (r=0, s=0, v=27) to bypass checks, arbitrarily claim rewards, drain all tokens from the contract, and swap them for USDT via PancakeSwap.",slowmist,https://x.com/SlowMist_Team/status/2060205558687486441,1
