date,Lending,DEX,Bridge,Derivatives,Yield,RWA,Algo-Stables,DeFi
2018-01-01,0.0,0.0,0.0,0.0,0.0,0.0,0.0,0.0
2018-01-02,0.0,0.0,0.0,0.0,0.0,0.0,0.0,0.0
2018-01-03,0.0,0.0,0.0,0.0,0.0,0.0,0.0,0.0
2018-01-04,0.0,0.0,0.0,0.0,0.0,0.0,0.0,0.0
2018-01-05,0.0,0.0,0.0,0.0,0.0,0.0,0.0,0.0
2018-01-06,0.0,0.0,0.0,0.0,0.0,0.0,0.0,0.0
2018-01-07,0.0,0.0,0.0,0.0,0.0,0.0,0.0,0.0
2018-01-08,0.0,0.0,0.0,0.0,0.0,0.0,0.0,0.0
2018-01-09,0.0,0.0,0.0,0.0,0.0,0.0,0.0,0.0
2018-01-10,0.0,0.0,0.0,0.0,0.0,0.0,0.0,0.0
2018-01-11,0.0,0.0,0.0,0.0,0.0,0.0,0.0,0.0
2018-01-12,0.0,0.0,0.0,0.0,0.0,0.0,0.0,0.0
2018-01-13,0.0,0.0,0.0,0.0,0.0,0.0,0.0,0.0
2018-01-14,0.0,0.0,0.0,0.0,0.0,0.0,0.0,0.0
2018-01-15,0.0,0.0,0.0,0.0,0.0,0.0,0.0,0.0
2018-01-16,0.0,0.0,0.0,0.0,0.0,0.0,0.0,0.0
2018-01-17,0.0,0.0,0.0,0.0,0.0,0.0,0.0,0.0
2018-01-18,0.0,0.0,0.0,0.0,0.0,0.0,0.0,0.0
2018-01-19,0.0,0.0,0.0,0.0,0.0,0.0,0.0,0.0
2018-01-20,0.0,0.0,0.0,0.0,0.0,0.0,0.0,0.0
2018-01-21,0.0,0.0,0.0,0.0,0.0,0.0,0.0,0.0
2018-01-22,0.0,0.0,0.0,0.0,0.0,0.0,0.0,0.0
2018-01-23,0.0,0.0,0.0,0.0,0.0,0.0,0.0,0.0
2018-01-24,0.0,0.0,0.0,0.0,0.0,0.0,0.0,0.0
2018-01-25,0.0,0.0,0.0,0.0,0.0,0.0,0.0,0.0
2018-01-26,0.0,0.0,0.0,0.0,0.0,0.0,0.0,0.0
2018-01-27,0.0,0.0,0.0,0.0,0.0,0.0,0.0,0.0
2018-01-28,0.0,0.0,0.0,0.0,0.0,0.0,0.0,0.0
2018-01-29,0.0,0.0,0.0,0.0,0.0,0.0,0.0,0.0
2018-01-30,0.0,0.0,0.0,0.0,0.0,0.0,0.0,0.0
2018-01-31,0.0,0.0,0.0,0.0,0.0,0.0,0.0,0.0
2018-02-01,0.0,0.0,0.0,0.0,0.0,0.0,0.0,0.0
2018-02-02,0.0,0.0,0.0,0.0,0.0,0.0,0.0,0.0
2018-02-03,0.0,0.0,0.0,0.0,0.0,0.0,0.0,0.0
2018-02-04,0.0,0.0,0.0,0.0,0.0,0.0,0.0,0.0
2018-02-05,0.0,0.0,0.0,0.0,0.0,0.0,0.0,0.0
2018-02-06,0.0,0.0,0.0,0.0,0.0,0.0,0.0,0.0
2018-02-07,0.0,0.0,0.0,0.0,0.0,0.0,0.0,0.0
2018-02-08,0.0,0.0,0.0,0.0,0.0,0.0,0.0,0.0
2018-02-09,0.0,0.0,0.0,0.0,0.0,0.0,0.0,0.0
2018-02-10,0.0,0.0,0.0,0.0,0.0,0.0,0.0,0.0
2018-02-11,0.0,0.0,0.0,0.0,0.0,0.0,0.0,0.0
2018-02-12,0.0,0.0,0.0,0.0,0.0,0.0,0.0,0.0
2018-02-13,0.0,0.0,0.0,0.0,0.0,0.0,0.0,0.0
2018-02-14,0.0,6685316.0,0.0,0.0,0.0,0.0,0.0,6685316.0
2018-02-15,0.0,7335070.0,0.0,0.0,0.0,0.0,0.0,7335070.0
2018-02-16,0.0,7335070.0,0.0,0.0,0.0,0.0,0.0,7335070.0
2018-02-17,0.0,7335070.0,0.0,0.0,0.0,0.0,0.0,7335070.0
2018-02-18,0.0,7335070.0,0.0,0.0,0.0,0.0,0.0,7335070.0
2018-02-19,0.0,7335070.0,0.0,0.0,0.0,0.0,0.0,7335070.0
2018-02-20,0.0,11799305.0,0.0,0.0,0.0,0.0,0.0,11799305.0
2018-02-21,0.0,11620897.0,0.0,0.0,0.0,0.0,0.0,11620897.0
2018-02-22,0.0,9686993.0,0.0,0.0,0.0,0.0,0.0,9686993.0
2018-02-23,0.0,9686993.0,0.0,0.0,0.0,0.0,0.0,9686993.0
2018-02-24,0.0,9686993.0,0.0,0.0,0.0,0.0,0.0,9686993.0
2018-02-25,0.0,11924788.0,0.0,0.0,0.0,0.0,0.0,11924788.0
2018-02-26,0.0,11924788.0,0.0,0.0,0.0,0.0,0.0,11924788.0
2018-02-27,0.0,11293137.0,0.0,0.0,0.0,0.0,0.0,11293137.0
2018-02-28,0.0,11293137.0,0.0,0.0,0.0,0.0,0.0,11293137.0
2018-03-01,0.0,11293137.0,0.0,0.0,0.0,0.0,0.0,11293137.0
2018-03-02,0.0,11293137.0,0.0,0.0,0.0,0.0,0.0,11293137.0
2018-03-03,0.0,11293137.0,0.0,0.0,0.0,0.0,0.0,11293137.0
2018-03-04,0.0,11293137.0,0.0,0.0,0.0,0.0,0.0,11293137.0
2018-03-05,0.0,18351635.0,0.0,0.0,0.0,0.0,0.0,18351635.0
2018-03-06,0.0,18351635.0,0.0,0.0,0.0,0.0,0.0,18351635.0
2018-03-07,0.0,15284729.0,0.0,0.0,0.0,0.0,0.0,15284729.0
2018-03-08,0.0,15284729.0,0.0,0.0,0.0,0.0,0.0,15284729.0
2018-03-09,0.0,15284729.0,0.0,0.0,0.0,0.0,0.0,15284729.0
2018-03-10,0.0,15284729.0,0.0,0.0,0.0,0.0,0.0,15284729.0
2018-03-11,0.0,15284729.0,0.0,0.0,0.0,0.0,0.0,15284729.0
2018-03-12,0.0,15284729.0,0.0,0.0,0.0,0.0,0.0,15284729.0
2018-03-13,0.0,14201507.0,0.0,0.0,0.0,0.0,0.0,14201507.0
2018-03-14,0.0,14529180.0,0.0,0.0,0.0,0.0,0.0,14529180.0
2018-03-15,0.0,14529180.0,0.0,0.0,0.0,0.0,0.0,14529180.0
2018-03-16,0.0,14529180.0,0.0,0.0,0.0,0.0,0.0,14529180.0
2018-03-17,0.0,14529180.0,0.0,0.0,0.0,0.0,0.0,14529180.0
2018-03-18,0.0,14529180.0,0.0,0.0,0.0,0.0,0.0,14529180.0
2018-03-19,0.0,14529180.0,0.0,0.0,0.0,0.0,0.0,14529180.0
2018-03-20,0.0,14529180.0,0.0,0.0,0.0,0.0,0.0,14529180.0
2018-03-21,0.0,14529180.0,0.0,0.0,0.0,0.0,0.0,14529180.0
2018-03-22,0.0,14529180.0,0.0,0.0,0.0,0.0,0.0,14529180.0
2018-03-23,0.0,14529180.0,0.0,0.0,0.0,0.0,0.0,14529180.0
2018-03-24,0.0,14529180.0,0.0,0.0,0.0,0.0,0.0,14529180.0
2018-03-25,0.0,14529180.0,0.0,0.0,0.0,0.0,0.0,14529180.0
2018-03-26,0.0,14529180.0,0.0,0.0,0.0,0.0,0.0,14529180.0
2018-03-27,0.0,14529180.0,0.0,0.0,0.0,0.0,0.0,14529180.0
2018-03-28,0.0,10883302.0,0.0,0.0,0.0,0.0,0.0,10883302.0
2018-03-29,0.0,10975192.0,0.0,0.0,0.0,0.0,0.0,10975192.0
2018-03-30,0.0,10975192.0,0.0,0.0,0.0,0.0,0.0,10975192.0
2018-03-31,0.0,10975192.0,0.0,0.0,0.0,0.0,0.0,10975192.0
2018-04-01,0.0,10975192.0,0.0,0.0,0.0,0.0,0.0,10975192.0
2018-04-02,0.0,8872233.0,0.0,0.0,0.0,0.0,0.0,8872233.0
2018-04-03,0.0,8872233.0,0.0,0.0,0.0,0.0,0.0,8872233.0
2018-04-04,0.0,8872233.0,0.0,0.0,0.0,0.0,0.0,8872233.0
2018-04-05,0.0,8709109.0,0.0,0.0,0.0,0.0,0.0,8709109.0
2018-04-06,0.0,8994812.0,0.0,0.0,0.0,0.0,0.0,8994812.0
2018-04-07,0.0,8994812.0,0.0,0.0,0.0,0.0,0.0,8994812.0
2018-04-08,0.0,8994812.0,0.0,0.0,0.0,0.0,0.0,8994812.0
2018-04-09,0.0,8994812.0,0.0,0.0,0.0,0.0,0.0,8994812.0
2018-04-10,0.0,8994812.0,0.0,0.0,0.0,0.0,0.0,8994812.0
2018-04-11,0.0,8994812.0,0.0,0.0,0.0,0.0,0.0,8994812.0
2018-04-12,0.0,8994812.0,0.0,0.0,0.0,0.0,0.0,8994812.0
2018-04-13,0.0,11513794.0,0.0,0.0,0.0,0.0,0.0,11513794.0
2018-04-14,0.0,11599561.0,0.0,0.0,0.0,0.0,0.0,11599561.0
2018-04-15,0.0,11860237.0,0.0,0.0,0.0,0.0,0.0,11860237.0
2018-04-16,0.0,11860237.0,0.0,0.0,0.0,0.0,0.0,11860237.0
2018-04-17,0.0,11860237.0,0.0,0.0,0.0,0.0,0.0,11860237.0
2018-04-18,0.0,11860237.0,0.0,0.0,0.0,0.0,0.0,11860237.0
2018-04-19,0.0,16745422.0,0.0,0.0,0.0,0.0,0.0,16745422.0
2018-04-20,0.0,16745422.0,0.0,0.0,0.0,0.0,0.0,16745422.0
2018-04-21,0.0,19173183.0,0.0,0.0,0.0,0.0,0.0,19173183.0
2018-04-22,0.0,19557950.0,0.0,0.0,0.0,0.0,0.0,19557950.0
2018-04-23,0.0,19557950.0,0.0,0.0,0.0,0.0,0.0,19557950.0
2018-04-24,0.0,19557950.0,0.0,0.0,0.0,0.0,0.0,19557950.0
2018-04-25,0.0,19557950.0,0.0,0.0,0.0,0.0,0.0,19557950.0
2018-04-26,0.0,19557950.0,0.0,0.0,0.0,0.0,0.0,19557950.0
2018-04-27,0.0,21963401.0,0.0,0.0,0.0,0.0,0.0,21963401.0
2018-04-28,0.0,21963401.0,0.0,0.0,0.0,0.0,0.0,21963401.0
2018-04-29,0.0,21963401.0,0.0,0.0,0.0,0.0,0.0,21963401.0
2018-04-30,0.0,21963401.0,0.0,0.0,0.0,0.0,0.0,21963401.0
2018-05-01,0.0,21963401.0,0.0,0.0,0.0,0.0,0.0,21963401.0
2018-05-02,0.0,28548111.0,0.0,0.0,0.0,0.0,0.0,28548111.0
2018-05-03,0.0,34750920.0,0.0,0.0,0.0,0.0,0.0,34750920.0
2018-05-04,0.0,34750920.0,0.0,0.0,0.0,0.0,0.0,34750920.0
2018-05-05,0.0,34750920.0,0.0,0.0,0.0,0.0,0.0,34750920.0
2018-05-06,0.0,34750920.0,0.0,0.0,0.0,0.0,0.0,34750920.0
2018-05-07,0.0,28978796.0,0.0,0.0,0.0,0.0,0.0,28978796.0
2018-05-08,0.0,28978796.0,0.0,0.0,0.0,0.0,0.0,28978796.0
2018-05-09,0.0,23451787.0,0.0,0.0,0.0,0.0,0.0,23451787.0
2018-05-10,0.0,23451787.0,0.0,0.0,0.0,0.0,0.0,23451787.0
2018-05-11,0.0,23451787.0,0.0,0.0,0.0,0.0,0.0,23451787.0
2018-05-12,0.0,23451787.0,0.0,0.0,0.0,0.0,0.0,23451787.0
2018-05-13,0.0,23451787.0,0.0,0.0,0.0,0.0,0.0,23451787.0
2018-05-14,0.0,23451787.0,0.0,0.0,0.0,0.0,0.0,23451787.0
2018-05-15,0.0,28666360.0,0.0,0.0,0.0,0.0,0.0,28666360.0
2018-05-16,0.0,28666360.0,0.0,0.0,0.0,0.0,0.0,28666360.0
2018-05-17,0.0,27148807.0,0.0,0.0,0.0,0.0,0.0,27148807.0
2018-05-18,0.0,26249280.0,0.0,0.0,0.0,0.0,0.0,26249280.0
2018-05-19,0.0,26249280.0,0.0,0.0,0.0,0.0,0.0,26249280.0
2018-05-20,0.0,26249280.0,0.0,0.0,0.0,0.0,0.0,26249280.0
2018-05-21,0.0,29816060.0,0.0,0.0,0.0,0.0,0.0,29816060.0
2018-05-22,0.0,29816060.0,0.0,0.0,0.0,0.0,0.0,29816060.0
2018-05-23,0.0,29816060.0,0.0,0.0,0.0,0.0,0.0,29816060.0
2018-05-24,0.0,29816060.0,0.0,0.0,0.0,0.0,0.0,29816060.0
2018-05-25,0.0,29816060.0,0.0,0.0,0.0,0.0,0.0,29816060.0
2018-05-26,0.0,28557912.0,0.0,0.0,0.0,0.0,0.0,28557912.0
2018-05-27,0.0,28557912.0,0.0,0.0,0.0,0.0,0.0,28557912.0
2018-05-28,0.0,28557912.0,0.0,0.0,0.0,0.0,0.0,28557912.0
2018-05-29,0.0,24410362.0,0.0,0.0,0.0,0.0,0.0,24410362.0
2018-05-30,0.0,24410362.0,0.0,0.0,0.0,0.0,0.0,24410362.0
2018-05-31,0.0,24410362.0,0.0,0.0,0.0,0.0,0.0,24410362.0
2018-06-01,0.0,24410362.0,0.0,0.0,0.0,0.0,0.0,24410362.0
2018-06-02,0.0,24410362.0,0.0,0.0,0.0,0.0,0.0,24410362.0
2018-06-03,0.0,31585817.0,0.0,0.0,0.0,0.0,0.0,31585817.0
2018-06-04,0.0,31585817.0,0.0,0.0,0.0,0.0,0.0,31585817.0
2018-06-05,0.0,31585817.0,0.0,0.0,0.0,0.0,0.0,31585817.0
2018-06-06,0.0,31585817.0,0.0,0.0,0.0,0.0,0.0,31585817.0
2018-06-07,0.0,30336780.0,0.0,0.0,0.0,0.0,0.0,30336780.0
2018-06-08,0.0,30336780.0,0.0,0.0,0.0,0.0,0.0,30336780.0
2018-06-09,0.0,30336780.0,0.0,0.0,0.0,0.0,0.0,30336780.0
2018-06-10,0.0,29727428.0,0.0,0.0,0.0,0.0,0.0,29727428.0
2018-06-11,0.0,29727428.0,0.0,0.0,0.0,0.0,0.0,29727428.0
2018-06-12,0.0,29727428.0,0.0,0.0,0.0,0.0,0.0,29727428.0
2018-06-13,0.0,29727428.0,0.0,0.0,0.0,0.0,0.0,29727428.0
2018-06-14,0.0,19859380.0,0.0,0.0,0.0,0.0,0.0,19859380.0
2018-06-15,0.0,19859380.0,0.0,0.0,0.0,0.0,0.0,19859380.0
2018-06-16,0.0,21328144.0,0.0,0.0,0.0,0.0,0.0,21328144.0
2018-06-17,0.0,21328144.0,0.0,0.0,0.0,0.0,0.0,21328144.0
2018-06-18,0.0,21328144.0,0.0,0.0,0.0,0.0,0.0,21328144.0
2018-06-19,0.0,21328144.0,0.0,0.0,0.0,0.0,0.0,21328144.0
2018-06-20,0.0,21328144.0,0.0,0.0,0.0,0.0,0.0,21328144.0
2018-06-21,0.0,23659993.0,0.0,0.0,0.0,0.0,0.0,23659993.0
2018-06-22,0.0,23389180.0,0.0,0.0,0.0,0.0,0.0,23389180.0
2018-06-23,0.0,23389180.0,0.0,0.0,0.0,0.0,0.0,23389180.0
2018-06-24,0.0,23389180.0,0.0,0.0,0.0,0.0,0.0,23389180.0
2018-06-25,0.0,23389180.0,0.0,0.0,0.0,0.0,0.0,23389180.0
2018-06-26,0.0,20837084.0,0.0,0.0,0.0,0.0,0.0,20837084.0
2018-06-27,0.0,20837084.0,0.0,0.0,0.0,0.0,0.0,20837084.0
2018-06-28,0.0,20837084.0,0.0,0.0,0.0,0.0,0.0,20837084.0
2018-06-29,0.0,19432473.0,0.0,0.0,0.0,0.0,0.0,19432473.0
2018-06-30,0.0,19432473.0,0.0,0.0,0.0,0.0,0.0,19432473.0
2018-07-01,0.0,19432473.0,0.0,0.0,0.0,0.0,0.0,19432473.0
2018-07-02,0.0,19432473.0,0.0,0.0,0.0,0.0,0.0,19432473.0
2018-07-03,0.0,19432473.0,0.0,0.0,0.0,0.0,0.0,19432473.0
2018-07-04,0.0,19432473.0,0.0,0.0,0.0,0.0,0.0,19432473.0
2018-07-05,0.0,19432473.0,0.0,0.0,0.0,0.0,0.0,19432473.0
2018-07-06,0.0,19432473.0,0.0,0.0,0.0,0.0,0.0,19432473.0
2018-07-07,0.0,22137918.0,0.0,0.0,0.0,0.0,0.0,22137918.0
2018-07-08,0.0,24690806.0,0.0,0.0,0.0,0.0,0.0,24690806.0
2018-07-09,0.0,22744996.0,0.0,0.0,0.0,0.0,0.0,22744996.0
2018-07-10,0.0,22744996.0,0.0,0.0,0.0,0.0,0.0,22744996.0
2018-07-11,0.0,19239290.0,0.0,0.0,0.0,0.0,0.0,19239290.0
2018-07-12,0.0,19239290.0,0.0,0.0,0.0,0.0,0.0,19239290.0
2018-07-13,0.0,19239290.0,0.0,0.0,0.0,0.0,0.0,19239290.0
2018-07-14,0.0,19239290.0,0.0,0.0,0.0,0.0,0.0,19239290.0
2018-07-15,0.0,19239290.0,0.0,0.0,0.0,0.0,0.0,19239290.0
2018-07-16,0.0,19239290.0,0.0,0.0,0.0,0.0,0.0,19239290.0
2018-07-17,0.0,19560892.0,0.0,0.0,0.0,0.0,0.0,19560892.0
2018-07-18,0.0,19560892.0,0.0,0.0,0.0,0.0,0.0,19560892.0
2018-07-19,0.0,19537167.0,0.0,0.0,0.0,0.0,0.0,19537167.0
2018-07-20,0.0,19795210.0,0.0,0.0,0.0,0.0,0.0,19795210.0
2018-07-21,0.0,19795210.0,0.0,0.0,0.0,0.0,0.0,19795210.0
2018-07-22,0.0,19795210.0,0.0,0.0,0.0,0.0,0.0,19795210.0
2018-07-23,0.0,19795210.0,0.0,0.0,0.0,0.0,0.0,19795210.0
2018-07-24,0.0,20252812.0,0.0,0.0,0.0,0.0,0.0,20252812.0
2018-07-25,0.0,20252812.0,0.0,0.0,0.0,0.0,0.0,20252812.0
2018-07-26,0.0,20252812.0,0.0,0.0,0.0,0.0,0.0,20252812.0
2018-07-27,0.0,19908278.0,0.0,0.0,0.0,0.0,0.0,19908278.0
2018-07-28,0.0,19908278.0,0.0,0.0,0.0,0.0,0.0,19908278.0
2018-07-29,0.0,19908278.0,0.0,0.0,0.0,0.0,0.0,19908278.0
2018-07-30,0.0,19908278.0,0.0,0.0,0.0,0.0,0.0,19908278.0
2018-07-31,0.0,19908278.0,0.0,0.0,0.0,0.0,0.0,19908278.0
2018-08-01,0.0,17473044.0,0.0,0.0,0.0,0.0,0.0,17473044.0
2018-08-02,0.0,17473044.0,0.0,0.0,0.0,0.0,0.0,17473044.0
2018-08-03,0.0,16237951.0,0.0,0.0,0.0,0.0,0.0,16237951.0
2018-08-04,0.0,16237951.0,0.0,0.0,0.0,0.0,0.0,16237951.0
2018-08-05,0.0,15802488.0,0.0,0.0,0.0,0.0,0.0,15802488.0
2018-08-06,0.0,15802488.0,0.0,0.0,0.0,0.0,0.0,15802488.0
2018-08-07,0.0,15802488.0,0.0,0.0,0.0,0.0,0.0,15802488.0
2018-08-08,0.0,15802488.0,0.0,0.0,0.0,0.0,0.0,15802488.0
2018-08-09,0.0,0.0,0.0,0.0,0.0,0.0,0.0,0.0
2018-08-10,0.0,0.0,0.0,0.0,0.0,0.0,0.0,0.0
2018-08-11,0.0,0.0,0.0,0.0,0.0,0.0,0.0,0.0
2018-08-12,0.0,16463491.0,0.0,0.0,0.0,0.0,0.0,16463491.0
2018-08-13,0.0,16463491.0,0.0,0.0,0.0,0.0,0.0,16463491.0
2018-08-14,0.0,16463491.0,0.0,0.0,0.0,0.0,0.0,16463491.0
2018-08-15,0.0,16463491.0,0.0,0.0,0.0,0.0,0.0,16463491.0
2018-08-16,0.0,16463491.0,0.0,0.0,0.0,0.0,0.0,16463491.0
2018-08-17,0.0,16193215.0,0.0,0.0,0.0,0.0,0.0,16193215.0
2018-08-18,0.0,16193215.0,0.0,0.0,0.0,0.0,0.0,16193215.0
2018-08-19,0.0,16193215.0,0.0,0.0,0.0,0.0,0.0,16193215.0
2018-08-20,0.0,16193215.0,0.0,0.0,0.0,0.0,0.0,16193215.0
2018-08-21,0.0,16423195.0,0.0,0.0,0.0,0.0,0.0,16423195.0
2018-08-22,0.0,16632102.0,0.0,0.0,0.0,0.0,0.0,16632102.0
2018-08-23,0.0,16632102.0,0.0,0.0,0.0,0.0,0.0,16632102.0
2018-08-24,0.0,16632102.0,0.0,0.0,0.0,0.0,0.0,16632102.0
2018-08-25,0.0,16632102.0,0.0,0.0,0.0,0.0,0.0,16632102.0
2018-08-26,0.0,16632102.0,0.0,0.0,0.0,0.0,0.0,16632102.0
2018-08-27,0.0,11817463.0,0.0,0.0,0.0,0.0,0.0,11817463.0
2018-08-28,0.0,11817463.0,0.0,0.0,0.0,0.0,0.0,11817463.0
2018-08-29,0.0,11817463.0,0.0,0.0,0.0,0.0,0.0,11817463.0
2018-08-30,0.0,11817463.0,0.0,0.0,0.0,0.0,0.0,11817463.0
2018-08-31,0.0,12662323.0,0.0,0.0,0.0,0.0,0.0,12662323.0
2018-09-01,0.0,12662323.0,0.0,0.0,0.0,0.0,0.0,12662323.0
2018-09-02,0.0,12662323.0,0.0,0.0,0.0,0.0,0.0,12662323.0
2018-09-03,0.0,12662323.0,0.0,0.0,0.0,0.0,0.0,12662323.0
2018-09-04,0.0,12662323.0,0.0,0.0,0.0,0.0,0.0,12662323.0
2018-09-05,0.0,12662323.0,0.0,0.0,0.0,0.0,0.0,12662323.0
2018-09-06,0.0,32739544.0,0.0,0.0,0.0,0.0,0.0,32739544.0
2018-09-07,0.0,32739544.0,0.0,0.0,0.0,0.0,0.0,32739544.0
2018-09-08,0.0,32739544.0,0.0,0.0,0.0,0.0,0.0,32739544.0
2018-09-09,0.0,32739544.0,0.0,0.0,0.0,0.0,0.0,32739544.0
2018-09-10,0.0,30259435.0,0.0,0.0,0.0,0.0,0.0,30259435.0
2018-09-11,0.0,31681334.0,0.0,0.0,0.0,0.0,0.0,31681334.0
2018-09-12,0.0,31047178.0,0.0,0.0,0.0,0.0,0.0,31047178.0
2018-09-13,0.0,31727650.0,0.0,0.0,0.0,0.0,0.0,31727650.0
2018-09-14,0.0,31013864.0,0.0,0.0,0.0,0.0,0.0,31013864.0
2018-09-15,0.0,16676693.0,0.0,0.0,0.0,0.0,0.0,16676693.0
2018-09-16,0.0,16866734.0,0.0,0.0,0.0,0.0,0.0,16866734.0
2018-09-17,0.0,16317165.0,0.0,0.0,0.0,0.0,0.0,16317165.0
2018-09-18,0.0,16734684.0,0.0,0.0,0.0,0.0,0.0,16734684.0
2018-09-19,0.0,16597747.0,0.0,0.0,0.0,0.0,0.0,16597747.0
2018-09-20,0.0,16846091.0,0.0,0.0,0.0,0.0,0.0,16846091.0
2018-09-21,0.0,17009131.0,0.0,0.0,0.0,0.0,0.0,17009131.0
2018-09-22,0.0,17125826.0,0.0,0.0,0.0,0.0,0.0,17125826.0
2018-09-23,0.0,11030118.0,0.0,0.0,0.0,0.0,0.0,11030118.0
2018-09-24,0.0,10909784.0,0.0,0.0,0.0,0.0,0.0,10909784.0
2018-09-25,0.0,10258692.0,0.0,0.0,0.0,0.0,0.0,10258692.0
2018-09-26,0.0,15120457.0,0.0,0.0,0.0,0.0,0.0,15120457.0
2018-09-27,0.0,10848976.0,0.0,0.0,0.0,0.0,0.0,10848976.0
2018-09-28,0.0,12058195.0,0.0,0.0,0.0,0.0,0.0,12058195.0
2018-09-29,0.0,11779053.0,0.0,0.0,0.0,0.0,0.0,11779053.0
2018-09-30,0.0,11923381.0,0.0,0.0,0.0,0.0,0.0,11923381.0
2018-10-01,0.0,12952144.0,0.0,0.0,0.0,0.0,0.0,12952144.0
2018-10-02,0.0,12993040.0,0.0,0.0,0.0,0.0,0.0,12993040.0
2018-10-03,0.0,12941363.0,0.0,0.0,0.0,0.0,0.0,12941363.0
2018-10-04,0.0,11424003.0,0.0,0.0,0.0,0.0,0.0,11424003.0
2018-10-05,0.0,12125856.0,0.0,0.0,0.0,0.0,0.0,12125856.0
2018-10-06,0.0,12541551.0,0.0,0.0,0.0,0.0,0.0,12541551.0
2018-10-07,0.0,12468269.0,0.0,0.0,0.0,0.0,0.0,12468269.0
2018-10-08,0.0,11065129.0,0.0,0.0,0.0,0.0,0.0,11065129.0
2018-10-09,0.0,11092854.0,0.0,0.0,0.0,0.0,0.0,11092854.0
2018-10-10,0.0,10920848.0,0.0,0.0,0.0,0.0,0.0,10920848.0
2018-10-11,0.0,10898951.0,0.0,0.0,0.0,0.0,0.0,10898951.0
2018-10-12,0.0,9053382.0,0.0,0.0,0.0,0.0,0.0,9053382.0
2018-10-13,0.0,9473441.0,0.0,0.0,0.0,0.0,0.0,9473441.0
2018-10-14,0.0,9697495.0,0.0,0.0,0.0,0.0,0.0,9697495.0
2018-10-15,0.0,9734350.0,0.0,0.0,0.0,0.0,0.0,9734350.0
2018-10-16,0.0,10286370.0,0.0,0.0,0.0,0.0,0.0,10286370.0
2018-10-17,0.0,10601441.0,0.0,0.0,0.0,0.0,0.0,10601441.0
2018-10-18,0.0,10735436.0,0.0,0.0,0.0,0.0,0.0,10735436.0
2018-10-19,0.0,10320673.0,0.0,0.0,0.0,0.0,0.0,10320673.0
2018-10-20,0.0,10473323.0,0.0,0.0,0.0,0.0,0.0,10473323.0
2018-10-21,0.0,10572140.0,0.0,0.0,0.0,0.0,0.0,10572140.0
2018-10-22,0.0,10783993.0,0.0,0.0,0.0,0.0,0.0,10783993.0
2018-10-23,0.0,11098191.0,0.0,0.0,0.0,0.0,0.0,11098191.0
2018-10-24,0.0,11098966.0,0.0,0.0,0.0,0.0,0.0,11098966.0
2018-10-25,0.0,11479993.0,0.0,0.0,0.0,0.0,0.0,11479993.0
2018-10-26,0.0,11770299.0,0.0,0.0,0.0,0.0,0.0,11770299.0
2018-10-27,0.0,11482830.0,0.0,0.0,0.0,0.0,0.0,11482830.0
2018-10-28,0.0,11641576.0,0.0,0.0,0.0,0.0,0.0,11641576.0
2018-10-29,0.0,11783148.0,0.0,0.0,0.0,0.0,0.0,11783148.0
2018-10-30,0.0,11399446.0,0.0,0.0,0.0,0.0,0.0,11399446.0
2018-10-31,0.0,11972378.0,0.0,0.0,0.0,0.0,0.0,11972378.0
2018-11-01,0.0,12258139.0,0.0,0.0,0.0,0.0,0.0,12258139.0
2018-11-02,0.0,12093289.0,0.0,0.0,0.0,0.0,0.0,12093289.0
2018-11-03,0.0,8333916.0,0.0,0.0,0.0,0.0,0.0,8333916.0
2018-11-04,0.0,13912539.0,0.0,0.0,0.0,0.0,0.0,13912539.0
2018-11-05,0.0,12023798.0,0.0,0.0,0.0,0.0,0.0,12023798.0
2018-11-06,0.0,11974715.0,0.0,0.0,0.0,0.0,0.0,11974715.0
2018-11-07,0.0,12174836.0,0.0,0.0,0.0,0.0,0.0,12174836.0
2018-11-08,0.0,12190623.0,0.0,0.0,0.0,0.0,0.0,12190623.0
2018-11-09,0.0,11629931.0,0.0,0.0,0.0,0.0,0.0,11629931.0
2018-11-10,0.0,11689873.0,0.0,0.0,0.0,0.0,0.0,11689873.0
2018-11-11,0.0,11888932.0,0.0,0.0,0.0,0.0,0.0,11888932.0
2018-11-12,0.0,11471166.0,0.0,0.0,0.0,0.0,0.0,11471166.0
2018-11-13,0.0,11423863.0,0.0,0.0,0.0,0.0,0.0,11423863.0
2018-11-14,0.0,11167593.0,0.0,0.0,0.0,0.0,0.0,11167593.0
2018-11-15,0.0,9268465.0,0.0,0.0,0.0,0.0,0.0,9268465.0
2018-11-16,0.0,9073657.0,0.0,0.0,0.0,0.0,0.0,9073657.0
2018-11-17,0.0,9035284.0,0.0,0.0,0.0,0.0,0.0,9035284.0
2018-11-18,0.0,8899527.0,0.0,0.0,0.0,0.0,0.0,8899527.0
2018-11-19,0.0,9015101.0,0.0,0.0,0.0,0.0,0.0,9015101.0
2018-11-20,0.0,7370220.0,0.0,0.0,0.0,0.0,0.0,7370220.0
2018-11-21,0.0,6527874.0,0.0,0.0,0.0,0.0,0.0,6527874.0
2018-11-22,0.0,6718289.0,0.0,0.0,0.0,0.0,0.0,6718289.0
2018-11-23,0.0,6486887.0,0.0,0.0,0.0,0.0,0.0,6486887.0
2018-11-24,0.0,6335201.0,0.0,0.0,0.0,0.0,0.0,6335201.0
2018-11-25,0.0,5715918.0,0.0,0.0,0.0,0.0,0.0,5715918.0
2018-11-26,0.0,5829732.0,0.0,0.0,0.0,0.0,0.0,5829732.0
2018-11-27,0.0,5330222.0,0.0,0.0,0.0,0.0,0.0,5330222.0
2018-11-28,0.0,5609326.0,0.0,0.0,0.0,0.0,0.0,5609326.0
2018-11-29,0.0,6337258.0,0.0,0.0,0.0,0.0,0.0,6337258.0
2018-11-30,0.0,6036592.0,0.0,0.0,0.0,0.0,0.0,6036592.0
2018-12-01,0.0,5747726.0,0.0,0.0,0.0,0.0,0.0,5747726.0
2018-12-02,0.0,6036813.0,0.0,0.0,0.0,0.0,0.0,6036813.0
2018-12-03,0.0,5871463.0,0.0,0.0,0.0,0.0,0.0,5871463.0
2018-12-04,0.0,5634436.0,0.0,0.0,0.0,0.0,0.0,5634436.0
2018-12-05,0.0,5775174.0,0.0,0.0,0.0,0.0,0.0,5775174.0
2018-12-06,0.0,5184924.0,0.0,0.0,0.0,0.0,0.0,5184924.0
2018-12-07,0.0,4878306.0,0.0,0.0,0.0,0.0,0.0,4878306.0
2018-12-08,0.0,4861705.0,0.0,0.0,0.0,0.0,0.0,4861705.0
2018-12-09,0.0,5021808.0,0.0,0.0,0.0,0.0,0.0,5021808.0
2018-12-10,0.0,4959136.0,0.0,0.0,0.0,0.0,0.0,4959136.0
2018-12-11,0.0,4878286.0,0.0,0.0,0.0,0.0,0.0,4878286.0
2018-12-12,0.0,4662793.0,0.0,0.0,0.0,0.0,0.0,4662793.0
2018-12-13,0.0,4865527.0,0.0,0.0,0.0,0.0,0.0,4865527.0
2018-12-14,0.0,4705209.0,0.0,0.0,0.0,0.0,0.0,4705209.0
2018-12-15,0.0,4426482.0,0.0,0.0,0.0,0.0,0.0,4426482.0
2018-12-16,0.0,4460863.0,0.0,0.0,0.0,0.0,0.0,4460863.0
2018-12-17,0.0,4726594.0,0.0,0.0,0.0,0.0,0.0,4726594.0
2018-12-18,0.0,5370201.0,0.0,0.0,0.0,0.0,0.0,5370201.0
2018-12-19,0.0,5635326.0,0.0,0.0,0.0,0.0,0.0,5635326.0
2018-12-20,0.0,5448041.0,0.0,0.0,0.0,0.0,0.0,5448041.0
2018-12-21,0.0,6244679.0,0.0,0.0,0.0,0.0,0.0,6244679.0
2018-12-22,0.0,5824498.0,0.0,0.0,0.0,0.0,0.0,5824498.0
2018-12-23,0.0,6132225.0,0.0,0.0,0.0,0.0,0.0,6132225.0
2018-12-24,0.0,6769431.0,0.0,0.0,0.0,0.0,0.0,6769431.0
2018-12-25,0.0,6917236.0,0.0,0.0,0.0,0.0,0.0,6917236.0
2018-12-26,0.0,6198195.0,0.0,0.0,0.0,0.0,0.0,6198195.0
2018-12-27,0.0,6588491.0,0.0,0.0,0.0,0.0,0.0,6588491.0
2018-12-28,0.0,5913638.0,0.0,0.0,0.0,0.0,0.0,5913638.0
2018-12-29,0.0,5896200.0,0.0,0.0,0.0,0.0,0.0,5896200.0
2018-12-30,0.0,0.0,0.0,0.0,0.0,0.0,0.0,0.0
2018-12-31,0.0,0.0,0.0,0.0,0.0,0.0,0.0,0.0
2019-01-01,0.0,0.0,0.0,0.0,0.0,0.0,0.0,0.0
2019-01-02,0.0,0.0,0.0,0.0,0.0,0.0,0.0,0.0
2019-01-03,0.0,0.0,0.0,0.0,0.0,0.0,0.0,0.0
2019-01-04,273845651.0,6775192.0,0.0,0.0,0.0,0.0,0.0,280620843.0
2019-01-05,288674544.0,7012583.0,0.0,0.0,0.0,0.0,0.0,295687127.0
2019-01-06,297321259.0,7127028.0,0.0,0.0,0.0,0.0,0.0,304448287.0
2019-01-07,286168221.0,6916794.0,0.0,0.0,0.0,0.0,0.0,293085015.0
2019-01-08,285073686.0,6969261.0,0.0,0.0,0.0,0.0,0.0,292042947.0
2019-01-09,278233166.0,6956012.0,0.0,0.0,0.0,0.0,0.0,285189178.0
2019-01-10,105898455.0,6954194.0,0.0,0.0,0.0,0.0,0.0,112852649.0
2019-01-11,244360898.0,6960230.0,0.0,0.0,0.0,0.0,0.0,251321128.0
2019-01-12,278791638.0,6171180.0,0.0,0.0,0.0,0.0,0.0,284962818.0
2019-01-13,245391943.0,6500605.0,0.0,0.0,0.0,0.0,0.0,251892548.0
2019-01-14,178407107.0,7209954.0,0.0,0.0,0.0,0.0,0.0,185617061.0
2019-01-15,249206208.0,6272422.0,0.0,0.0,0.0,0.0,0.0,255478630.0
2019-01-16,251319025.0,5671825.0,0.0,0.0,0.0,0.0,0.0,256990850.0
2019-01-17,254476809.0,7110823.0,0.0,0.0,0.0,0.0,0.0,261587632.0
2019-01-18,265692973.0,5838177.0,0.0,0.0,0.0,0.0,0.0,271531150.0
2019-01-19,232633384.0,5538333.0,0.0,0.0,0.0,0.0,0.0,238171717.0
2019-01-20,239565945.0,5850260.0,0.0,0.0,0.0,0.0,0.0,245416205.0
2019-01-21,236425378.0,5656133.0,0.0,0.0,0.0,0.0,0.0,242081511.0
2019-01-22,229107169.0,5182829.0,0.0,0.0,0.0,0.0,0.0,234289998.0
2019-01-23,223419377.0,5686956.0,0.0,0.0,0.0,0.0,0.0,229106333.0
2019-01-24,231128356.0,5674411.0,0.0,0.0,0.0,0.0,0.0,236802767.0
2019-01-25,229036911.0,5711920.0,0.0,0.0,0.0,0.0,0.0,234748831.0
2019-01-26,229350909.0,5636122.0,0.0,0.0,0.0,0.0,0.0,234987031.0
2019-01-27,232775186.0,5641279.0,0.0,0.0,0.0,0.0,0.0,238416465.0
2019-01-28,227553078.0,5464950.0,0.0,0.0,0.0,0.0,0.0,233018028.0
2019-01-29,99119725.0,5252188.0,0.0,0.0,0.0,0.0,0.0,104371913.0
2019-01-30,206497811.0,5204472.0,0.0,0.0,0.0,0.0,0.0,211702283.0
2019-01-31,210148472.0,5403731.0,254172.0,0.0,0.0,0.0,0.0,215806375.0
2019-02-01,216195888.0,5302080.0,249001.0,0.0,0.0,0.0,0.0,221746969.0
2019-02-02,214689445.0,5413675.0,251777.0,0.0,0.0,0.0,0.0,220354897.0
2019-02-03,217434805.0,5442777.0,252160.0,0.0,0.0,0.0,0.0,223129742.0
2019-02-04,217464838.0,5451152.0,251169.0,0.0,0.0,0.0,0.0,223167159.0
2019-02-05,216797962.0,5478605.0,251746.0,0.0,0.0,0.0,0.0,222528313.0
2019-02-06,218522363.0,5500022.0,252490.0,0.0,0.0,0.0,0.0,224274875.0
2019-02-07,210990225.0,5431085.0,248105.0,0.0,0.0,0.0,0.0,216669415.0
2019-02-08,216125664.0,5482808.0,245346.0,0.0,0.0,0.0,0.0,221853818.0
2019-02-09,220896084.0,6258121.0,265407.0,0.0,0.0,0.0,0.0,227419612.0
2019-02-10,246516060.0,6292560.0,266896.0,0.0,0.0,0.0,0.0,253075516.0
2019-02-11,243147997.0,6515838.0,267851.0,0.0,0.0,0.0,0.0,249931686.0
2019-02-12,249056274.0,6305946.0,261847.0,0.0,0.0,0.0,0.0,255624067.0
2019-02-13,246891104.0,6466342.0,264548.0,0.0,0.0,0.0,0.0,253621994.0
2019-02-14,252330117.0,6452255.0,261219.0,0.0,0.0,0.0,0.0,259043591.0
2019-02-15,249014889.0,6362739.0,261117.0,0.0,0.0,0.0,0.0,255638745.0
2019-02-16,252662176.0,6430834.0,261492.0,0.0,0.0,0.0,0.0,259354502.0
2019-02-17,252503720.0,6456385.0,264470.0,0.0,0.0,0.0,0.0,259224575.0
2019-02-18,264590109.0,6945485.0,268777.0,0.0,0.0,0.0,0.0,271804371.0
2019-02-19,287766062.0,7350356.0,277607.0,0.0,0.0,0.0,0.0,295394025.0
2019-02-20,306221522.0,7159290.0,310514.0,0.0,0.0,0.0,0.0,313691326.0
2019-02-21,304548188.0,7263896.0,317917.0,0.0,0.0,0.0,0.0,312130001.0
2019-02-22,302379099.0,7023303.0,314302.0,0.0,0.0,0.0,0.0,309716704.0
2019-02-23,310103145.0,7116672.0,315493.0,0.0,0.0,0.0,0.0,317535310.0
2019-02-24,310601424.0,7669718.0,327308.0,0.0,0.0,0.0,0.0,318598450.0
2019-02-25,344705717.0,6747606.0,296462.0,0.0,0.0,0.0,0.0,351749785.0
2019-02-26,291862956.0,6849144.0,304063.0,0.0,0.0,0.0,0.0,299016163.0
2019-02-27,291068142.0,6593837.0,306011.0,0.0,0.0,0.0,0.0,297967990.0
2019-02-28,294046143.0,6542558.0,303520.0,0.0,0.0,0.0,0.0,300892221.0
2019-03-01,292040933.0,6715545.0,302441.0,0.0,0.0,0.0,0.0,299058919.0
2019-03-02,296111729.0,6813719.0,303265.0,0.0,0.0,0.0,0.0,303228713.0
2019-03-03,285473122.0,6636696.0,304566.0,0.0,0.0,0.0,0.0,292414384.0
2019-03-04,287002415.0,6514232.0,299737.0,0.0,0.0,0.0,0.0,293816384.0
2019-03-05,270936438.0,6342184.0,272605.0,0.0,0.0,0.0,0.0,277551227.0
2019-03-06,276708574.0,6806887.0,284461.0,0.0,0.0,0.0,0.0,283799922.0
2019-03-07,300290540.0,6614007.0,284415.0,0.0,0.0,0.0,0.0,307188962.0
2019-03-08,302754391.0,6553958.0,283560.0,0.0,0.0,0.0,0.0,309591909.0
2019-03-09,294649561.0,6447398.0,281993.0,0.0,0.0,0.0,0.0,301378952.0
2019-03-10,305036738.0,6509973.0,287911.0,0.0,0.0,0.0,0.0,311834622.0
2019-03-11,294082104.0,6642865.0,288379.0,0.0,0.0,0.0,0.0,301013348.0
2019-03-12,291508947.0,6430985.0,285006.0,0.0,0.0,0.0,0.0,298224938.0
2019-03-13,293239777.0,6488923.0,286092.0,0.0,0.0,0.0,0.0,300014792.0
2019-03-14,287949170.0,6330600.0,282947.0,0.0,0.0,0.0,0.0,294562717.0
2019-03-15,290717107.0,6381452.0,284794.0,0.0,0.0,0.0,0.0,297383353.0
2019-03-16,296375880.0,6701591.0,288140.0,0.0,0.0,0.0,0.0,303365611.0
2019-03-17,314660780.0,7010066.0,294344.0,0.0,0.0,0.0,0.0,321965190.0
2019-03-18,314597923.0,6783877.0,289818.0,0.0,0.0,0.0,0.0,321671618.0
2019-03-19,310599055.0,6679181.0,293379.0,0.0,0.0,0.0,0.0,317571615.0
2019-03-20,307723121.0,6832989.0,295064.0,0.0,0.0,0.0,0.0,314851174.0
2019-03-21,308074619.0,6976856.0,304478.0,0.0,0.0,0.0,0.0,315355953.0
2019-03-22,305486486.0,6856816.0,294900.0,0.0,0.0,0.0,0.0,312638202.0
2019-03-23,298000124.0,6878490.0,294098.0,0.0,0.0,0.0,0.0,305172712.0
2019-03-24,299355874.0,6896567.0,294069.0,0.0,0.0,0.0,0.0,306546510.0
2019-03-25,301064057.0,6816988.0,229086.0,0.0,0.0,0.0,0.0,308110131.0
2019-03-26,295250525.0,6712968.0,289129.0,0.0,0.0,0.0,0.0,302252622.0
2019-03-27,291362076.0,6952916.0,274852.0,0.0,0.0,0.0,0.0,298589844.0
2019-03-28,306190288.0,6922633.0,282923.0,0.0,0.0,0.0,0.0,313395844.0
2019-03-29,299266715.0,7105096.0,335709.0,0.0,0.0,0.0,0.0,306707520.0
2019-03-30,307754976.0,7442888.0,258562.0,0.0,0.0,0.0,0.0,315456426.0
2019-03-31,313300444.0,7531432.0,335046.0,0.0,0.0,0.0,0.0,321166922.0
2019-04-01,310517949.0,7363567.0,402040.0,0.0,0.0,0.0,0.0,318283556.0
2019-04-02,308151536.0,7402951.0,277570.0,0.0,0.0,0.0,0.0,315832057.0
2019-04-03,336263593.0,8251954.0,404664.0,0.0,0.0,0.0,0.0,344920211.0
2019-04-04,366829799.0,8248478.0,442961.0,0.0,0.0,0.0,0.0,375521238.0
2019-04-05,352168339.0,7846090.0,460498.0,0.0,0.0,0.0,0.0,360474927.0
2019-04-06,360427476.0,8187481.0,472405.0,0.0,0.0,0.0,0.0,369087362.0
2019-04-07,359762073.0,8275462.0,472765.0,0.0,0.0,0.0,0.0,368510300.0
2019-04-08,370316546.0,8663455.0,486319.0,0.0,0.0,0.0,0.0,379466320.0
2019-04-09,389777636.0,8741322.0,757065.0,0.0,0.0,0.0,0.0,399276023.0
2019-04-10,389689615.0,8558358.0,745803.0,0.0,0.0,0.0,0.0,398993776.0
2019-04-11,397725873.0,8855615.0,762518.0,0.0,0.0,0.0,0.0,407344006.0
2019-04-12,363504425.0,8283249.0,765595.0,0.0,0.0,0.0,0.0,372553269.0
2019-04-13,363879857.0,8424353.0,768467.0,0.0,0.0,0.0,0.0,373072677.0
2019-04-14,356169537.0,8425504.0,765947.0,0.0,0.0,0.0,0.0,365360988.0
2019-04-15,356564060.0,8610182.0,779175.0,0.0,0.0,0.0,0.0,365953417.0
2019-04-16,359978384.0,8090123.0,764289.0,0.0,0.0,0.0,0.0,368832796.0
2019-04-17,349781355.0,8204330.0,782047.0,0.0,0.0,0.0,0.0,358767732.0
2019-04-18,362216603.0,8238189.0,786707.0,0.0,0.0,0.0,0.0,371241499.0
2019-04-19,367751489.0,8652044.0,799710.0,0.0,0.0,0.0,0.0,377203243.0
2019-04-20,370528927.0,8618637.0,800245.0,0.0,0.0,0.0,0.0,379947809.0
2019-04-21,363873891.0,8755671.0,803374.0,0.0,0.0,0.0,0.0,373432936.0
2019-04-22,353841906.0,8676138.0,827291.0,0.0,0.0,0.0,0.0,363345335.0
2019-04-23,361419880.0,8542996.0,839030.0,0.0,0.0,0.0,0.0,370801906.0
2019-04-24,368961570.0,8463742.0,862486.0,0.0,0.0,0.0,0.0,378287798.0
2019-04-25,345312753.0,8287569.0,852545.0,0.0,0.0,0.0,0.0,354452867.0
2019-04-26,341653434.0,7776452.0,800127.0,0.0,0.0,0.0,0.0,350230013.0
2019-04-27,324636100.0,8305909.0,823165.0,0.0,0.0,0.0,0.0,333765174.0
2019-04-28,322142508.0,8375379.0,824649.0,0.0,0.0,0.0,0.0,331342536.0
2019-04-29,326910738.0,8191545.0,745099.0,0.0,0.0,0.0,0.0,335847382.0
2019-04-30,316208536.0,8438729.0,783397.0,0.0,0.0,0.0,0.0,325430662.0
2019-05-01,330266902.0,8697321.0,801317.0,0.0,0.0,0.0,0.0,339765540.0
2019-05-02,337903142.0,8626291.0,807223.0,0.0,0.0,0.0,0.0,347336656.0
2019-05-03,330725454.0,8867190.0,823303.0,0.0,0.0,0.0,0.0,340415947.0
2019-05-04,338211869.0,8841547.0,866278.0,0.0,0.0,0.0,0.0,347919694.0
2019-05-05,333913390.0,8631547.0,1139852.0,0.0,0.0,0.0,0.0,343684789.0
2019-05-06,334871013.0,8677706.0,1131959.0,0.0,0.0,0.0,0.0,344680678.0
2019-05-07,334487376.0,9150124.0,1144197.0,0.0,0.0,0.0,0.0,344781697.0
2019-05-08,365794125.0,8966202.0,1179457.0,0.0,0.0,0.0,0.0,375939784.0
2019-05-09,345636627.0,8768863.0,1231754.0,0.0,0.0,0.0,0.0,355637244.0
2019-05-10,347023858.0,8469420.0,1246854.0,0.0,0.0,0.0,0.0,356740132.0
2019-05-11,342955979.0,8545955.0,1395698.0,0.0,0.0,0.0,0.0,352897632.0
2019-05-12,368692193.0,9234250.0,1606122.0,0.0,0.0,0.0,0.0,379532565.0
2019-05-13,374443368.0,8854350.0,1556761.0,0.0,0.0,0.0,0.0,384854479.0
2019-05-14,380034174.0,9307118.0,1749390.0,0.0,0.0,0.0,0.0,391090682.0
2019-05-15,405342368.0,10345441.0,1739591.0,0.0,0.0,0.0,0.0,417427400.0
2019-05-16,445721652.0,11320162.0,1810955.0,0.0,0.0,0.0,0.0,458852769.0
2019-05-17,449986142.0,12033675.0,1680318.0,0.0,0.0,0.0,0.0,463700135.0
2019-05-18,415571402.0,11031042.0,1574888.0,0.0,0.0,0.0,0.0,428177332.0
2019-05-19,426868664.0,10613478.0,1553865.0,0.0,0.0,0.0,0.0,439036007.0
2019-05-20,456226576.0,11399834.0,1756643.0,0.0,0.0,0.0,0.0,469383053.0
2019-05-21,445305522.0,11319079.0,2063921.0,0.0,0.0,0.0,0.0,458688522.0
2019-05-22,443691494.0,11755861.0,2065646.0,0.0,0.0,0.0,0.0,457513001.0
2019-05-23,446704668.0,11260432.0,1976128.0,0.0,0.0,0.0,0.0,459941228.0
2019-05-24,428553254.0,11335387.0,2029007.0,0.0,0.0,0.0,0.0,441917648.0
2019-05-25,455161606.0,11384902.0,2072040.0,0.0,0.0,0.0,0.0,468618548.0
2019-05-26,462761243.0,11476268.0,2071617.0,0.0,0.0,0.0,0.0,476309128.0
2019-05-27,446733452.0,12231037.0,2238890.0,0.0,0.0,0.0,0.0,461203379.0
2019-05-28,474915151.0,12233994.0,2287641.0,0.0,0.0,0.0,0.0,489436786.0
2019-05-29,460084150.0,11843859.0,2248830.0,0.0,0.0,0.0,0.0,474176839.0
2019-05-30,457889515.0,11849060.0,2239847.0,0.0,0.0,0.0,0.0,471978422.0
2019-05-31,478255490.0,11087199.0,2145686.0,0.0,0.0,0.0,0.0,491488375.0
2019-06-01,436638336.0,11486983.0,2235551.0,0.0,0.0,0.0,0.0,450360870.0
2019-06-02,461516308.0,11522386.0,2224828.0,0.0,0.0,0.0,0.0,475263522.0
2019-06-03,463581995.0,11711131.0,2252176.0,0.0,0.0,0.0,0.0,477545302.0
2019-06-04,452061584.0,10715119.0,2122413.0,0.0,0.0,0.0,0.0,464899116.0
2019-06-05,422712542.0,10536662.0,1987407.0,0.0,0.0,0.0,0.0,435236611.0
2019-06-06,424572574.0,10989371.0,2013358.0,0.0,0.0,0.0,0.0,437575303.0
2019-06-07,427259162.0,11183505.0,2021039.0,0.0,0.0,0.0,0.0,440463706.0
2019-06-08,429890049.0,11364938.0,2059536.0,0.0,0.0,0.0,0.0,443314523.0
2019-06-09,430804095.0,11031327.0,1783665.0,0.0,0.0,0.0,0.0,443619087.0
2019-06-10,423628795.0,10348464.0,1986420.0,0.0,0.0,0.0,0.0,435963679.0
2019-06-11,423931523.0,11574126.0,2079161.0,0.0,0.0,0.0,0.0,437584810.0
2019-06-12,418270775.0,11616913.0,2057092.0,0.0,0.0,0.0,0.0,431944780.0
2019-06-13,434540195.0,12310628.0,2115418.0,0.0,0.0,0.0,0.0,448966241.0
2019-06-14,447150768.0,11893036.0,2136085.0,0.0,0.0,0.0,0.0,461179889.0
2019-06-15,445062507.0,12295136.0,2249757.0,0.0,0.0,0.0,0.0,459607400.0
2019-06-16,455962058.0,12340193.0,2260364.0,0.0,0.0,0.0,0.0,470562615.0
2019-06-17,470594514.0,12347457.0,2870797.0,0.0,0.0,0.0,0.0,485812768.0
2019-06-18,473449736.0,12434783.0,2979988.0,0.0,0.0,0.0,0.0,488864507.0
2019-06-19,466048536.0,12016695.0,2892743.0,0.0,0.0,0.0,0.0,480957974.0
2019-06-20,464254523.0,12424051.0,2971825.0,0.0,0.0,0.0,0.0,479650399.0
2019-06-21,466938911.0,12981755.0,3058269.0,0.0,0.0,0.0,0.0,482978935.0
2019-06-22,501689778.0,13825149.0,3173858.0,0.0,0.0,0.0,0.0,518688785.0
2019-06-23,528909127.0,14174055.0,3418600.0,0.0,0.0,0.0,0.0,546501782.0
2019-06-24,527428036.0,14369291.0,3451300.0,0.0,0.0,0.0,0.0,545248627.0
2019-06-25,532740007.0,14282254.0,3530830.0,0.0,0.0,0.0,0.0,550553091.0
2019-06-26,527737518.0,14513418.0,3757792.0,0.0,0.0,0.0,0.0,546008728.0
2019-06-27,549257803.0,14960990.0,4131453.0,0.0,0.0,0.0,0.0,568350246.0
2019-06-28,515324678.0,13072465.0,3640758.0,0.0,0.0,0.0,0.0,532037901.0
2019-06-29,505002610.0,13823084.0,4024886.0,0.0,0.0,0.0,0.0,522850580.0
2019-06-30,502703196.0,14780362.0,3915728.0,0.0,0.0,0.0,0.0,521399286.0
2019-07-01,494948016.0,13343613.0,3495485.0,0.0,0.0,0.0,0.0,511787114.0
2019-07-02,487345074.0,13669346.0,3472915.0,0.0,0.0,0.0,0.0,504487335.0
2019-07-03,465142016.0,13527290.0,5685399.0,0.0,0.0,0.0,0.0,484354705.0
2019-07-04,491662469.0,13913140.0,6346203.0,0.0,0.0,0.0,0.0,511921812.0
2019-07-05,497177740.0,13491693.0,6046151.0,0.0,0.0,0.0,0.0,516715584.0
2019-07-06,493392976.0,14080354.0,5940272.0,0.0,0.0,0.0,0.0,513413602.0
2019-07-07,484829310.0,14124070.0,6095566.0,0.0,0.0,0.0,0.0,505048946.0
2019-07-08,493132304.0,14837251.0,6125599.0,0.0,0.0,0.0,0.0,514095154.0
2019-07-09,517936019.0,15520450.0,6641762.0,0.0,0.0,0.0,0.0,540098231.0
2019-07-10,521682972.0,15266323.0,6903574.0,0.0,0.0,0.0,0.0,543852869.0
2019-07-11,511320712.0,14140496.0,6807293.0,0.0,0.0,0.0,0.0,532268501.0
2019-07-12,464782715.0,13030168.0,6323849.0,0.0,0.0,0.0,0.0,484136732.0
2019-07-13,468067936.0,13352565.0,6638986.0,0.0,0.0,0.0,0.0,488059487.0
2019-07-14,454354123.0,13154915.0,6390724.0,0.0,0.0,0.0,0.0,473899762.0
2019-07-15,421605481.0,11429410.0,5718134.0,0.0,0.0,0.0,0.0,438753025.0
2019-07-16,418004273.0,11949956.0,6059023.0,0.0,0.0,0.0,0.0,436013252.0
2019-07-17,431858623.0,11038439.0,5345132.0,0.0,0.0,0.0,0.0,448242194.0
2019-07-18,412342769.0,11279825.0,5391069.0,0.0,0.0,0.0,0.0,429013663.0
2019-07-19,405691530.0,10914549.0,5976482.0,0.0,0.0,0.0,0.0,422582561.0
2019-07-20,406747044.0,10457509.0,5913918.0,0.0,0.0,0.0,0.0,423118471.0
2019-07-21,421185885.0,10908365.0,5999561.0,0.0,0.0,0.0,0.0,438093811.0
2019-07-22,456477720.0,10695697.0,5905761.0,0.0,0.0,0.0,0.0,473079178.0
2019-07-23,404450077.0,10294551.0,5756451.0,0.0,0.0,0.0,0.0,420501079.0
2019-07-24,378458791.0,10915201.0,5525192.0,0.0,0.0,0.0,0.0,394899184.0
2019-07-25,418754927.0,10003059.0,5485088.0,0.0,0.0,0.0,0.0,434243074.0
2019-07-26,397832779.0,10195815.0,5526989.0,0.0,0.0,0.0,0.0,413555583.0
2019-07-27,391839574.0,9991039.0,5483934.0,0.0,0.0,0.0,0.0,407314547.0
2019-07-28,373952144.0,9392488.0,5250285.0,0.0,0.0,0.0,0.0,388594917.0
2019-07-29,377747315.0,9652753.0,5319183.0,0.0,0.0,0.0,0.0,392719251.0
2019-07-30,377603236.0,9501055.0,5333040.0,0.0,0.0,0.0,0.0,392437331.0
2019-07-31,379344261.0,9455791.0,5336982.0,0.0,0.0,0.0,0.0,394137034.0
2019-08-01,387153520.0,9656739.0,5621308.0,0.0,0.0,0.0,0.0,402431567.0
2019-08-02,387870702.0,9489094.0,5779148.0,0.0,0.0,0.0,0.0,403138944.0
2019-08-03,397674120.0,9413024.0,5935766.0,0.0,0.0,0.0,0.0,413022910.0
2019-08-04,400811742.0,9596735.0,6118051.0,0.0,0.0,0.0,0.0,416526528.0
2019-08-05,398990045.0,9586620.0,6196313.0,0.0,0.0,0.0,0.0,414772978.0
2019-08-06,422328576.0,9933986.0,6688570.0,0.0,0.0,0.0,0.0,438951132.0
2019-08-07,405300985.0,9508876.0,6480114.0,0.0,0.0,0.0,0.0,421289975.0
2019-08-08,402598740.0,9404614.0,6718361.0,0.0,0.0,0.0,0.0,418721715.0
2019-08-09,394971141.0,9121895.0,6741113.0,0.0,0.0,0.0,0.0,410834149.0
2019-08-10,377137276.0,8761972.0,6723361.0,0.0,0.0,0.0,0.0,392622609.0
2019-08-11,372235444.0,8647141.0,6398918.0,0.0,0.0,0.0,0.0,387281503.0
2019-08-12,382998395.0,9042319.0,6497683.0,0.0,0.0,0.0,0.0,398538397.0
2019-08-13,384991190.0,8778931.0,6403267.0,0.0,0.0,0.0,0.0,400173388.0
2019-08-14,387842698.0,8678610.0,6169170.0,0.0,0.0,0.0,0.0,402690478.0
2019-08-15,375451288.0,7900392.0,5616618.0,0.0,0.0,0.0,0.0,388968298.0
2019-08-16,357567148.0,8086482.0,5790425.0,0.0,0.0,0.0,0.0,371444055.0
2019-08-17,359994212.0,8022096.0,5860063.0,0.0,0.0,0.0,0.0,373876371.0
2019-08-18,360258778.0,8101411.0,5760055.0,0.0,0.0,0.0,0.0,374120244.0
2019-08-19,371427699.0,8386923.0,5797253.0,0.0,0.0,0.0,0.0,385611875.0
2019-08-20,391735435.0,8646529.0,6125756.0,0.0,0.0,0.0,0.0,406507720.0
2019-08-21,381286637.0,8394959.0,6057341.0,0.0,0.0,0.0,0.0,395738937.0
2019-08-22,368255646.0,7967462.0,5721630.0,0.0,0.0,0.0,0.0,381944738.0
2019-08-23,367719881.0,8047065.0,5662580.0,0.0,0.0,0.0,0.0,381429526.0
2019-08-24,372305600.0,8220893.0,5838750.0,0.0,0.0,0.0,0.0,386365243.0
2019-08-25,372208394.0,8131030.0,5711198.0,0.0,0.0,0.0,0.0,386050622.0
2019-08-26,373756566.0,7875419.0,5677402.0,0.0,0.0,0.0,0.0,387309387.0
2019-08-27,372464713.0,7968242.0,5885406.0,0.0,0.0,0.0,0.0,386318361.0
2019-08-28,367534510.0,7866954.0,5774828.0,0.0,0.0,0.0,0.0,381176292.0
2019-08-29,366019974.0,7335501.0,5518752.0,0.0,0.0,0.0,0.0,378874227.0
2019-08-30,348825612.0,7126667.0,5378777.0,0.0,0.0,0.0,0.0,361331056.0
2019-08-31,349501960.0,7162114.0,5428889.0,0.0,0.0,0.0,0.0,362092963.0
2019-09-01,348792959.0,7243339.0,5479418.0,0.0,0.0,0.0,0.0,361515716.0
2019-09-02,352358394.0,7144582.0,5514771.0,0.0,0.0,0.0,0.0,365017747.0
2019-09-03,356582203.0,7469286.0,5908751.0,0.0,0.0,0.0,0.0,369960240.0
2019-09-04,364747640.0,7594476.0,6017985.0,0.0,0.0,0.0,0.0,378360101.0
2019-09-05,363172009.0,7687839.0,6004834.0,0.0,0.0,0.0,0.0,376864682.0
2019-09-06,356426990.0,7804122.0,6019910.0,0.0,0.0,0.0,0.0,370251022.0
2019-09-07,361430099.0,7586282.0,5873537.0,0.0,0.0,0.0,0.0,374889918.0
2019-09-08,357018434.0,7961911.0,5940028.0,0.0,0.0,0.0,0.0,370920373.0
2019-09-09,370281962.0,8147789.0,5938454.0,0.0,0.0,0.0,0.0,384368205.0
2019-09-10,376699585.0,8093419.0,5855724.0,0.0,0.0,0.0,0.0,390648728.0
2019-09-11,372426469.0,7972289.0,5753530.0,0.0,0.0,0.0,0.0,386152288.0
2019-09-12,370665360.0,7821031.0,5799667.0,0.0,0.0,0.0,0.0,384286058.0
2019-09-13,370519004.0,8098583.0,5917426.0,0.0,0.0,0.0,0.0,384535013.0
2019-09-14,372400164.0,8364002.0,5889710.0,0.0,0.0,0.0,0.0,386653876.0
2019-09-15,370779125.0,8618051.0,5921155.0,0.0,0.0,0.0,0.0,385318331.0
2019-09-16,394690597.0,8716011.0,5898421.0,0.0,0.0,0.0,0.0,409305029.0
2019-09-17,403168129.0,9294413.0,5848675.0,0.0,0.0,0.0,0.0,418311217.0
2019-09-18,417000605.0,9780589.0,5780358.0,0.0,0.0,0.0,0.0,432561552.0
2019-09-19,434284796.0,9922925.0,5753946.0,0.0,0.0,0.0,0.0,449961667.0
2019-09-20,431087639.0,10371106.0,5822495.0,0.0,0.0,0.0,0.0,447281240.0
2019-09-21,446723084.0,9862533.0,5815394.0,0.0,0.0,0.0,0.0,462401011.0
2019-09-22,443631495.0,9751393.0,5692290.0,0.0,0.0,0.0,0.0,459075178.0
2019-09-23,433092082.0,9528560.0,5730529.0,0.0,0.0,0.0,0.0,448351171.0
2019-09-24,429451233.0,9093275.0,5512303.0,0.0,0.0,0.0,0.0,444056811.0
2019-09-25,395687499.0,7559459.0,4917453.0,0.0,0.0,0.0,0.0,408164411.0
2019-09-26,351012903.0,7612153.0,4829151.0,0.0,0.0,0.0,0.0,363454207.0
2019-09-27,361513845.0,7421529.0,4617545.0,0.0,0.0,0.0,0.0,373552919.0
2019-09-28,359129794.0,7774572.0,4666619.0,0.0,0.0,0.0,0.0,371570985.0
2019-09-29,370465182.0,7774572.0,4692222.0,0.0,0.0,0.0,0.0,382931976.0
2019-09-30,363977904.0,7486516.0,4567366.0,0.0,0.0,0.0,0.0,376031786.0
2019-10-01,373060735.0,7958165.0,4766405.0,0.0,0.0,0.0,0.0,385785305.0
2019-10-02,381114718.0,7762146.0,4762032.0,0.0,0.0,0.0,0.0,393638896.0
2019-10-03,377695726.0,7913204.0,4780878.0,0.0,0.0,0.0,0.0,390389808.0
2019-10-04,373717030.0,7592104.0,4732293.0,0.0,0.0,0.0,0.0,386041427.0
2019-10-05,372656506.0,7558606.0,4638791.0,0.0,0.0,0.0,0.0,384853903.0
2019-10-06,371638720.0,7553807.0,4623879.0,0.0,0.0,0.0,0.0,383816406.0
2019-10-07,369947858.0,7245069.0,4515795.0,0.0,0.0,0.0,0.0,381708722.0
2019-10-08,378883510.0,7707563.0,4692167.0,0.0,0.0,0.0,0.0,391283240.0
2019-10-09,390687188.0,7721262.0,4674568.0,0.0,0.0,0.0,0.0,403083018.0
2019-10-10,403321299.0,8196966.0,4921127.0,0.0,0.0,0.0,0.0,416439392.0
2019-10-11,411689702.0,8069830.0,4872838.0,0.0,0.0,0.0,0.0,424632370.0
2019-10-12,400970209.0,7599166.0,4746751.0,0.0,0.0,0.0,0.0,413316126.0
2019-10-13,398847441.0,7562823.0,4748127.0,0.0,0.0,0.0,0.0,411158391.0
2019-10-14,397847627.0,7562823.0,4751815.0,0.0,0.0,0.0,0.0,410162265.0
2019-10-15,397139918.0,7823594.0,4762585.0,0.0,0.0,0.0,0.0,409726097.0
2019-10-16,398414909.0,7596534.0,4700780.0,0.0,0.0,0.0,0.0,410712223.0
2019-10-17,385812881.0,7355072.0,4554952.0,0.0,0.0,0.0,0.0,397722905.0
2019-10-18,383599162.0,7440346.0,4628081.0,0.0,0.0,0.0,0.0,395667589.0
2019-10-19,379307431.0,7273434.0,4555743.0,0.0,0.0,0.0,0.0,391136608.0
2019-10-20,380289505.0,7158727.0,4520267.0,0.0,0.0,0.0,0.0,391968499.0
2019-10-21,378695311.0,7294282.0,4703384.0,0.0,0.0,0.0,0.0,390692977.0
2019-10-22,384879100.0,7273425.0,4696169.0,0.0,0.0,0.0,0.0,396848694.0
2019-10-23,377882230.0,7128076.0,4596769.0,0.0,0.0,0.0,0.0,389607075.0
2019-10-24,391846972.0,6744680.0,4298350.0,0.0,0.0,0.0,0.0,402890002.0
2019-10-25,373451764.0,6703565.0,4259191.0,0.0,0.0,0.0,0.0,384414520.0
2019-10-26,395761429.0,7849289.0,4984454.0,0.0,0.0,0.0,0.0,408595172.0
2019-10-27,421651029.0,7463959.0,5236148.0,0.0,0.0,0.0,0.0,434351136.0
2019-10-28,447142654.0,8224979.0,5433630.0,0.0,0.0,0.0,0.0,460801263.0
2019-10-29,455939933.0,8218857.0,5294974.0,0.0,0.0,0.0,0.0,469453764.0
2019-10-30,466339415.0,7971183.0,5372758.0,0.0,0.0,0.0,0.0,479683356.0
2019-10-31,449723334.0,7890148.0,5231583.0,0.0,0.0,0.0,0.0,462845065.0
2019-11-01,425841627.0,7971876.0,5223350.0,0.0,0.0,0.0,0.0,439036853.0
2019-11-02,424850359.0,7598154.0,5275874.0,0.0,0.0,0.0,0.0,437724387.0
2019-11-03,425282193.0,8366303.0,5340271.0,0.0,0.0,0.0,0.0,438988767.0
2019-11-04,424151828.0,7531097.0,5247545.0,0.0,0.0,0.0,0.0,436930470.0
2019-11-05,459713660.0,8157663.0,5368951.0,0.0,0.0,0.0,0.0,473240274.0
2019-11-06,459194535.0,7815925.0,5317776.0,0.0,0.0,0.0,0.0,472328236.0
2019-11-07,454004210.0,8109016.0,5395969.0,0.0,0.0,0.0,0.0,467509195.0
2019-11-08,443145628.0,8111362.0,5298176.0,0.0,0.0,0.0,0.0,456555166.0
2019-11-09,456954577.0,7816326.0,5119639.0,0.0,0.0,0.0,0.0,469890542.0
2019-11-10,456560894.0,7989712.0,5071106.0,0.0,0.0,0.0,0.0,469621712.0
2019-11-11,445990456.0,7846892.0,5231945.0,0.0,0.0,0.0,0.0,459069293.0
2019-11-12,456173211.0,7933000.0,5032589.0,0.0,0.0,0.0,0.0,469138800.0
2019-11-13,458468489.0,7680500.0,5077624.0,0.0,0.0,0.0,0.0,471226613.0
2019-11-14,453466657.0,7765155.0,5082865.0,0.0,0.0,0.0,0.0,466314677.0
2019-11-15,446855687.0,7755845.0,5075362.0,0.0,0.0,0.0,0.0,459686894.0
2019-11-16,442409773.0,7424537.0,5002280.0,0.0,0.0,0.0,0.0,454836590.0
2019-11-17,432707345.0,7509888.0,5041039.0,0.0,0.0,0.0,0.0,445258272.0
2019-11-18,440018942.0,7608656.0,4988052.0,0.0,0.0,0.0,0.0,452615650.0
2019-11-19,437916417.0,7319545.0,4810455.0,0.0,0.0,0.0,0.0,450046417.0
2019-11-20,422376643.0,7164161.0,4772213.0,0.0,0.0,0.0,0.0,434313017.0
2019-11-21,424160353.0,7198422.0,4757418.0,0.0,0.0,0.0,0.0,436116193.0
2019-11-22,422137484.0,6684406.0,4526429.0,0.0,0.0,0.0,0.0,433348319.0
2019-11-23,389690473.0,6214124.0,4275241.0,0.0,0.0,0.0,0.0,400179838.0
2019-11-24,391501760.0,6352962.0,4319328.0,0.0,0.0,0.0,0.0,402174050.0
2019-11-25,390539473.0,5842482.0,4042900.0,0.0,0.0,0.0,0.0,400424855.0
2019-11-26,388508525.0,6188731.0,4189410.0,0.0,0.0,0.0,0.0,398886666.0
2019-11-27,397391939.0,6299353.0,4193187.0,0.0,0.0,0.0,0.0,407884479.0
2019-11-28,400188473.0,6522239.0,4442336.0,0.0,0.0,0.0,0.0,411153048.0
2019-11-29,408649786.0,6447334.0,4374940.0,0.0,0.0,0.0,0.0,419472060.0
2019-11-30,409762299.0,6543417.0,4563011.0,0.0,0.0,0.0,0.0,420868727.0
2019-12-01,407764348.0,6438654.0,4418115.0,0.0,0.0,0.0,0.0,418621117.0
2019-12-02,396416672.0,6474304.0,4339873.0,0.0,0.0,0.0,0.0,407230849.0
2019-12-03,405607623.0,6417609.0,4309733.0,0.0,0.0,0.0,0.0,416334965.0
2019-12-04,400558233.0,6365332.0,4273325.0,0.0,0.0,0.0,0.0,411196890.0
2019-12-05,398385542.0,6290940.0,4277501.0,0.0,0.0,0.0,0.0,408953983.0
2019-12-06,401431587.0,6307012.0,4354914.0,0.0,0.0,0.0,0.0,412093513.0
2019-12-07,398495356.0,6364565.0,4408880.0,0.0,0.0,0.0,0.0,409268801.0
2019-12-08,405760601.0,6216074.0,4401130.0,0.0,0.0,0.0,0.0,416377805.0
2019-12-09,412971020.0,6600994.0,4443160.0,0.0,0.0,0.0,0.0,424015174.0
2019-12-10,412541628.0,6474650.0,4333307.0,0.0,0.0,0.0,0.0,423349585.0
2019-12-11,403857761.0,6301384.0,4281814.0,0.0,0.0,0.0,0.0,414440959.0
2019-12-12,402678864.0,6166268.0,4241673.0,0.0,0.0,0.0,0.0,413086805.0
2019-12-13,401485162.0,6249445.0,4262216.0,0.0,0.0,0.0,0.0,411996823.0
2019-12-14,401091103.0,6192700.0,4260813.0,0.0,0.0,0.0,0.0,411544616.0
2019-12-15,397655905.0,6078182.0,4193999.0,0.0,0.0,0.0,0.0,407928086.0
2019-12-16,404426474.0,6090289.0,4201725.0,0.0,0.0,0.0,0.0,414718488.0
2019-12-17,400829458.0,5633492.0,4078322.0,0.0,0.0,0.0,0.0,410541272.0
2019-12-18,381469350.0,5198913.0,3883326.0,0.0,0.0,0.0,0.0,390551589.0
2019-12-19,359775821.0,5782746.0,4276362.0,0.0,0.0,0.0,0.0,369834929.0
2019-12-20,379448251.0,5551921.0,4219545.0,0.0,0.0,0.0,0.0,389219717.0
2019-12-21,381556998.0,5609684.0,4227393.0,0.0,0.0,0.0,0.0,391394075.0
2019-12-22,382268048.0,5577124.0,4201025.0,0.0,0.0,0.0,0.0,392046197.0
2019-12-23,388901640.0,5836217.0,4350211.0,0.0,0.0,0.0,0.0,399088068.0
2019-12-24,393721042.0,5464141.0,4294773.0,0.0,0.0,0.0,0.0,403479956.0
2019-12-25,380874160.0,5468047.0,4272685.0,0.0,0.0,0.0,0.0,390614892.0
2019-12-26,376193078.0,5359172.0,4247848.0,0.0,0.0,0.0,0.0,385800098.0
2019-12-27,372422915.0,5385044.0,4229230.0,0.0,0.0,0.0,0.0,382037189.0
2019-12-28,372180475.0,5524206.0,4281348.0,0.0,0.0,0.0,0.0,381986029.0
2019-12-29,379154232.0,5632003.0,4305424.0,0.0,0.0,0.0,0.0,389091659.0
2019-12-30,384973244.0,5837070.0,4369250.0,0.0,0.0,0.0,0.0,395179564.0
2019-12-31,394108700.0,5719388.0,4311431.0,0.0,0.0,0.0,0.0,404139519.0
2020-01-01,392935590.0,5630694.0,4219894.0,0.0,0.0,0.0,0.0,402786178.0
2020-01-02,394515533.0,5666493.0,4227252.0,0.0,0.0,0.0,0.0,404409278.0
2020-01-03,392264814.0,5500173.0,4126839.0,0.0,0.0,0.0,0.0,401891826.0
2020-01-04,401300815.0,5714199.0,4301247.0,0.0,0.0,0.0,0.0,411316261.0
2020-01-05,404377080.0,5651053.0,4347181.0,0.0,0.0,0.0,0.0,414375314.0
2020-01-06,413518944.0,5653258.0,4317236.0,0.0,0.0,0.0,0.0,423489438.0
2020-01-07,433460518.0,6218100.0,4567238.0,0.0,0.0,0.0,0.0,444245856.0
2020-01-08,433240645.0,6103954.0,4775541.0,0.0,0.0,0.0,0.0,444120140.0
2020-01-09,452111894.0,5967743.0,4789412.0,0.0,0.0,0.0,0.0,462869049.0
2020-01-10,421984479.0,5892414.0,4622743.0,0.0,0.0,0.0,0.0,432499636.0
2020-01-11,426026979.0,6352777.0,4807936.0,0.0,0.0,0.0,0.0,437187692.0
2020-01-12,457572460.0,6443893.0,4749359.0,0.0,0.0,0.0,0.0,468765712.0
2020-01-13,441080387.0,6623763.0,4862176.0,0.0,0.0,0.0,0.0,452566326.0
2020-01-14,441923710.0,6410202.0,4896914.0,0.0,0.0,0.0,0.0,453230826.0
2020-01-15,470704880.0,7052139.0,5299367.0,0.0,0.0,0.0,0.0,483056386.0
2020-01-16,507742977.0,7054468.0,5326171.0,0.0,0.0,0.0,0.0,520123616.0
2020-01-17,503360030.0,6994086.0,5251927.0,0.0,0.0,0.0,0.0,515606043.0
2020-01-18,524144729.0,7069156.0,5335373.0,0.0,0.0,0.0,0.0,536549258.0
2020-01-19,515353483.0,7178686.0,5339559.0,0.0,0.0,0.0,0.0,527871728.0
2020-01-20,498593257.0,6916094.0,5256752.0,0.0,0.0,0.0,0.0,510766103.0
2020-01-21,492538089.0,6900869.0,5234156.0,0.0,0.0,0.0,0.0,504673114.0
2020-01-22,516601677.0,7016699.0,5451078.0,0.0,0.0,0.0,0.0,529069454.0
2020-01-23,506923688.0,6972633.0,5368466.0,0.0,0.0,0.0,0.0,519264787.0
2020-01-24,496023534.0,6720957.0,5244640.0,0.0,0.0,0.0,0.0,507989131.0
2020-01-25,495926337.0,6918215.0,5260489.0,0.0,0.0,0.0,0.0,508105041.0
2020-01-26,499440021.0,6813179.0,5178940.0,0.0,0.0,0.0,0.0,511432140.0
2020-01-27,500979699.0,7085799.0,5373447.0,0.0,0.0,0.0,0.0,513438945.0
2020-01-28,520404373.0,7304730.0,5565029.0,0.0,0.0,0.0,0.0,533274132.0
2020-01-29,535463679.0,7603608.0,5840975.0,0.0,0.0,0.0,0.0,548908262.0
2020-01-30,548608243.0,7588911.0,5734687.0,0.0,0.0,0.0,0.0,561931841.0
2020-01-31,551446889.0,7915301.0,5921601.0,0.0,0.0,0.0,0.0,565283791.0
2020-02-01,559655435.0,7674358.0,5803042.0,0.0,0.0,0.0,0.0,573132835.0
2020-02-02,566197998.0,7802648.0,5844791.0,0.0,0.0,0.0,0.0,579845437.0
2020-02-03,579641591.0,7967156.0,5812210.0,0.0,0.0,0.0,0.0,593420957.0
2020-02-04,573400381.0,7937164.0,5782168.0,0.0,0.0,0.0,0.0,587119713.0
2020-02-05,572571781.0,7850456.0,5720907.0,0.0,0.0,0.0,0.0,586143144.0
2020-02-06,604230580.0,8426637.0,6693623.0,0.0,0.0,0.0,0.0,619350840.0
2020-02-07,640613650.0,8732612.0,6848671.0,0.0,0.0,0.0,0.0,656194933.0
2020-02-08,660832962.0,9013468.0,6867261.0,0.0,0.0,0.0,0.0,676713691.0
2020-02-09,676866361.0,10106805.0,6953917.0,0.0,0.0,0.0,0.0,693927083.0
2020-02-10,676071565.0,10452797.0,7077270.0,0.0,0.0,0.0,0.0,693601632.0
2020-02-11,651987494.0,8859358.0,6829016.0,0.0,0.0,0.0,0.0,667675868.0
2020-02-12,676658509.0,9528153.0,7182961.0,0.0,56801.0,0.0,0.0,693426424.0
2020-02-13,753920361.0,10690220.0,7894979.0,0.0,56649.0,0.0,0.0,772562209.0
2020-02-14,766936497.0,11684031.0,7778841.0,0.0,1262893.0,0.0,0.0,787662262.0
2020-02-15,795544382.0,12956258.0,7939555.0,0.0,1372271.0,0.0,0.0,817812466.0
2020-02-16,806167716.0,12300385.0,7737641.0,0.0,1844497.0,0.0,0.0,828050239.0
2020-02-17,767651641.0,14041994.0,7686278.0,0.0,2944404.0,0.0,0.0,792324317.0
2020-02-18,730443120.0,15208136.0,8075140.0,0.0,4027126.0,0.0,0.0,757753522.0
2020-02-19,782817023.0,15786499.0,8360055.0,0.0,4047024.0,0.0,0.0,811010601.0
2020-02-20,739589204.0,14835844.0,8557223.0,0.0,4072829.0,0.0,0.0,767055100.0
2020-02-21,672593098.0,15605590.0,8442725.0,0.0,4755667.0,0.0,0.0,701397080.0
2020-02-22,687232313.0,15941092.0,8631078.0,0.0,5328024.0,0.0,0.0,717132507.0
2020-02-23,694253653.0,16046751.0,8587983.0,0.0,5583309.0,0.0,0.0,724471696.0
2020-02-24,711106116.0,17486692.0,8874199.0,0.0,6466664.0,0.0,0.0,743933671.0
2020-02-25,714499007.0,17267685.0,8544402.0,0.0,6945466.0,0.0,0.0,747256560.0
2020-02-26,689686436.0,16596619.0,8308413.0,0.0,7519237.0,0.0,0.0,722110705.0
2020-02-27,638228587.0,15915935.0,7681863.0,0.0,8220204.0,0.0,0.0,670046589.0
2020-02-28,627799408.0,15215153.0,7819186.0,0.0,7284799.0,0.0,0.0,658118546.0
2020-02-29,604477442.0,15009763.0,7804022.0,0.0,6567196.0,0.0,0.0,633858423.0
2020-03-01,623902414.0,14630697.0,7608702.0,0.0,6457100.0,0.0,0.0,652598913.0
2020-03-02,616697076.0,16015605.0,7571131.0,0.0,7848356.0,0.0,0.0,648132168.0
2020-03-03,616550646.0,16971989.0,7894459.0,0.0,7830814.0,0.0,0.0,649247908.0
2020-03-04,627280855.0,17161053.0,7773068.0,0.0,8525093.0,0.0,0.0,660740069.0
2020-03-05,615582196.0,17401318.0,7793132.0,0.0,8311253.0,0.0,0.0,649087899.0
2020-03-06,633142492.0,17793996.0,7956896.0,0.0,8440198.0,0.0,0.0,667333582.0
2020-03-07,655635248.0,18963617.0,8123553.0,0.0,8974346.0,0.0,0.0,691696764.0
2020-03-08,661065680.0,18832539.0,7808784.0,0.0,9078056.0,0.0,0.0,696785059.0
2020-03-09,614904547.0,17601027.0,7141899.0,0.0,9095786.0,0.0,0.0,648743259.0
2020-03-10,568866283.0,17457533.0,7017613.0,0.0,9202388.0,0.0,0.0,602543817.0
2020-03-11,558457262.0,17977792.0,7047967.0,0.0,9633066.0,0.0,0.0,593116087.0
2020-03-12,518733491.0,17518766.0,7044083.0,0.0,9738954.0,0.0,0.0,553035294.0
2020-03-13,410894219.0,12657950.0,4299994.0,0.0,8450309.0,0.0,0.0,436302472.0
2020-03-14,378038349.0,13893710.0,4925116.0,0.0,9303864.0,0.0,0.0,406161039.0
2020-03-15,364804992.0,14043924.0,4572450.0,0.0,10649640.0,0.0,0.0,394071006.0
2020-03-16,350111478.0,14807002.0,4677067.0,0.0,11406898.0,0.0,0.0,381002445.0
2020-03-17,316485932.0,14054315.0,4495924.0,0.0,10918265.0,0.0,0.0,345954436.0
2020-03-18,327947611.0,14406447.0,4537337.0,0.0,10803894.0,0.0,0.0,357695289.0
2020-03-19,325779650.0,14214186.0,4815782.0,0.0,10463126.0,0.0,0.0,355272744.0
2020-03-20,360125305.0,15258899.0,5579769.0,0.0,10544581.0,0.0,0.0,391508554.0
2020-03-21,393425656.0,14947221.0,5762310.0,0.0,10455750.0,0.0,0.0,424590937.0
2020-03-22,369362161.0,14662076.0,5776167.0,0.0,10523373.0,0.0,0.0,400323777.0
2020-03-23,357216925.0,13690718.0,5624427.0,0.0,9974852.0,0.0,0.0,386506922.0
2020-03-24,356764770.0,14196931.0,6220301.0,0.0,9893286.0,0.0,0.0,387075288.0
2020-03-25,386111743.0,14176255.0,6368252.0,0.0,10057156.0,0.0,0.0,416713406.0
2020-03-26,384949614.0,13641649.0,6451662.0,0.0,9909858.0,0.0,0.0,414952783.0
2020-03-27,388730033.0,13820217.0,6563254.0,0.0,9958540.0,0.0,0.0,419072044.0
2020-03-28,388318173.0,13339079.0,5979915.0,0.0,9940892.0,0.0,0.0,417578059.0
2020-03-29,376236892.0,13395213.0,5938167.0,0.0,9842692.0,0.0,0.0,405412964.0
2020-03-30,380025485.0,13137947.0,5634045.0,0.0,9718440.0,0.0,0.0,408515917.0
2020-03-31,389707368.0,13588192.0,6147025.0,0.0,9698147.0,0.0,0.0,419140732.0
2020-04-01,389450064.0,13528722.0,6220659.0,0.0,9693236.0,0.0,0.0,418892681.0
2020-04-02,389685798.0,13707394.0,6512828.0,0.0,9682458.0,0.0,0.0,419588478.0
2020-04-03,406087576.0,13959109.0,6706356.0,0.0,9845012.0,0.0,0.0,436598053.0
2020-04-04,420427377.0,14035337.0,6634896.0,0.0,9892515.0,0.0,0.0,450990125.0
2020-04-05,412719938.0,14168836.0,6744657.0,0.0,9975566.0,0.0,0.0,443608997.0
2020-04-06,418254767.0,14135387.0,6667833.0,0.0,9965474.0,0.0,0.0,449023461.0
2020-04-07,435647505.0,15283995.0,7330212.0,0.0,10288989.0,0.0,0.0,468550701.0
2020-04-08,457085641.0,15271631.0,7474082.0,0.0,10429084.0,0.0,0.0,490260438.0
2020-04-09,440820798.0,15572591.0,7653538.0,0.0,10260213.0,0.0,0.0,474307140.0
2020-04-10,440287851.0,15858081.0,7520938.0,0.0,11129639.0,0.0,0.0,474796509.0
2020-04-11,420414928.0,14990086.0,7264108.0,0.0,10662376.0,0.0,0.0,453331498.0
2020-04-12,419899026.0,15158857.0,7288283.0,0.0,10743121.0,0.0,0.0,453089287.0
2020-04-13,418195416.0,15578131.0,7241045.0,0.0,10791076.0,0.0,0.0,451805668.0
2020-04-14,412131518.0,14874920.0,7344552.0,0.0,11052070.0,0.0,0.0,445403060.0
2020-04-15,417223666.0,15253274.0,7339889.0,0.0,11202978.0,0.0,0.0,451019807.0
2020-04-16,415871514.0,14013846.0,7005984.0,0.0,11100581.0,0.0,0.0,447991925.0
2020-04-17,445293813.0,14642388.0,7540248.0,0.0,11395287.0,0.0,0.0,478871736.0
2020-04-18,447256030.0,14738525.0,7528746.0,0.0,11718677.0,0.0,0.0,481241978.0
2020-04-19,458494881.0,15495420.0,7695458.0,0.0,11875551.0,0.0,0.0,493561310.0
2020-04-20,483587556.0,14195754.0,7607091.0,0.0,9998008.0,0.0,0.0,515388409.0
2020-04-21,470769998.0,13198292.0,7358565.0,0.0,9140985.0,0.0,0.0,500467840.0
2020-04-22,454219173.0,13055026.0,7349484.0,0.0,9014546.0,0.0,0.0,483638229.0
2020-04-23,469514260.0,15049520.0,7609424.0,0.0,7931260.0,0.0,0.0,500104464.0
2020-04-24,478326607.0,18280100.0,8088544.0,0.0,2635055.0,0.0,0.0,507330306.0
2020-04-25,495877888.0,19088678.0,8008622.0,0.0,2518463.0,0.0,0.0,525493651.0
2020-04-26,512212201.0,20114172.0,8120723.0,0.0,2770545.0,0.0,0.0,543217641.0
2020-04-27,519755276.0,20734138.0,8266692.0,0.0,2767306.0,0.0,0.0,551523412.0
2020-04-28,513733947.0,20856516.0,8298994.0,0.0,2764636.0,0.0,0.0,545654093.0
2020-04-29,514502450.0,20890274.0,8718773.0,0.0,2752298.0,0.0,0.0,546863795.0
2020-04-30,547994221.0,21843178.0,9856450.0,0.0,2775942.0,0.0,0.0,582469791.0
2020-05-01,542843235.0,21168392.0,9779355.0,0.0,2129582.0,0.0,0.0,575920564.0
2020-05-02,548921210.0,21506603.0,9942159.0,0.0,2217980.0,0.0,0.0,582587952.0
2020-05-03,554743522.0,21851486.0,10057444.0,0.0,2074600.0,0.0,0.0,588727052.0
2020-05-04,560505014.0,21823440.0,10031150.0,0.0,2144053.0,0.0,0.0,594503657.0
2020-05-05,534241184.0,21657242.0,10041947.0,0.0,2147958.0,0.0,0.0,568088331.0
2020-05-06,543614483.0,21721807.0,10149336.0,0.0,2176027.0,0.0,0.0,577661653.0
2020-05-07,558278159.0,22381258.0,10336796.0,0.0,2137596.0,0.0,0.0,593133809.0
2020-05-08,545877116.0,23438471.0,12389631.0,0.0,2097738.0,0.0,0.0,583802956.0
2020-05-09,560205308.0,23437194.0,12756154.0,0.0,2086355.0,0.0,0.0,598485011.0
2020-05-10,561080093.0,23878498.0,12282132.0,0.0,2116015.0,0.0,0.0,599356738.0
2020-05-11,519228458.0,22306887.0,11351270.0,0.0,2074695.0,0.0,0.0,554961310.0
2020-05-12,505111865.0,22614682.0,11118406.0,0.0,2016423.0,0.0,0.0,540861376.0
2020-05-13,499337844.0,23050650.0,20384389.0,0.0,1966849.0,0.0,0.0,544739732.0
2020-05-14,494779677.0,23665838.0,21570866.0,0.0,2114610.0,0.0,0.0,542130991.0
2020-05-15,515586888.0,24999970.0,22359158.0,0.0,2787996.0,0.0,0.0,565734012.0
2020-05-16,506967875.0,24715122.0,21290495.0,0.0,2726574.0,0.0,0.0,555700066.0
2020-05-17,511116482.0,25946310.0,21467846.0,0.0,2729991.0,0.0,0.0,561260629.0
2020-05-18,517891721.0,26211964.0,22342004.0,0.0,2727473.0,0.0,0.0,569173162.0
2020-05-19,540187195.0,27493534.0,22031915.0,0.0,2724326.0,0.0,0.0,592436970.0
2020-05-20,540888141.0,31019050.0,22481969.0,0.0,2698828.0,0.0,0.0,597087988.0
2020-05-21,551871484.0,37407404.0,21972462.0,0.0,2840911.0,0.0,0.0,614092261.0
2020-05-22,537797622.0,36342658.0,34304601.0,0.0,2816772.0,0.0,93528762.0,704790415.0
2020-05-23,544142846.0,40454226.0,35472954.0,0.0,2807062.0,0.0,97339661.0,720216749.0
2020-05-24,546168523.0,40665522.0,35405871.0,0.0,2574268.0,0.0,112578214.0,737392398.0
2020-05-25,536022605.0,39751618.0,33688826.0,0.0,2569074.0,0.0,190331954.0,802364077.0
2020-05-26,528149671.0,40522491.0,34380776.0,0.0,2564805.0,0.0,178782692.0,784400435.0
2020-05-27,529080571.0,40235974.0,34157128.0,0.0,2570502.0,0.0,176112321.0,782156496.0
2020-05-28,541316818.0,41093664.0,35631048.0,0.0,2591174.0,0.0,167523680.0,788156384.0
2020-05-29,543894940.0,42354978.0,37323872.0,0.0,2580004.0,0.0,155663319.0,781817113.0
2020-05-30,566948858.0,42999723.0,35955422.0,0.0,2580558.0,0.0,163343692.0,811828253.0
2020-05-31,603477109.0,49550695.0,37134033.0,0.0,2559194.0,0.0,174423693.0,867144724.0
2020-06-01,612077320.0,47944879.0,36571516.0,0.0,2536504.0,0.0,172563686.0,871693905.0
2020-06-02,604257307.0,50877653.0,39536995.0,0.0,2512357.0,0.0,161633436.0,858817748.0
2020-06-03,635333168.0,49458906.0,37260744.0,0.0,2521815.0,0.0,164534600.0,889109233.0
2020-06-04,622288601.0,50525445.0,37866659.0,0.0,2499630.0,0.0,166970261.0,880150596.0
2020-06-05,626502819.0,50574690.0,38148436.0,0.0,2504326.0,0.0,178348676.0,896078947.0
2020-06-06,624525014.0,50821819.0,38138617.0,0.0,2501323.0,0.0,174286726.0,890273499.0
2020-06-07,628449436.0,51552317.0,38201807.0,0.0,2488228.0,0.0,174822583.0,895514371.0
2020-06-08,621459882.0,52598845.0,38687686.0,0.0,2495336.0,0.0,171518001.0,886759750.0
2020-06-09,620439895.0,51876125.0,39096609.0,0.0,2493158.0,0.0,186646633.0,900552420.0
2020-06-10,584673811.0,54203167.0,38614040.0,0.0,2485045.0,0.0,197501663.0,877477726.0
2020-06-11,569264010.0,55570978.0,39289886.0,0.0,2580782.0,0.0,184911883.0,851617539.0
2020-06-12,608020235.0,53802883.0,36954231.0,0.0,2518445.0,0.0,182145171.0,883440965.0
2020-06-13,597528963.0,56223239.0,37499631.0,0.0,2545023.0,0.0,181701267.0,875498123.0
2020-06-14,588419719.0,57051102.0,37463135.0,0.0,2533566.0,0.0,175893703.0,861361225.0
2020-06-15,577267423.0,55755379.0,36961627.0,0.0,2511926.0,0.0,161441403.0,833937758.0
2020-06-16,571953496.0,60266264.0,38061214.0,0.0,2522212.0,0.0,164156286.0,836959472.0
2020-06-17,659894605.0,60756960.0,38937370.0,0.0,2772878.0,0.0,184142484.0,946504297.0
2020-06-18,709632726.0,61083815.0,38823061.0,0.0,2795743.0,0.0,189368637.0,1001703982.0
2020-06-19,813814674.0,64557286.0,54666355.0,0.0,3241325.0,0.0,181684503.0,1117964143.0
2020-06-20,898274889.0,67783329.0,45109979.0,0.0,4737102.0,0.0,184778330.0,1200683629.0
2020-06-21,957211615.0,81980333.0,45339968.0,0.0,14652063.0,0.0,189076812.0,1288260791.0
2020-06-22,1018184162.0,81816750.0,45188704.0,0.0,16923136.0,0.0,187899259.0,1350012011.0
2020-06-23,1010612815.0,85828212.0,50509687.0,0.0,13479326.0,0.0,185682775.0,1346112815.0
2020-06-24,1032230969.0,88077682.0,59175833.0,0.0,11153229.0,0.0,197930222.0,1388567935.0
2020-06-25,992966194.0,89661920.0,58814422.0,0.0,10387657.0,0.0,193051801.0,1344881994.0
2020-06-26,1024541826.0,90777176.0,66441218.0,0.0,9098165.0,0.0,193591866.0,1384450251.0
2020-06-27,1028772896.0,93691179.0,70972944.0,0.0,8481515.0,0.0,197738331.0,1399656865.0
2020-06-28,1038546384.0,96721876.0,73552740.0,0.0,8615422.0,0.0,190383643.0,1407820065.0
2020-06-29,1029761055.0,97820947.0,74481609.0,0.0,7841758.0,0.0,194508912.0,1404414281.0
2020-06-30,1027934188.0,101570146.0,77140704.0,0.0,7423713.0,0.0,192564581.0,1406633332.0
2020-07-01,1001598152.0,102782001.0,79301155.0,0.0,6587292.0,0.0,190269425.0,1380538025.0
2020-07-02,1039192123.0,107686917.0,81054280.0,0.0,6452667.0,0.0,184599812.0,1418985799.0
2020-07-03,1039145231.0,105911704.0,80216228.0,0.0,6622405.0,0.0,195849577.0,1427745145.0
2020-07-04,1071183953.0,110260052.0,80011088.0,0.0,6669494.0,0.0,199102405.0,1467226992.0
2020-07-05,1089957303.0,112863984.0,81745226.0,0.0,6620377.0,0.0,201784103.0,1492970993.0
2020-07-06,1100520946.0,114402264.0,85231791.0,0.0,6732717.0,0.0,192510069.0,1499397787.0
2020-07-07,1154156352.0,119739717.0,101638417.0,0.0,6751168.0,0.0,195460038.0,1577745692.0
2020-07-08,1143980317.0,121254379.0,100417609.0,0.0,6755805.0,0.0,202998544.0,1575406654.0
2020-07-09,1188108773.0,134214686.0,102946501.0,0.0,7291995.0,0.0,200299348.0,1632861303.0
2020-07-10,1181966384.0,140980379.0,102532266.0,0.0,7374826.0,0.0,192125750.0,1624979605.0
2020-07-11,1188822406.0,141011450.0,103429078.0,0.0,7292134.0,0.0,190334374.0,1630889442.0
2020-07-12,1214554249.0,144731874.0,102742395.0,0.0,7326476.0,0.0,188986553.0,1658341547.0
2020-07-13,1210063047.0,150328792.0,103545984.0,0.0,7262830.0,0.0,180893280.0,1652093933.0
2020-07-14,1218532130.0,150533233.0,104225040.0,0.0,7174588.0,0.0,185013041.0,1665478032.0
2020-07-15,1214794485.0,154734283.0,105003248.0,0.0,8051044.0,0.0,185834130.0,1668417190.0
2020-07-16,1210130289.0,159399116.0,105230405.0,0.0,8058140.0,0.0,184267001.0,1667084951.0
2020-07-17,1197453685.0,163113450.0,105518334.0,0.0,8047123.0,0.0,190468102.0,1664600694.0
2020-07-18,1210789469.0,170358662.0,105459476.0,0.0,9508260.0,0.0,195457166.0,1691573033.0
2020-07-19,1199461910.0,208576336.0,106769740.0,0.0,62754912.0,0.0,190405780.0,1767968678.0
2020-07-20,1183382829.0,287122017.0,112313309.0,0.0,139548900.0,0.0,192352738.0,1914719793.0
2020-07-21,1127356632.0,378790954.0,112050517.0,0.0,235213154.0,0.0,189541167.0,2042952424.0
2020-07-22,1146545481.0,409168556.0,114566429.0,0.0,258982583.0,0.0,190477346.0,2119740395.0
2020-07-23,1158708607.0,464645361.0,132822773.0,0.0,310251441.0,0.0,180713111.0,2247141293.0
2020-07-24,1233067033.0,495549815.0,142047795.0,0.0,338165210.0,0.0,183052313.0,2391882166.0
2020-07-25,1320815013.0,473636058.0,143013877.0,0.0,300377748.0,0.0,186743376.0,2424586072.0
2020-07-26,1317436387.0,562775986.0,146034096.0,0.0,354746963.0,0.0,190546175.0,2571539607.0
2020-07-27,1530346689.0,420011207.0,150507956.0,0.0,186078256.0,0.0,190230069.0,2477174177.0
2020-07-28,1639636852.0,374604361.0,170973910.0,0.0,125631602.0,0.0,191691757.0,2502538482.0
2020-07-29,1638792896.0,344909586.0,169873731.0,0.0,99486317.0,0.0,189797712.0,2442860242.0
2020-07-30,1666532149.0,380733950.0,171543246.0,0.0,141135286.0,0.0,188168927.0,2548113558.0
2020-07-31,1637900839.0,429208473.0,171569036.0,0.0,202988946.0,0.0,187962784.0,2629630078.0
2020-08-01,1707006806.0,458444871.0,175864803.0,0.0,236300614.0,0.0,190183994.0,2767801088.0
2020-08-02,1799164809.0,481397207.0,184088158.0,0.0,275896446.0,0.0,190399445.0,2930946065.0
2020-08-03,1798377309.0,490376533.0,172484340.0,0.0,319968579.0,0.0,188929323.0,2970136084.0
2020-08-04,1929991155.0,457195455.0,175148317.0,0.0,270043391.0,0.0,191499045.0,3023877363.0
2020-08-05,1927277154.0,455937908.0,174158165.0,0.0,257978381.0,0.0,188303810.0,3003655418.0
2020-08-06,1971227527.0,467139639.0,186436769.0,0.0,256537970.0,0.0,190595519.0,3071937424.0
2020-08-07,1907882653.0,477680563.0,193125781.0,0.0,269661478.0,0.0,187871900.0,3036222375.0
2020-08-08,1894961394.0,483435024.0,189861239.0,0.0,267172294.0,0.0,181623025.0,3017052976.0
2020-08-09,1922135503.0,492634832.0,193253417.0,0.0,274976926.0,0.0,206297108.0,3089297786.0
2020-08-10,1917849184.0,498134602.0,192625062.0,0.0,259673610.0,0.0,218455337.0,3086737795.0
2020-08-11,2031447400.0,481010965.0,229073954.0,0.0,255096079.0,0.0,213131863.0,3209760261.0
2020-08-12,2031335634.0,462704576.0,231014675.0,0.0,209194862.0,0.0,217502622.0,3151752369.0
2020-08-13,1983681663.0,530118511.0,237607641.0,0.0,196500971.0,0.0,222917629.0,3170826415.0
2020-08-14,2112937363.0,559237619.0,249326812.0,0.0,201659743.0,0.0,235007753.0,3358169290.0
2020-08-15,2051713133.0,1111982936.0,274368787.0,0.0,568608051.0,0.0,269016653.0,4275689560.0
2020-08-16,2015518273.0,1246167669.0,305438235.0,0.0,650806968.0,0.0,269612053.0,4487543198.0
2020-08-17,1998978731.0,1332016045.0,316314527.0,0.0,689393032.0,0.0,258721948.0,4595424283.0
2020-08-18,2010932343.0,1345081639.0,349205927.0,0.0,721568518.0,0.0,262093481.0,4688881908.0
2020-08-19,2002735874.0,1385841708.0,343973635.0,0.0,764684474.0,0.0,265718245.0,4762953936.0
2020-08-20,1942947817.0,1395681287.0,366865878.0,0.0,872388261.0,0.0,268911733.0,4846794976.0
2020-08-21,2022687199.0,1454391322.0,365643745.0,0.0,1024531617.0,0.0,271162825.0,5138416708.0
2020-08-22,2001977008.0,1447741786.0,352959335.0,0.0,1044249859.0,0.0,253297446.0,5100225434.0
2020-08-23,1992162391.0,1466902562.0,360770412.0,0.0,1093315583.0,0.0,247081512.0,5160232460.0
2020-08-24,1964846958.0,1450039912.0,358926727.0,0.0,1095697357.0,0.0,248640066.0,5118151020.0
2020-08-25,2064097371.0,1433901193.0,362784639.0,0.0,1096987285.0,0.0,251082742.0,5208853230.0
2020-08-26,2000827968.0,1502824791.0,352293694.0,0.0,1183887587.0,0.0,294676563.0,5334510603.0
2020-08-27,1973331272.0,1603067418.0,357499120.0,0.0,1250096798.0,0.0,302998120.0,5486992728.0
2020-08-28,1932413373.0,1648199214.0,355133587.0,0.0,1233722528.0,0.0,410376353.0,5579845055.0
2020-08-29,2007615216.0,1891283818.0,373546975.0,0.0,1331826039.0,0.0,422797404.0,6027069452.0
2020-08-30,1991127497.0,2050981636.0,372827788.0,0.0,1456325287.0,0.0,430981378.0,6302243586.0
2020-08-31,1997696158.0,2279786361.0,388183810.0,0.0,1437930217.0,0.0,416537534.0,6520134080.0
2020-09-01,2064510228.0,2513390596.0,417051578.0,0.0,1283577676.0,0.0,410725682.0,6689255760.0
2020-09-02,2101055250.0,3146319805.0,455205813.0,0.0,1237475196.0,0.0,396941557.0,7336997621.0
2020-09-03,2091898251.0,3232035110.0,448856279.0,0.0,1430741157.0,0.0,402370241.0,7605901038.0
2020-09-04,2054199542.0,3155042809.0,422955640.0,0.0,1583086807.0,0.0,396573656.0,7611858454.0
2020-09-05,1926264697.0,3371168941.0,435485437.0,0.0,1427675102.0,0.0,442937771.0,7603531948.0
2020-09-06,1804741140.0,2540935730.0,445573428.0,0.0,1316845838.0,0.0,382119739.0,6490215875.0
2020-09-07,1751314066.0,2789128779.0,456363411.0,0.0,1221128843.0,0.0,359787322.0,6577722421.0
2020-09-08,1708875018.0,2902637168.0,483605589.0,0.0,1211722618.0,0.0,327088110.0,6633928503.0
2020-09-09,1678866942.0,3874653462.0,481942025.0,0.0,1230116708.0,0.0,336484245.0,7602063382.0
2020-09-10,1729041884.0,2814108632.0,511104532.0,0.0,1317702657.0,0.0,322241775.0,6694199480.0
2020-09-11,1833719275.0,3728770441.0,532170979.0,0.0,1377100557.0,0.0,325475536.0,7797236788.0
2020-09-12,1836112253.0,3423317566.0,553335668.0,0.0,1324432161.0,0.0,307419760.0,7444617408.0
2020-09-13,1882844891.0,2784144878.0,577685778.0,0.0,1384866769.0,0.0,309199597.0,6938741913.0
2020-09-14,1884309599.0,3058916022.0,584768972.0,0.0,1310319382.0,0.0,302706615.0,7141020590.0
2020-09-15,1979360164.0,3057869520.0,607874361.0,0.0,1310274848.0,0.0,292984423.0,7248363316.0
2020-09-16,2081473127.0,2857941211.0,627734766.0,0.0,1296107722.0,0.0,284784042.0,7148040868.0
2020-09-17,1989374863.0,2881322376.0,640946646.0,0.0,1357178910.0,0.0,253444674.0,7122267469.0
2020-09-18,2088392185.0,3225171457.0,709132639.0,0.0,1184782191.0,0.0,253692979.0,7461171451.0
2020-09-19,2203636911.0,3857111037.0,805612509.0,0.0,1189920916.0,0.0,220237060.0,8276518433.0
2020-09-20,2315394675.0,4487170816.0,842795386.0,0.0,1493330093.0,0.0,215149177.0,9353840147.0
2020-09-21,2330053602.0,4519325436.0,845745248.0,0.0,1494540015.0,0.0,306247307.0,9495911608.0
2020-09-22,2257038806.0,4231633000.0,808402510.0,0.0,1418409450.0,0.0,325837140.0,9041320906.0
2020-09-23,2264320013.0,4272751301.0,818909315.0,0.0,1361306544.0,0.0,282411332.0,8999698505.0
2020-09-24,2297183788.0,4226205448.0,804216105.0,0.0,1280580141.0,0.0,266915566.0,8875101048.0
2020-09-25,2340441643.0,4473147167.0,876170962.0,0.0,1372561360.0,0.0,257203577.0,9319524709.0
2020-09-26,2438759476.0,4518014333.0,914513337.0,0.0,1382369368.0,0.0,261375395.0,9515031909.0
2020-09-27,2460858773.0,4581727753.0,928309563.0,0.0,1378832638.0,0.0,263163891.0,9612892618.0
2020-09-28,2518647783.0,4540657289.0,939348475.0,0.0,1325450345.0,0.0,250776354.0,9574880246.0
2020-09-29,2474811068.0,4525032262.0,976161890.0,0.0,1297996148.0,0.0,254766059.0,9528767427.0
2020-09-30,2475346422.0,4552582995.0,996715426.0,0.0,1252561036.0,0.0,243272698.0,9520478577.0
2020-10-01,2446180892.0,4536001324.0,993907948.0,0.0,1217151795.0,0.0,249330785.0,9442572744.0
2020-10-02,2416565189.0,4528956787.0,983508289.0,0.0,1211546033.0,0.0,242303165.0,9382879463.0
2020-10-03,2315279637.0,4474209224.0,977156630.0,0.0,1187940020.0,0.0,222803771.0,9177389282.0
2020-10-04,2347497258.0,4521756849.0,985309206.0,0.0,1171937749.0,0.0,229534375.0,9256035437.0
2020-10-05,2351141391.0,4533649194.0,1000234965.0,0.0,1176520913.0,0.0,223087484.0,9284633947.0
2020-10-06,2342872693.0,4530815500.0,1005423766.0,0.0,1191117981.0,0.0,223410784.0,9293640724.0
2020-10-07,2339908872.0,4384931047.0,998613658.0,0.0,1096015540.0,0.0,219592619.0,9039061736.0
2020-10-08,2319753644.0,4318807715.0,1003340569.0,0.0,986697954.0,0.0,206494204.0,8835094086.0
2020-10-09,2358126044.0,4509614014.0,1037625845.0,0.0,1014960193.0,0.0,204904875.0,9125230971.0
2020-10-10,2441708828.0,4717761933.0,1061180494.0,0.0,1065677239.0,0.0,223933642.0,9510262136.0
2020-10-11,2487773882.0,4776386366.0,1081699997.0,0.0,959201208.0,0.0,232459528.0,9537520981.0
2020-10-12,2511073367.0,4873793080.0,1086972353.0,0.0,950743208.0,0.0,223911717.0,9646493725.0
2020-10-13,2515617007.0,4879243655.0,1136070632.0,0.0,930591155.0,0.0,229892063.0,9691414512.0
2020-10-14,2580783910.0,4799977812.0,1146895961.0,0.0,888440900.0,0.0,231366764.0,9647465347.0
2020-10-15,2558224646.0,4831448959.0,1197402028.0,0.0,855975224.0,0.0,224416420.0,9667467277.0
2020-10-16,2547717852.0,4830690851.0,1207611680.0,0.0,834635820.0,0.0,218303946.0,9638960149.0
2020-10-17,2518266922.0,4718455906.0,1187179929.0,0.0,815719016.0,0.0,218752546.0,9458374319.0
2020-10-18,2515124059.0,4725508889.0,1196295448.0,0.0,793917238.0,0.0,218348130.0,9449193764.0
2020-10-19,2545906376.0,4783982363.0,1209620979.0,0.0,793963363.0,0.0,217870328.0,9551343409.0
2020-10-20,2604862518.0,4763976355.0,1239515868.0,0.0,755249701.0,0.0,221605895.0,9585210337.0
2020-10-21,2601314867.0,4679386235.0,1273766915.0,0.0,701351219.0,0.0,214426631.0,9470245867.0
2020-10-22,2729343112.0,4622437950.0,1377797079.0,0.0,652430884.0,0.0,215059305.0,9597068330.0
2020-10-23,2810168421.0,4572036760.0,1439162562.0,0.0,724575798.0,0.0,213600434.0,9759543975.0
2020-10-24,2897978044.0,4457320428.0,1432969695.0,0.0,728727046.0,0.0,214458393.0,9731453606.0
2020-10-25,2933775358.0,4546265648.0,1453259189.0,0.0,724940890.0,0.0,211318797.0,9869559882.0
2020-10-26,2905079528.0,4577090126.0,1439795756.0,0.0,716741532.0,0.0,209187405.0,9847894347.0
2020-10-27,2885336603.0,4304400153.0,1494079739.0,0.0,585270505.0,0.0,206290546.0,9475377546.0
2020-10-28,2903023567.0,4435134847.0,1558507461.0,0.0,583727182.0,0.0,203481414.0,9683874471.0
2020-10-29,2853555083.0,4374720511.0,1560708359.0,0.0,596709531.0,0.0,195209523.0,9580903007.0
2020-10-30,2811629456.0,4349325285.0,1562061399.0,0.0,585549767.0,0.0,185659858.0,9494225765.0
2020-10-31,2766140956.0,4322165551.0,1584389480.0,0.0,585601127.0,0.0,172993149.0,9431290263.0
2020-11-01,2817806428.0,4408666686.0,1625034402.0,0.0,594258787.0,0.0,178404470.0,9624170773.0
2020-11-02,2837046669.0,4441805665.0,1617517468.0,0.0,600531273.0,0.0,173528691.0,9670429766.0
2020-11-03,2830037325.0,4295875876.0,1590733764.0,0.0,593147229.0,0.0,169058866.0,9478853060.0
2020-11-04,2853033814.0,4278727053.0,1706156521.0,0.0,585666031.0,0.0,166302537.0,9589885956.0
2020-11-05,2865758649.0,4366686245.0,1728910662.0,0.0,566761937.0,0.0,167284131.0,9695401624.0
2020-11-06,3034944048.0,4444268572.0,1906913428.0,0.0,541300138.0,0.0,160417201.0,10087843387.0
2020-11-07,3219467271.0,4525630964.0,1933879852.0,0.0,572645816.0,0.0,171139762.0,10422763665.0
2020-11-08,3169428600.0,4443325823.0,1817844630.0,0.0,591054943.0,0.0,180976400.0,10202630396.0
2020-11-09,3187306048.0,4569044926.0,1905869827.0,33633864.0,605695374.0,0.0,172971689.0,10474521728.0
2020-11-10,3252135189.0,4715441128.0,1886132015.0,36021718.0,608368768.0,0.0,179539292.0,10677638110.0
2020-11-11,3246507775.0,4766882536.0,1882079505.0,36946001.0,641808062.0,0.0,180348062.0,10754571941.0
2020-11-12,3399081817.0,4880539603.0,1925863015.0,38182682.0,637337602.0,0.0,198217816.0,11079222535.0
2020-11-13,3408965080.0,4880228740.0,2004530979.0,40297921.0,620491988.0,0.0,192855344.0,11147370052.0
2020-11-14,3509893499.0,4989365774.0,2017734639.0,40818148.0,649349117.0,0.0,190110687.0,11397271864.0
2020-11-15,3463235561.0,4979994311.0,1995070375.0,38104917.0,632837505.0,0.0,187310984.0,11296553653.0
2020-11-16,3459793107.0,4961844722.0,1979820735.0,38494421.0,627781253.0,0.0,194368134.0,11262102372.0
2020-11-17,3508125501.0,5438944623.0,2076141616.0,40899251.0,649903685.0,0.0,190034678.0,11904049354.0
2020-11-18,3576518597.0,4316104250.0,2188141515.0,40643925.0,718393042.0,0.0,189173214.0,11028974543.0
2020-11-19,3653872630.0,4186369938.0,2192032408.0,39414251.0,758160482.0,0.0,184856893.0,11014706602.0
2020-11-20,3602629452.0,4178505210.0,2203911979.0,40929372.0,753601804.0,0.0,181952733.0,10961530550.0
2020-11-21,3753473203.0,4308668743.0,2314996712.0,45026823.0,748441889.0,0.0,185635278.0,11356242648.0
2020-11-22,3825922646.0,4328948209.0,2316901988.0,51099698.0,737057513.0,0.0,191040801.0,11450970855.0
2020-11-23,3859472279.0,3902816673.0,2287569988.0,54007367.0,733981268.0,0.0,187401802.0,11025249377.0
2020-11-24,4102185728.0,3970074321.0,2280857614.0,51327463.0,755804971.0,0.0,207988924.0,11368239021.0
2020-11-25,4173454922.0,3878744091.0,2368249061.0,51349111.0,760648450.0,0.0,207393094.0,11439838729.0
2020-11-26,4153936643.0,3732831775.0,2325278481.0,44012112.0,752073848.0,0.0,206294007.0,11214426866.0
2020-11-27,3795123172.0,3577939147.0,2100241678.0,41976916.0,720787373.0,0.0,185778618.0,10421846904.0
2020-11-28,3657095052.0,3702765398.0,2096321893.0,43403403.0,732336864.0,0.0,191852005.0,10423774615.0
2020-11-29,3743179684.0,3811734537.0,2170236587.0,44241768.0,737238566.0,0.0,268585768.0,10775216910.0
2020-11-30,3934743224.0,3961554863.0,2249086462.0,44464772.0,758282719.0,0.0,355067791.0,11303199831.0
2020-12-01,4163610394.0,4023428142.0,2387847233.0,43355244.0,781606998.0,0.0,370613318.0,11770461329.0
2020-12-02,4155602764.0,4001398079.0,2254015556.0,42721849.0,769044788.0,0.0,338859003.0,11561642039.0
2020-12-03,4097360299.0,4139750271.0,2298017856.0,42529346.0,801048164.0,0.0,329901506.0,11708607442.0
2020-12-04,4159938422.0,4200351940.0,2329761821.0,43306353.0,800743985.0,0.0,224906544.0,11759009065.0
2020-12-05,3988043446.0,4139915963.0,2237201297.0,42330270.0,759691862.0,0.0,209772246.0,11376955084.0
2020-12-06,4132640884.0,4304981591.0,2307894169.0,42734545.0,770619579.0,0.0,198770357.0,11757641125.0
2020-12-07,4160439083.0,4319987617.0,2328539275.0,43898186.0,762447702.0,0.0,194710181.0,11810022044.0
2020-12-08,4163986462.0,4303318505.0,2291103759.0,42400957.0,765711536.0,0.0,193011294.0,11759532513.0
2020-12-09,4051738341.0,4164384933.0,2174497596.0,44901127.0,726354680.0,0.0,190306444.0,11352183121.0
2020-12-10,4047825611.0,4252379533.0,2174052150.0,46627858.0,725987377.0,0.0,184675887.0,11431548416.0
2020-12-11,4017366699.0,4124076054.0,2131171710.0,46049980.0,699627643.0,0.0,175683521.0,11193975607.0
2020-12-12,3919312386.0,4131990277.0,2112719970.0,43261750.0,688174652.0,0.0,175552067.0,11071011102.0
2020-12-13,4092465246.0,4258546277.0,2167619061.0,43620882.0,681556712.0,0.0,178065108.0,11421873286.0
2020-12-14,4203674469.0,4348200929.0,2195657511.0,42396996.0,687460552.0,0.0,178625510.0,11656015967.0
2020-12-15,4175184468.0,4387641052.0,2221101402.0,40290940.0,674728054.0,0.0,185081564.0,11684027480.0
2020-12-16,4240179560.0,4494654118.0,2244837553.0,43955293.0,668249614.0,0.0,181633622.0,11873509760.0
2020-12-17,4360619930.0,4477468669.0,2470364107.0,55324551.0,679102789.0,0.0,178576806.0,12221456852.0
2020-12-18,4578633404.0,4445232094.0,2611485191.0,56018146.0,673055165.0,0.0,183669876.0,12548093876.0
2020-12-19,4611786404.0,4514241197.0,2663606300.0,58228513.0,672639603.0,0.0,180665732.0,12701167749.0
2020-12-20,4730808717.0,4551120594.0,2754520371.0,57425286.0,677062690.0,0.0,175798605.0,12946736263.0
2020-12-21,4644752684.0,4494677770.0,2723971444.0,51137216.0,658471580.0,0.0,175896978.0,12748907672.0
2020-12-22,4478665132.0,4502994435.0,2674196055.0,52440699.0,656943851.0,0.0,201624787.0,12566864959.0
2020-12-23,4551735773.0,4499270895.0,2737098843.0,52538684.0,659633119.0,0.0,201660272.0,12701937586.0
2020-12-24,4456823558.0,4505703230.0,2638246801.0,56464207.0,617750555.0,0.0,184710598.0,12459698949.0
2020-12-25,4385276781.0,4714812622.0,2673416250.0,58442149.0,634364308.0,0.0,177223751.0,12643535861.0
2020-12-26,4621150188.0,4788781804.0,2762034152.0,58525717.0,633138973.0,0.0,186024083.0,13049654917.0
2020-12-27,4685961477.0,4833334761.0,2984094990.0,59464313.0,631005504.0,0.0,178261267.0,13372122312.0
2020-12-28,4679424802.0,4900871385.0,2983323883.0,71722709.0,637949977.0,0.0,182947174.0,13456239930.0
2020-12-29,5103910930.0,5019265301.0,3065669508.0,71243433.0,628997134.0,0.0,191098930.0,14080185236.0
2020-12-30,5097135462.0,4845603164.0,3072614435.0,73920630.0,621084309.0,0.0,202070415.0,13912428415.0
2020-12-31,4950370505.0,4823180218.0,3259332076.0,73786136.0,552526428.0,0.0,221563716.0,13880759079.0
2021-01-01,4999542016.0,4941213331.0,3252410852.0,72106316.0,545130040.0,0.0,223777786.0,14034180341.0
2021-01-02,5071459076.0,4985001103.0,3295338268.0,75181963.0,530594144.0,0.0,229540127.0,14187114681.0
2021-01-03,5158202634.0,5298897179.0,3455680757.0,95745863.0,535591212.0,0.0,231657254.0,14775774899.0
2021-01-04,5794349791.0,5767758387.0,3643910546.0,99345041.0,551382150.0,0.0,229952788.0,16086698703.0
2021-01-05,6208969171.0,5975050030.0,3404629520.0,109878232.0,555391530.0,0.0,233501972.0,16487420455.0
2021-01-06,6602085466.0,6474187811.0,3712830443.0,121157161.0,564570904.0,0.0,378112581.0,17852944366.0
2021-01-07,7018203254.0,6792720639.0,3969354318.0,129524736.0,576300162.0,0.0,326864960.0,18812968069.0
2021-01-08,7249978163.0,6945647224.0,4295499293.0,129201720.0,618301518.0,0.0,311860660.0,19550488578.0
2021-01-09,7488038301.0,6984087026.0,4518154252.0,137063776.0,641301307.0,0.0,315221651.0,20083866313.0
2021-01-10,7493286299.0,7082025951.0,4471481580.0,148267491.0,654500373.0,0.0,315388871.0,20164950565.0
2021-01-11,7612803202.0,6630372034.0,4220068151.0,143512653.0,644762997.0,0.0,326711993.0,19578231030.0
2021-01-12,6613737216.0,6227497583.0,3893466050.0,137459959.0,600022985.0,0.0,317673526.0,17789857319.0
2021-01-13,6656684732.0,6410060039.0,3720552846.0,162882586.0,608925248.0,0.0,301092767.0,17860198218.0
2021-01-14,6701527175.0,6632404881.0,4146532415.0,192980265.0,631915252.0,0.0,305117477.0,18610477465.0
2021-01-15,7320497986.0,6916263075.0,4310235367.0,202575879.0,625115517.0,0.0,325600404.0,19700288228.0
2021-01-16,7368042926.0,7099265117.0,4063642805.0,214478905.0,621505856.0,0.0,323374369.0,19690309978.0
2021-01-17,7494744249.0,7224014328.0,4015001755.0,217783392.0,661958633.0,0.0,333544173.0,19947046530.0
2021-01-18,7611337972.0,7318956888.0,3961553495.0,216313853.0,662503231.0,0.0,337211430.0,20107876869.0
2021-01-19,7785508838.0,7512281159.0,4027472320.0,252800672.0,689833910.0,0.0,365211110.0,20633108009.0
2021-01-20,8449296583.0,7620334513.0,4060286762.0,249424819.0,656368422.0,0.0,362126107.0,21397837206.0
2021-01-21,7987200481.0,7364154717.0,3957926604.0,220916607.0,676204132.0,0.0,354316594.0,20560719135.0
2021-01-22,7343934133.0,6849344935.0,3458684292.0,228824499.0,646324246.0,0.0,368572595.0,18895684700.0
2021-01-23,7600413823.0,7367612524.0,3649460722.0,245612736.0,683536872.0,0.0,457099957.0,20003736634.0
2021-01-24,7814617993.0,7578493058.0,3611852832.0,270202170.0,733958727.0,0.0,427763679.0,20436888459.0
2021-01-25,8452614562.0,7974345247.0,3632945982.0,267353844.0,758063146.0,0.0,418182912.0,21503505693.0
2021-01-26,8661266266.0,7913287919.0,3736372988.0,274485819.0,778765315.0,0.0,422901129.0,21787079436.0
2021-01-27,8500741999.0,8048357988.0,3728208464.0,263932617.0,790698643.0,0.0,461117106.0,21793056817.0
2021-01-28,8186252556.0,7855144150.0,3497164139.0,277775078.0,781044041.0,0.0,414515936.0,21011895900.0
2021-01-29,8587988874.0,8299534317.0,3883903223.0,292294080.0,833978080.0,0.0,411281318.0,22308979892.0
2021-01-30,9274497076.0,8485959037.0,3928491217.0,293826750.0,890124920.0,0.0,403641560.0,23276540560.0
2021-01-31,9058669857.0,8450621776.0,3974607089.0,291133753.0,899937709.0,0.0,405576673.0,23080546857.0
2021-02-01,8979319355.0,8422934289.0,3778765268.0,302151036.0,867233022.0,0.0,403755963.0,22754158933.0
2021-02-02,9153752007.0,8973524018.0,3930008653.0,353318401.0,929200328.0,0.0,396846538.0,23736649945.0
2021-02-03,9798179219.0,9622505905.0,4186090128.0,389038539.0,937303119.0,0.0,401147340.0,25334264250.0
2021-02-04,10598936321.0,10193010953.0,4425294759.0,410490389.0,966588337.0,0.0,410373544.0,27004694303.0
2021-02-05,11138384566.0,10264966320.0,4422917355.0,418043242.0,963526477.0,0.0,416707484.0,27624545444.0
2021-02-06,11836805688.0,10809231181.0,4535424845.0,433103795.0,968230519.0,0.0,428154187.0,29010950215.0
2021-02-07,11851808804.0,10479022484.0,4712184472.0,414859538.0,964860300.0,0.0,420031046.0,28842766644.0
2021-02-08,11454047927.0,10706279138.0,4717825931.0,434092683.0,955624309.0,0.0,438622042.0,28706492030.0
2021-02-09,12300223249.0,11618213977.0,5642149490.0,443487642.0,996332808.0,0.0,462663189.0,31463070355.0
2021-02-10,12925623354.0,11691068898.0,5889240714.0,454788524.0,1023659468.0,0.0,469374901.0,32453755859.0
2021-02-11,13250138043.0,11734256896.0,5719972339.0,457667519.0,1040183745.0,0.0,504996778.0,32707215320.0
2021-02-12,13501557185.0,12317677645.0,6062304555.0,472422586.0,1099369710.0,0.0,578770299.0,34032101980.0
2021-02-13,13572228435.0,12264928988.0,6029035312.0,474285786.0,1095958194.0,0.0,615076600.0,34051513315.0
2021-02-14,13603335078.0,12213967439.0,5974980570.0,516637313.0,1151805902.0,0.0,627573504.0,34088299806.0
2021-02-15,13922821172.0,12319345824.0,6179818169.0,504815310.0,1129305413.0,0.0,598269160.0,34654375048.0
2021-02-16,13932964206.0,12284916697.0,6128410222.0,507953279.0,1124288856.0,0.0,556730570.0,34535263830.0
2021-02-17,14288964877.0,12498093727.0,6194501704.0,525044964.0,1152603179.0,0.0,556940429.0,35216148880.0
2021-02-18,14594133837.0,12803755628.0,6580359261.0,586870042.0,1272345691.0,0.0,616579387.0,36454043846.0
2021-02-19,15360637552.0,13092516191.0,6380440013.0,615368910.0,1335757391.0,0.0,617418328.0,37402138385.0
2021-02-20,15985967565.0,13554497673.0,6874169721.0,633793147.0,1344040178.0,0.0,683153409.0,39075621693.0
2021-02-21,16791435730.0,13569501732.0,6888685265.0,637826593.0,1388240406.0,0.0,714564585.0,39990254311.0
2021-02-22,16678151946.0,13693944995.0,7089565527.0,617281321.0,1400802757.0,0.0,679477122.0,40159223668.0
2021-02-23,15350590690.0,12484021510.0,6624917105.0,511909657.0,1342675972.0,0.0,618840798.0,36932955732.0
2021-02-24,13344003881.0,11587929712.0,5965789284.0,553486163.0,1301424405.0,0.0,493456119.0,33246089564.0
2021-02-25,15068109950.0,11927428251.0,6105877493.0,521886406.0,1343393357.0,0.0,606986336.0,35573681793.0
2021-02-26,15037401722.0,11543479516.0,5945850544.0,499760466.0,1328829762.0,0.0,582532590.0,34937854600.0
2021-02-27,14176022486.0,11336217484.0,5696987274.0,508960520.0,1348732723.0,0.0,524340027.0,33591260514.0
2021-02-28,14153053566.0,11313787584.0,5602480273.0,490219200.0,1352474591.0,0.0,535465190.0,33447480404.0
2021-03-01,13845189399.0,11281222087.0,5645817077.0,537365330.0,1566459436.0,0.0,522068060.0,33398121389.0
2021-03-02,15254938740.0,11999375847.0,6131209111.0,548811928.0,1645853369.0,0.0,527163434.0,36107352429.0
2021-03-03,15492375624.0,11786441643.0,5984572470.0,529945601.0,1767562599.0,0.0,540245467.0,36101143404.0
2021-03-04,16062337219.0,12381649536.0,6245490666.0,527265473.0,1729453350.0,0.0,544426053.0,37490622297.0
2021-03-05,15825940221.0,12386003191.0,6002357042.0,510005752.0,1647085995.0,0.0,549792687.0,36921184888.0
2021-03-06,15283262428.0,12409341722.0,6123521136.0,562458901.0,1656911024.0,0.0,516682873.0,36552178084.0
2021-03-07,15652309639.0,12912236773.0,6145485389.0,569278892.0,1561250951.0,0.0,524041172.0,37364602816.0
2021-03-08,15875095098.0,12099748641.0,6422040857.0,599200224.0,1586362044.0,0.0,534193098.0,37116639962.0
2021-03-09,16046703186.0,12798886785.0,6809902992.0,626415971.0,1769975677.0,0.0,520512206.0,38572396817.0
2021-03-10,17153669651.0,13283613390.0,7185932450.0,617740452.0,1899207677.0,0.0,541901264.0,40682064884.0
2021-03-11,17416603629.0,13185377058.0,7391630806.0,613462774.0,1946431987.0,0.0,543273278.0,41096779532.0
2021-03-12,17971401904.0,13446221852.0,7647435886.0,614698150.0,2103527611.0,0.0,562905405.0,42346190808.0
2021-03-13,18945958958.0,14306053984.0,7668958902.0,643878111.0,2167982347.0,0.0,538293738.0,44271126040.0
2021-03-14,20128251354.0,15474436439.0,8195612706.0,639577644.0,2274794052.0,0.0,570688243.0,47283360438.0
2021-03-15,20011794168.0,15417560268.0,8099337371.0,610040737.0,2228750844.0,0.0,552939759.0,46920423147.0
2021-03-16,18941804398.0,15005382086.0,7581569213.0,617839779.0,2207854456.0,0.0,531232081.0,44885682013.0
2021-03-17,19128165010.0,15253238633.0,7719774823.0,611785712.0,2182488318.0,0.0,535806160.0,45431258656.0
2021-03-18,19168945013.0,15572130861.0,8013375818.0,617086007.0,2236051037.0,0.0,545566370.0,46153155106.0
2021-03-19,19507293352.0,15249518807.0,7892483640.0,610810057.0,2309249902.0,0.0,590595168.0,46159950926.0
2021-03-20,19979025883.0,15521978910.0,8013453009.0,621374754.0,2374671761.0,0.0,582496670.0,47093000987.0
2021-03-21,20366354196.0,16065105762.0,8043739040.0,603842825.0,2388919756.0,0.0,579524637.0,48047486216.0
2021-03-22,19673875877.0,15477974536.0,7881943502.0,611995256.0,2577210123.0,0.0,549770902.0,46772770196.0
2021-03-23,19927436762.0,14930841622.0,7450787356.0,584350408.0,2651149817.0,0.0,572644387.0,46117210352.0
2021-03-24,19278052179.0,14627780006.0,7521168077.0,583783449.0,2901797896.0,0.0,544698100.0,45457279707.0
2021-03-25,19251611049.0,13945920298.0,7256076285.0,572804278.0,2897457314.0,0.0,552595311.0,44476464535.0
2021-03-26,18447265981.0,13937146004.0,7155246209.0,581915044.0,3031547417.0,0.0,504723497.0,43657844152.0
2021-03-27,19122074206.0,14765666754.0,7659295624.0,589220786.0,3110490085.0,0.0,503679642.0,45750427097.0
2021-03-28,18965416416.0,14932109011.0,7736197556.0,592420096.0,3173128482.0,0.0,501903905.0,45901175466.0
2021-03-29,19178298709.0,14934094737.0,7697365239.0,616885733.0,3350529649.0,0.0,517569443.0,46294743510.0
2021-03-30,20099799960.0,15597155241.0,8042509559.0,642192597.0,3476461102.0,0.0,528900297.0,48387018756.0
2021-03-31,21422394328.0,15922498797.0,8222441549.0,657939000.0,3414562632.0,0.0,586615226.0,50226451532.0
2021-04-01,21224221309.0,15863273469.0,8235192072.0,688419357.0,3507821704.0,0.0,626862149.0,50145790060.0
2021-04-02,22408834440.0,16471048668.0,8236432188.0,726324370.0,3622156367.0,0.0,634819936.0,52099615969.0
2021-04-03,23456751178.0,17058202363.0,8316326703.0,712026369.0,3752973042.0,0.0,622739301.0,53919018956.0
2021-04-04,24364722779.0,18862825908.0,8008914697.0,728716029.0,3658421179.0,0.0,625555108.0,56249155700.0
2021-04-05,24550542273.0,19572505095.0,8193351318.0,731893146.0,3849583347.0,0.0,606656560.0,57504531739.0
2021-04-06,24953195291.0,20088436703.0,8242433316.0,757690011.0,3995944594.0,0.0,617934601.0,58655634516.0
2021-04-07,25351885685.0,20238301427.0,8228544865.0,733203663.0,3986636874.0,0.0,633943023.0,59172515537.0
2021-04-08,24075986335.0,18871978205.0,8000548435.0,705738517.0,3994874509.0,0.0,592622268.0,56241748269.0
2021-04-09,24699686521.0,19441134890.0,8294040442.0,727801958.0,4086568004.0,0.0,604982196.0,57854214011.0
2021-04-10,25459092763.0,19511790716.0,8462956134.0,766492593.0,4157213773.0,0.0,620345115.0,58977891094.0
2021-04-11,26357980151.0,19653851122.0,8663278953.0,774617535.0,4094680641.0,0.0,605777842.0,60150186244.0
2021-04-12,26407053322.0,19796866048.0,8762087101.0,802871331.0,4140375307.0,0.0,627665925.0,60536919034.0
2021-04-13,27365004235.0,19833576974.0,8761719164.0,840017794.0,4200459858.0,0.0,622608219.0,61623386244.0
2021-04-14,28797659298.0,20498626420.0,9376993410.0,889950729.0,4413966804.0,0.0,621718624.0,64598915285.0
2021-04-15,30510650909.0,21222744577.0,9396736814.0,919885472.0,4437037874.0,0.0,603656062.0,67090711708.0
2021-04-16,30914452081.0,22122262831.0,9416938772.0,914332725.0,4425322699.0,0.0,615323664.0,68408632772.0
2021-04-17,30911913669.0,21588885273.0,9143690846.0,916170468.0,4365776135.0,0.0,601064578.0,67527500969.0
2021-04-18,30953744034.0,21258469056.0,8917784836.0,826507024.0,4205566748.0,0.0,613404796.0,66775476494.0
2021-04-19,27644420788.0,20336283868.0,8597516134.0,896814291.0,4222980750.0,0.0,536978016.0,62234993847.0
2021-04-20,29241238523.0,19802938751.0,8563183784.0,854519825.0,4155152273.0,0.0,584942929.0,63201976085.0
2021-04-21,28750651232.0,20832259753.0,8686736152.0,913210164.0,4263246151.0,0.0,671629686.0,64117733138.0
2021-04-22,28313317014.0,20857987262.0,8316503257.0,969499723.0,4278986878.0,35958.0,756143474.0,63492473566.0
2021-04-23,30570048657.0,20857761983.0,8126334366.0,900250796.0,4179425548.0,35900.0,716126749.0,65349983999.0
2021-04-24,28433800638.0,23672962819.0,7976514196.0,905087951.0,4158141336.0,35831.0,636307229.0,65782850000.0
2021-04-25,27397191050.0,24032005185.0,7879561105.0,891506300.0,4091156497.0,35900.0,663033561.0,64954489598.0
2021-04-26,28534989181.0,25434532761.0,7763058829.0,957616577.0,4193538391.0,35918.0,786845787.0,67670617444.0
2021-04-27,31526154906.0,28028983867.0,8446019552.0,988461377.0,4252682500.0,464740.0,781897432.0,74024664374.0
2021-04-28,32984929392.0,28991206776.0,8653034009.0,1019684594.0,4297676431.0,455249.0,759351611.0,76706338062.0
2021-04-29,34785739918.0,30070434227.0,8615515004.0,1063924965.0,4440337605.0,457378.0,716180438.0,79692589535.0
2021-04-30,35327092063.0,28847474400.0,8680669441.0,1012382523.0,4602280281.0,589248.0,714876689.0,79185364645.0
2021-05-01,36048012974.0,29769284985.0,9414174821.0,1021244327.0,4865270667.0,586712.0,744537496.0,81863111982.0
2021-05-02,37793299078.0,30709632119.0,9401556513.0,1043150701.0,4742502990.0,590539.0,728284161.0,84419016101.0
2021-05-03,38341121418.0,31393655891.0,9580486091.0,1142359274.0,4821297876.0,510229.0,779433388.0,86058864167.0
2021-05-04,41428842624.0,32324154362.0,9619395417.0,1199375934.0,5074692564.0,510257.0,741424711.0,90388395869.0
2021-05-05,43147965830.0,31629294929.0,9116327684.0,1243425471.0,5059559502.0,509744.0,702971859.0,90900055019.0
2021-05-06,42411344552.0,32869008725.0,9768007275.0,1287051918.0,5295060736.0,509224.0,687295531.0,92318277961.0
2021-05-07,44284717453.0,32739302947.0,9620344630.0,1423697599.0,5443210642.0,510004.0,700428980.0,94212212255.0
2021-05-08,43512453323.0,33407467372.0,9741463646.0,1522190946.0,5606234527.0,509177.0,719943338.0,94510262329.0
2021-05-09,44924755846.0,34793455319.0,10018287975.0,1705467537.0,5828625611.0,508641.0,732365920.0,98003466849.0
2021-05-10,46526301704.0,34607009797.0,9961527913.0,1780740885.0,5985244904.0,507936.0,692835546.0,99554168685.0
2021-05-11,48016566182.0,34026357485.0,9656283806.0,1750900536.0,5926792330.0,509759.0,715629609.0,100093039707.0
2021-05-12,47153004286.0,34046346638.0,9783922640.0,1875801076.0,6088418719.0,509851.0,700922218.0,99648925428.0
2021-05-13,49515938615.0,31905910060.0,9045119509.0,1831614710.0,5864514819.0,510816.0,707965632.0,98871574161.0
2021-05-14,44912767051.0,31562624960.0,8559240111.0,1797608821.0,6198671612.0,511294.0,629501494.0,93660925343.0
2021-05-15,47187615350.0,33524988834.0,8774419870.0,1632576860.0,6058867746.0,314318.0,641433494.0,97820216472.0
2021-05-16,45738248489.0,31554834823.0,8260181030.0,1650494740.0,6064859868.0,315480.0,674098579.0,93943033009.0
2021-05-17,45484854928.0,30650427700.0,8092048911.0,1520864740.0,5735532397.0,313734.0,661827442.0,92145869852.0
2021-05-18,42482336460.0,29691376634.0,7739014964.0,1577448841.0,5963980086.0,315041.0,766134755.0,88220606781.0
2021-05-19,43099247177.0,27961712541.0,7649607368.0,1144259191.0,4944307409.0,1300440.0,798220886.0,85598655012.0
2021-05-20,33362747323.0,24395365242.0,6831935138.0,1236309927.0,4859567739.0,1301522.0,611422286.0,71298649177.0
2021-05-21,34130422419.0,24363791274.0,7309673222.0,1037295965.0,4560769400.0,1295104.0,570442335.0,71973689719.0
2021-05-22,32815963187.0,23034798399.0,6743524865.0,1186720455.0,4664572243.0,1307591.0,536071033.0,68982957773.0
2021-05-23,29968113811.0,21013729539.0,6821072862.0,1071469050.0,4122010190.0,1302475.0,445693986.0,63443391913.0
2021-05-24,26136893843.0,21345878095.0,6328940273.0,1325476423.0,4665811272.0,1320823.0,376733789.0,60181054518.0
2021-05-25,30084364559.0,23745709844.0,7094831214.0,1381620303.0,4858464193.0,1238614.0,428341616.0,67594570343.0
2021-05-26,30116952527.0,25041663855.0,6957312339.0,1434767583.0,5747485075.0,1238893.0,406620070.0,69706040342.0
2021-05-27,34389583857.0,25884557556.0,7255170355.0,1452753313.0,5957578664.0,1240575.0,514517729.0,75455402049.0
2021-05-28,34772801497.0,25116326948.0,7076438346.0,1277276074.0,5815379920.0,1903190.0,511727350.0,74571853325.0
2021-05-29,31528649872.0,23630798001.0,6610928838.0,1206722251.0,5766600653.0,1899639.0,460705164.0,69206304418.0
2021-05-30,30942600981.0,23671116840.0,6449661647.0,1275166668.0,5920052198.0,1909946.0,477680053.0,68738188333.0
2021-05-31,32011489265.0,25484883369.0,6641770399.0,1423724785.0,6092899160.0,1908178.0,476956220.0,72133631376.0
2021-06-01,33556641106.0,26664395559.0,6969947204.0,1402472523.0,6410349464.0,1908455.0,479711212.0,75485425523.0
2021-06-02,33689293271.0,27217054070.0,6806503818.0,1467184447.0,6526604332.0,1903535.0,475066179.0,76183609652.0
2021-06-03,34843314063.0,28702124477.0,6989084818.0,1543820335.0,7768843753.0,1911306.0,483236670.0,80332335422.0
2021-06-04,35726657152.0,28872953745.0,7272941570.0,1522791967.0,8085726261.0,1902905.0,494027262.0,81977000862.0
2021-06-05,33462320707.0,28417172568.0,6912511517.0,1464201217.0,8367296571.0,1905914.0,474014925.0,79099423419.0
2021-06-06,33819330684.0,28426808496.0,6644921661.0,1520577175.0,8592596860.0,1905545.0,460223551.0,79466363972.0
2021-06-07,34384723739.0,28647565094.0,6693758287.0,1482823427.0,9009616945.0,1910134.0,462246591.0,80682644217.0
2021-06-08,34793910060.0,27818007012.0,6338562065.0,1434263262.0,8946541560.0,2035877.0,461009472.0,79794329308.0
2021-06-09,32559019219.0,28313223757.0,6242966772.0,1490506121.0,9194235033.0,2106085.0,425174083.0,78227231070.0
2021-06-10,33688870611.0,28659933678.0,6982715496.0,1436111774.0,9155443307.0,2105843.0,500444148.0,80425624857.0
2021-06-11,33359362932.0,28227632064.0,6965569510.0,1392393426.0,9171079415.0,2544032.0,476661422.0,79595242801.0
2021-06-12,32341078936.0,27657392389.0,7036502133.0,1442164411.0,9321974305.0,2792695.0,457935458.0,78259840327.0
2021-06-13,31655073076.0,28296471023.0,6759918429.0,1507375674.0,9605055867.0,2799715.0,433607645.0,78260301429.0
2021-06-14,32040452115.0,29434193306.0,7373225688.0,1548378581.0,9843016768.0,2576908.0,415272275.0,80657115641.0
2021-06-15,33341919238.0,29667983724.0,7650093689.0,1549013071.0,9977925869.0,2580568.0,414275124.0,82603791283.0
2021-06-16,34149069238.0,29260778760.0,7620407757.0,1480961229.0,9613078478.0,2571779.0,408765363.0,82535632604.0
2021-06-17,32329040347.0,28581591622.0,7242785417.0,1486915938.0,9616864957.0,2574202.0,408082463.0,79667854946.0
2021-06-18,31735076976.0,27627556622.0,7328739913.0,1402181889.0,9274293523.0,2576657.0,404261096.0,77774686676.0
2021-06-19,30806458716.0,27032224530.0,6872289396.0,1398280806.0,9375096856.0,2584258.0,452843087.0,75939777649.0
2021-06-20,29939572876.0,26705280774.0,6807780728.0,1444775805.0,9453807368.0,2569727.0,401382624.0,74755169902.0
2021-06-21,28852562023.0,25326954917.0,6832992364.0,1233511190.0,8201758375.0,2571631.0,377537128.0,70827887628.0
2021-06-22,26783785508.0,22574797320.0,6052765315.0,1229152630.0,8172346324.0,3224587.0,372231140.0,65188302824.0
2021-06-23,26062931447.0,23208241987.0,6218985577.0,1266886935.0,8387960171.0,3226288.0,341100409.0,65489332814.0
2021-06-24,27286986532.0,23963637999.0,6426859773.0,1293911572.0,8436081687.0,3505646.0,376457134.0,67787440343.0
2021-06-25,27776918325.0,23795420967.0,6622495881.0,1196407024.0,8553018554.0,3473535.0,396239966.0,68343974252.0
2021-06-26,26782355978.0,23149886885.0,6089345064.0,1184516907.0,8512833987.0,3555441.0,431190024.0,66153684286.0
2021-06-27,26463558778.0,23394956924.0,6113161257.0,1280368908.0,8680813704.0,3494717.0,574673789.0,66511028077.0
2021-06-28,26994617568.0,24321577582.0,6612083244.0,1369092977.0,8909998151.0,3511495.0,560094936.0,68770975953.0
2021-06-29,28188155180.0,24825748454.0,6700272880.0,1455832306.0,9144921235.0,3642931.0,565974468.0,70884547454.0
2021-06-30,29085481672.0,25448145860.0,6968136333.0,1509267538.0,9126030878.0,3645546.0,545721374.0,72686429201.0
2021-07-01,29105092467.0,25695205551.0,6850611538.0,1479909247.0,8978837657.0,3728430.0,506850823.0,72620235713.0
2021-07-02,28618374600.0,25796221165.0,6582183696.0,1503940832.0,9013708044.0,4205689.0,499590317.0,72018224343.0
2021-07-03,28078849498.0,26346529884.0,6645337441.0,1534822409.0,9146538804.0,4203625.0,554147555.0,72310429216.0
2021-07-04,29425961035.0,26954467255.0,6806685282.0,1648336795.0,9283341581.0,4195548.0,568207213.0,74691194709.0
2021-07-05,30421531964.0,26992259811.0,6934937822.0,1602858600.0,9241685184.0,4196183.0,570286932.0,75767756496.0
2021-07-06,29597586141.0,27076863332.0,6639954664.0,1653605612.0,9022203577.0,4180074.0,545368760.0,74539762160.0
2021-07-07,30401182393.0,27359541877.0,6706200962.0,1669984177.0,8997834237.0,4333908.0,547095906.0,75686173460.0
2021-07-08,30986941592.0,26747400585.0,6700938555.0,1551509890.0,8862405119.0,4194529.0,543392119.0,75396782389.0
2021-07-09,29097994016.0,26392193055.0,6474327166.0,1619162216.0,9178301039.0,4471618.0,532043205.0,73298492315.0
2021-07-10,29031789292.0,26529606444.0,6689124161.0,1595861441.0,9045536659.0,4453354.0,520808424.0,73417179775.0
2021-07-11,29453133814.0,26516698041.0,6629950194.0,1618686873.0,9151131921.0,4462943.0,524651270.0,73898715056.0
2021-07-12,29695630215.0,26262756115.0,6760488215.0,1538681240.0,8715003991.0,4441839.0,521298799.0,73498300414.0
2021-07-13,29097336283.0,25698729561.0,6532003813.0,1469242707.0,8577162036.0,4737759.0,524527735.0,71903739894.0
2021-07-14,28189885685.0,25360232310.0,6425789971.0,1519277867.0,8579139312.0,4821294.0,515916252.0,70595062691.0
2021-07-15,28881093964.0,24591158541.0,6445210181.0,1468083918.0,8188081126.0,4816992.0,501516020.0,70079960742.0
2021-07-16,28367546643.0,24196354711.0,6223455267.0,1437165882.0,8123587673.0,4967628.0,494013497.0,68847091301.0
2021-07-17,28216906742.0,23839671916.0,6156660962.0,1452294765.0,8073631856.0,4959771.0,467472582.0,68211598594.0
2021-07-18,28503183046.0,24015406261.0,6175798329.0,1447135837.0,8087871210.0,4973013.0,453547856.0,68687915552.0
2021-07-19,28621025179.0,23626251981.0,6241564479.0,1406112382.0,8036926930.0,4967033.0,468036416.0,68404884400.0
2021-07-20,27890633836.0,23067162438.0,6037467725.0,1377524720.0,7816330277.0,4967257.0,457572776.0,66651659029.0
2021-07-21,27564204344.0,23437097765.0,5822750126.0,1528129747.0,8175102867.0,5002832.0,442769282.0,66975056963.0
2021-07-22,29561242568.0,24278776352.0,6258855210.0,1566698834.0,8349245394.0,4970602.0,463920581.0,70483709541.0
2021-07-23,29685821401.0,24919317690.0,6295275881.0,1630895981.0,8528325646.0,4597462.0,465521253.0,71529755314.0
2021-07-24,30365008688.0,25832187436.0,6512639086.0,1680960094.0,8685650225.0,4602155.0,470679894.0,73551727578.0
2021-07-25,30997981723.0,26235505825.0,6658597455.0,1687038317.0,8727479294.0,4707418.0,481507827.0,74792817859.0
2021-07-26,31307605465.0,26792289824.0,6885482512.0,1740061225.0,9117677605.0,4708478.0,478094905.0,76325920014.0
2021-07-27,31828648893.0,27156816494.0,7196797133.0,1785845809.0,9200440419.0,4708285.0,504546021.0,77677803054.0
2021-07-28,32514167547.0,27482780939.0,7503395696.0,1793240997.0,9149643736.0,4968116.0,486882739.0,78935079770.0
2021-07-29,32296675181.0,27584798562.0,7717235850.0,1858414122.0,9142746324.0,5057348.0,501725886.0,79106653273.0
2021-07-30,33309548465.0,28266554162.0,7711392369.0,1931912784.0,9298184947.0,5405597.0,509164769.0,81032163093.0
2021-07-31,34125921039.0,28746315756.0,8034844745.0,2013723057.0,9360009607.0,5391067.0,501979026.0,82788184297.0
2021-08-01,34863610016.0,28822456613.0,8037226851.0,2089200336.0,9488824677.0,5387110.0,509450961.0,83816156564.0
2021-08-02,34632211037.0,28836131027.0,7668151824.0,2076795769.0,9518695363.0,5402613.0,511239233.0,83248626866.0
2021-08-03,34336571632.0,28826834815.0,7558476014.0,2107684330.0,9496101564.0,5406851.0,495881390.0,82826956596.0
2021-08-04,34249672708.0,29004234242.0,7357196391.0,2262939725.0,9606152833.0,5406367.0,494067333.0,82979669599.0
2021-08-05,36086238155.0,29559477137.0,7680067713.0,2370222221.0,9749039209.0,4870676.0,516068743.0,85965983854.0
2021-08-06,37002377680.0,30263735566.0,7942158953.0,2439117280.0,9875523673.0,5452876.0,496710603.0,88025076631.0
2021-08-07,37509838456.0,31215160558.0,8273166927.0,2643881104.0,10238465230.0,5820720.0,507363037.0,90393696032.0
2021-08-08,39441523732.0,31659772644.0,8656911527.0,2642691158.0,10188012855.0,5821949.0,522624512.0,93117358377.0
2021-08-09,38474876596.0,31528525586.0,8544108952.0,2750825026.0,10461686755.0,5883310.0,522416575.0,92288322800.0
2021-08-10,39671415767.0,32135938868.0,9000041309.0,2809565848.0,10522963679.0,6243935.0,517655453.0,94663824859.0
2021-08-11,39518312518.0,32131260959.0,8871307377.0,2801947714.0,10596866293.0,6246410.0,523214762.0,94449156033.0
2021-08-12,40026587117.0,32359265604.0,8894927138.0,2724006974.0,10424685169.0,6167044.0,533959140.0,94969598186.0
2021-08-13,38901586849.0,33075146190.0,8663694298.0,3002089163.0,11040002538.0,6144563.0,520940909.0,95209604510.0
2021-08-14,41107256476.0,33910882247.0,9317008313.0,3023085546.0,11033889311.0,6067693.0,532308475.0,98930498061.0
2021-08-15,40558078591.0,34211145515.0,9183505214.0,3134659549.0,11191606973.0,6151268.0,524950447.0,98810097557.0
2021-08-16,40742211692.0,34087322106.0,9185365248.0,3077945432.0,11069082316.0,6132611.0,532515436.0,98700574841.0
2021-08-17,39625831174.0,33233240565.0,8947342133.0,3015940727.0,10869780421.0,6056083.0,553187033.0,96251378136.0
2021-08-18,38036250980.0,33381681743.0,8672932904.0,3067671670.0,11341042321.0,5561433.0,545234170.0,95050375221.0
2021-08-19,38288402252.0,34070462893.0,8723447630.0,3223366820.0,12262662640.0,5540235.0,510479660.0,97084362130.0
2021-08-20,39201288881.0,35149555547.0,9077432312.0,3426787627.0,12528459054.0,5550954.0,512556136.0,99901630511.0
2021-08-21,41012423221.0,35483324408.0,9585472127.0,3513256994.0,12705527617.0,5578295.0,531435983.0,102837018645.0
2021-08-22,40665571165.0,35298593493.0,9544822185.0,3555219348.0,12739330550.0,6678879.0,542479882.0,102352695502.0
2021-08-23,40673569257.0,36076178904.0,9594110404.0,3772209477.0,12956203462.0,6695285.0,550710211.0,103629677000.0
2021-08-24,41538129130.0,35669399725.0,9640536781.0,3680533793.0,12937771398.0,6696990.0,556801576.0,104029869393.0
2021-08-25,40375823301.0,35652640788.0,9411817095.0,3707106703.0,13032830223.0,6711459.0,542079701.0,102729009270.0
2021-08-26,41018266450.0,35436256364.0,9682604081.0,3720594060.0,12892628268.0,6511216.0,531187064.0,103288047503.0
2021-08-27,39746469288.0,35526369498.0,9344580099.0,4008281872.0,13157127393.0,6516807.0,539257829.0,102328602786.0
2021-08-28,41488861640.0,36185602718.0,9692575699.0,3855423270.0,13341860348.0,6507313.0,631627316.0,105202458304.0
2021-08-29,41104280458.0,35977969254.0,9677899849.0,4230054933.0,13539159684.0,6520032.0,704490911.0,105240375121.0
2021-08-30,40971438050.0,35603628834.0,9679397188.0,4230912428.0,13449297666.0,6534916.0,678244509.0,104619453591.0
2021-08-31,41154208154.0,35646939265.0,9306505233.0,4257765568.0,13758395207.0,6526464.0,687232312.0,104817572203.0
2021-09-01,42655369435.0,37190933566.0,9393685927.0,4506491423.0,14221959141.0,7695451.0,898230500.0,108874365443.0
2021-09-02,45553938554.0,38281905128.0,9689246198.0,4784127565.0,14376895672.0,7674859.0,832387327.0,113526175303.0
2021-09-03,45656109760.0,38448076876.0,9828315197.0,5082274207.0,14522200893.0,7660135.0,796793634.0,114341430702.0
2021-09-04,46750295032.0,38950643425.0,9966770357.0,5351807025.0,14605419530.0,7021769.0,782873374.0,116414830512.0
2021-09-05,46482437958.0,39204955923.0,9958489095.0,5332844395.0,14839545913.0,7029994.0,812582199.0,116637885477.0
2021-09-06,47420543968.0,39542722361.0,10324258336.0,5382755837.0,14854992911.0,7023829.0,782145704.0,118314442946.0
2021-09-07,47484439447.0,37342276429.0,10695255380.0,5405565712.0,13780043987.0,7037277.0,663796384.0,115378414616.0
2021-09-08,42464352537.0,35679837733.0,9533040497.0,5459578628.0,14145714962.0,7279971.0,680142364.0,107969946692.0
2021-09-09,42778152820.0,35430064643.0,9397592369.0,4946981566.0,13950150123.0,7357658.0,791912302.0,107302211481.0
2021-09-10,42446935716.0,34807962788.0,9488160335.0,5233405521.0,13434755407.0,7346300.0,768447298.0,106187013365.0
2021-09-11,40524747679.0,34495914154.0,9146385386.0,5195252041.0,13615410171.0,7463716.0,768069205.0,103753242352.0
2021-09-12,40864291189.0,35353314288.0,9213255440.0,5154267639.0,13765916759.0,7443104.0,773756317.0,105132244736.0
2021-09-13,41968989771.0,35686070339.0,9415648596.0,5313942666.0,13657069352.0,7401703.0,790156914.0,106839279341.0
2021-09-14,40620379474.0,36236872781.0,9167678237.0,5069890513.0,14146794653.0,7420328.0,777071778.0,106026107764.0
2021-09-15,42005114595.0,37970248722.0,9722859065.0,5801776830.0,14632347739.0,7414739.0,779004309.0,110918765999.0
2021-09-16,43579719153.0,38385084427.0,9937168806.0,5609923463.0,14867508562.0,7407466.0,819310314.0,113206122191.0
2021-09-17,43029185194.0,37989538179.0,9915010177.0,5481161284.0,14696083598.0,7447188.0,768767884.0,111887193504.0
2021-09-18,41749650482.0,37918455618.0,9823539953.0,5619544349.0,14672708441.0,7551780.0,789089164.0,110580539787.0
2021-09-19,41956371507.0,37736698696.0,10021765065.0,5427646263.0,14905794140.0,7550010.0,863548591.0,110919374272.0
2021-09-20,40963602240.0,35124253560.0,9857319541.0,5014977055.0,13907866594.0,7535564.0,855241749.0,105730796303.0
2021-09-21,37037702772.0,33039217191.0,8921972919.0,4690073325.0,13472160481.0,8342117.0,895576238.0,98065045043.0
2021-09-22,35931142456.0,34300178358.0,8475843038.0,5105019339.0,13963618551.0,8587633.0,948492133.0,98732881508.0
2021-09-23,38873218423.0,35942353642.0,9031670484.0,5278728398.0,14432274931.0,8567648.0,1018405697.0,104585219223.0
2021-09-24,39925837349.0,35089690442.0,9346710812.0,4923940934.0,14008907455.0,8537063.0,1030624550.0,104334248605.0
2021-09-25,38340854424.0,34800567063.0,10293961043.0,4963153977.0,14037246911.0,8561896.0,956060122.0,103400405436.0
2021-09-26,38347248986.0,35292036780.0,10308967215.0,5151724163.0,14350949849.0,8581012.0,907961878.0,104367469883.0
2021-09-27,39358227842.0,35171257313.0,10436341028.0,5119578094.0,14340122409.0,8564200.0,893758559.0,105327849445.0
2021-09-28,38110944316.0,34410656313.0,10163082108.0,4913300272.0,14121649953.0,8583108.0,850895503.0,102579111573.0
2021-09-29,37060894040.0,34219642884.0,10005857675.0,4955812469.0,14098635388.0,8585147.0,843385397.0,101192813000.0
2021-09-30,37744982816.0,34756197945.0,10100666464.0,5236455852.0,14475376236.0,8543978.0,836156948.0,103158380239.0
2021-10-01,38182077292.0,36697175041.0,10660421600.0,5688178549.0,15184074704.0,8585773.0,895909129.0,107316422088.0
2021-10-02,40983107397.0,37622540801.0,11560380473.0,6050838249.0,15477472066.0,8571614.0,912717548.0,112615628148.0
2021-10-03,42111733719.0,38136306374.0,11488668360.0,6020436107.0,15761787417.0,8561029.0,914985059.0,114442478065.0
2021-10-04,42199505852.0,38234472746.0,11598097354.0,6100066413.0,15866715418.0,8564499.0,882879122.0,114890301404.0
2021-10-05,41980200451.0,39104543138.0,11880569000.0,6217402543.0,16275835349.0,8549572.0,873502565.0,116340602618.0
2021-10-06,43482322326.0,39296461668.0,12437635517.0,6336749180.0,16289134637.0,8509710.0,875757307.0,118726570345.0
2021-10-07,44340861285.0,39810266388.0,13675749021.0,6456848266.0,16464343938.0,8608724.0,857939103.0,121614616725.0
2021-10-08,43224391302.0,40373494530.0,15738962764.0,6568347336.0,16430602002.0,8624399.0,896931592.0,123241353925.0
2021-10-09,42611261185.0,40755366698.0,16293645492.0,6657092246.0,16604228225.0,8622463.0,892326177.0,123822542486.0
2021-10-10,42902688385.0,40600554839.0,17191066772.0,6694560424.0,16704674550.0,8598190.0,900409480.0,125002552640.0
2021-10-11,42051465706.0,39869265664.0,17191720383.0,6770779028.0,16645585009.0,8613484.0,880362593.0,123417791867.0
2021-10-12,43110629246.0,40549603174.0,17664781410.0,6829659315.0,17006687893.0,8620692.0,847828096.0,126017809826.0
2021-10-13,43031438811.0,40586628382.0,17073379234.0,7036520317.0,17234833498.0,8589516.0,885883424.0,125857273182.0
2021-10-14,44980352892.0,41149797209.0,17396096555.0,7121690019.0,17897662848.0,8630506.0,881558295.0,129435788324.0
2021-10-15,46356361177.0,42205768307.0,17445758951.0,7413072528.0,18273104449.0,9853654.0,904243215.0,132608162281.0
2021-10-16,47725620063.0,43121546224.0,18704396969.0,7753436038.0,18672977981.0,9078481.0,905061060.0,136892116816.0
2021-10-17,47615728186.0,43104800722.0,18596398714.0,7826076247.0,18460846570.0,9115994.0,929640153.0,136542606586.0
2021-10-18,47715137887.0,43433409180.0,18987089965.0,7955171767.0,18586006618.0,9130492.0,982808621.0,137668754530.0
2021-10-19,46828946943.0,42903989890.0,18827303130.0,7740531282.0,18521446228.0,9266773.0,958912877.0,135790397123.0
2021-10-20,47939182326.0,43813246797.0,19502031525.0,7977810753.0,19122887201.0,9357089.0,962972203.0,139327487894.0
2021-10-21,51701038298.0,45632860124.0,20908802830.0,8689877626.0,20117118701.0,9293401.0,1045215574.0,148104206554.0
2021-10-22,50753543303.0,44551782704.0,20134197638.0,8769855203.0,19989025473.0,9334703.0,1075564561.0,145283303585.0
2021-10-23,49743011373.0,44431136391.0,19790902874.0,8492342047.0,20005129224.0,9236896.0,1052062391.0,143523821196.0
2021-10-24,51575821003.0,45352863917.0,20179324689.0,8823193183.0,20458114011.0,9290632.0,1059174006.0,147457781441.0
2021-10-25,50705442919.0,45224017349.0,20091031977.0,8886041135.0,20445602102.0,9272643.0,1087582225.0,146448990350.0
2021-10-26,52112244579.0,46387794743.0,20831402177.0,9138625784.0,21347779814.0,10494000.0,1155691818.0,150984032915.0
2021-10-27,51151475764.0,46127854396.0,20353800560.0,8917766982.0,21225493854.0,10430561.0,1179109791.0,148965931908.0
2021-10-28,49392357857.0,45050765946.0,19728806248.0,8555126794.0,20649201452.0,10450819.0,1067044154.0,144453753270.0
2021-10-29,51955045451.0,47268492045.0,20695151997.0,9139888036.0,22064755626.0,10464982.0,1113926940.0,152247725077.0
2021-10-30,48735502117.0,47901182701.0,21332199767.0,9286535270.0,22374672519.0,10456493.0,1164406488.0,150804955355.0
2021-10-31,47003745905.0,48042286822.0,21032279994.0,9238994684.0,22552813313.0,10439848.0,1142332130.0,149022892696.0
2021-11-01,48986600696.0,48268544991.0,20987096768.0,9181027051.0,22571215092.0,10463292.0,1130130364.0,151135078254.0
2021-11-02,49764483670.0,48965532762.0,20980160899.0,9229890268.0,22907107583.0,10429023.0,1149944087.0,153007548292.0
2021-11-03,52834965914.0,51815962116.0,21619424235.0,9764983285.0,23474624148.0,10396622.0,1149538397.0,160669894717.0
2021-11-04,53703880131.0,52222600533.0,21657399448.0,9957839460.0,23462592230.0,10330495.0,1192692357.0,162207334654.0
2021-11-05,53400570232.0,51995865052.0,21493695650.0,9894765239.0,23276090706.0,9981130.0,1185088587.0,161256056596.0
2021-11-06,53596273382.0,51575980754.0,21576552697.0,9773089736.0,23255597754.0,9975118.0,1178588528.0,160966057969.0
2021-11-07,54342989457.0,52252822173.0,21758932644.0,9970702128.0,23680586951.0,9997470.0,1204299095.0,163220329918.0
2021-11-08,55650510022.0,53704962694.0,22489882549.0,10157730826.0,24527990598.0,9991632.0,1212862727.0,167753931048.0
2021-11-09,57624288321.0,54448643604.0,23415958850.0,10408483844.0,24966379943.0,11349828.0,1266714732.0,172141819122.0
2021-11-10,57258030403.0,53798388751.0,23321538602.0,10564398024.0,24652313858.0,11367715.0,1331852935.0,170937890288.0
2021-11-11,55995862167.0,52924197613.0,22761547257.0,10349799277.0,24970936985.0,11369074.0,1299092743.0,168312805116.0
2021-11-12,56959349399.0,53516840922.0,22824653792.0,10601523972.0,25277573348.0,11346690.0,1307406508.0,170498694631.0
2021-11-13,56526794160.0,53596920886.0,22575499935.0,10510870765.0,25023523784.0,11362603.0,1314223321.0,169559195454.0
2021-11-14,56575017438.0,54321324711.0,22771559110.0,10533499323.0,25437756946.0,11383569.0,1379856961.0,171030398058.0
2021-11-15,56467765081.0,54864328520.0,22887292436.0,10503299617.0,25417781247.0,11380008.0,1394908209.0,171546755118.0
2021-11-16,55806050428.0,53479076950.0,22741335091.0,10199857562.0,25028289108.0,11368844.0,1377416942.0,168643394925.0
2021-11-17,52920942919.0,51795652379.0,21467239097.0,9617508552.0,24253609371.0,11491432.0,1342911344.0,161409355094.0
2021-11-18,53387838402.0,52176094788.0,21541501977.0,9844610631.0,24674637591.0,12228466.0,1348246433.0,162985158288.0
2021-11-19,50362596508.0,50423295713.0,20534318628.0,9260926036.0,24007496009.0,16219879.0,1346754840.0,155951607613.0
2021-11-20,54079567809.0,52500685592.0,21225820480.0,9895050516.0,24644576810.0,16404372.0,1420055083.0,163782160662.0
2021-11-21,55801389883.0,52976251048.0,21690130544.0,10037370516.0,24898822803.0,16315276.0,1455221583.0,166875501653.0
2021-11-22,55272973425.0,52111644098.0,21524408707.0,9805493395.0,24406211641.0,15672031.0,1542156076.0,164678559373.0
2021-11-23,52803228761.0,51218179329.0,20750259327.0,9658971886.0,24170913320.0,15181844.0,1476015868.0,160092750335.0
2021-11-24,54954539256.0,52539749113.0,21155158633.0,10028311952.0,24786417313.0,15206861.0,1482194841.0,164961577969.0
2021-11-25,54129071314.0,52376568811.0,21270527004.0,9790770356.0,24770493519.0,15225309.0,1472332707.0,163824989020.0
2021-11-26,56339300218.0,52976233525.0,22010080234.0,10199359638.0,25534955539.0,15201292.0,1495783714.0,168570914160.0
2021-11-27,51358746096.0,50239735689.0,20781196733.0,9332231730.0,24166773213.0,15225482.0,1415063241.0,157308972184.0
2021-11-28,52094014354.0,50482635618.0,20937433869.0,9262245321.0,24189724617.0,15126355.0,1421196305.0,158402376439.0
2021-11-29,54305872334.0,51657471140.0,21656154948.0,9797156047.0,24864932840.0,15199489.0,1453656589.0,163750443387.0
2021-11-30,55271776125.0,52817627050.0,21932467303.0,10048043385.0,25333222935.0,15272336.0,1486319422.0,166904728556.0
2021-12-01,56577388809.0,53713976457.0,21805690636.0,10455113877.0,25852408338.0,13382506.0,1528631451.0,169946592074.0
2021-12-02,56244407290.0,53507314877.0,21768808564.0,10446334418.0,25617009963.0,13372219.0,1482257181.0,169079504512.0
2021-12-03,55619154745.0,53148630348.0,21841393474.0,10498787722.0,25392718683.0,13585820.0,1518594348.0,168032865140.0
2021-12-04,52825389406.0,51240160645.0,20761424901.0,9926843106.0,25761897285.0,13606774.0,1478698173.0,162008020290.0
2021-12-05,50619486952.0,49142807306.0,19677231232.0,9551075232.0,24722257783.0,13526797.0,1397886304.0,155124271606.0
2021-12-06,51183077607.0,49072309476.0,19601420389.0,9701405646.0,23615735159.0,13353650.0,1370867975.0,154558169902.0
2021-12-07,52991818020.0,50222376994.0,20012865194.0,10053395703.0,24301697856.0,13702512.0,1377252838.0,158973109117.0
2021-12-08,52839755137.0,50514167953.0,20049382617.0,10047465463.0,24474732528.0,13827645.0,1404217912.0,159343549255.0
2021-12-09,53896292484.0,51029454425.0,20185880001.0,10330307523.0,24874132881.0,13622769.0,1497734085.0,161827424168.0
2021-12-10,51058199937.0,48642593580.0,19274425572.0,9751547952.0,24185115807.0,13875309.0,1497549585.0,154423307742.0
2021-12-11,48897967252.0,48043070012.0,19385005122.0,9258465124.0,23665925605.0,13856221.0,1477761508.0,150742050844.0
2021-12-12,50474525066.0,49338080831.0,19791391291.0,9509253307.0,24264781807.0,13811688.0,1485884078.0,154877728068.0
2021-12-13,51350185437.0,49418472813.0,20109837687.0,9678805808.0,24607540468.0,13812257.0,1527073973.0,156705728443.0
2021-12-14,47810263946.0,47351336027.0,18847273714.0,9076248474.0,23550843943.0,13810853.0,1505269658.0,148155046615.0
2021-12-15,48392161472.0,47809035517.0,19428070891.0,9164231419.0,23584525135.0,15008380.0,1498561872.0,149891594686.0
2021-12-16,50325640276.0,48873778665.0,19785330669.0,9663068103.0,24128764122.0,14993282.0,1501340210.0,154292915327.0
2021-12-17,49751632300.0,48561930128.0,19527121234.0,9548157705.0,24258364699.0,15130180.0,1544209505.0,153206545751.0
2021-12-18,49443558021.0,48017168833.0,19011267551.0,9398560254.0,24462068185.0,14328055.0,1546407624.0,151893358523.0
2021-12-19,50431362821.0,48931930874.0,19173979103.0,9601739575.0,23472995593.0,14318630.0,1576255182.0,153202581778.0
2021-12-20,49966124311.0,48740896858.0,19292941358.0,9682405668.0,23375585628.0,14348092.0,1584876065.0,152657177980.0
2021-12-21,50226250862.0,48043869769.0,19257846514.0,9709869674.0,23455577128.0,14405701.0,1598342272.0,152306161920.0
2021-12-22,51158673173.0,48854655472.0,20132945278.0,9897809537.0,24019724024.0,14501539.0,1605104887.0,155683413910.0
2021-12-23,50785645796.0,49003324183.0,20083825377.0,9773564184.0,24776367733.0,16431787.0,1672737026.0,156111896086.0
2021-12-24,52483137224.0,50254019212.0,20829303397.0,10233444742.0,25425686909.0,16327520.0,1742060949.0,160983979953.0
2021-12-25,51737972826.0,50147653831.0,20823554162.0,10215453017.0,25272147561.0,16394243.0,1782067972.0,159995243612.0
2021-12-26,52227592181.0,50835551305.0,20791521194.0,10301789838.0,26058124427.0,16295482.0,1767837386.0,161998711813.0
2021-12-27,52845804883.0,50980874303.0,20862652724.0,10303385334.0,26228670650.0,16361693.0,1791651329.0,163029400916.0
2021-12-28,52363797704.0,50628354691.0,20866915395.0,10204210660.0,26766641224.0,16391142.0,1761755862.0,162608066678.0
2021-12-29,49955371879.0,49272729190.0,19720570699.0,9679895805.0,26269638799.0,16648544.0,1766129827.0,156680984743.0
2021-12-30,48402591755.0,48654658660.0,19319632234.0,9365858247.0,26201529394.0,16743036.0,1805754179.0,153766767505.0
2021-12-31,48725769166.0,48739821732.0,19679736038.0,9488875167.0,26353257959.0,16607685.0,1877525339.0,154881593086.0
2022-01-01,48480748886.0,48888146302.0,19473602290.0,9537493557.0,27032232092.0,16618430.0,1942458585.0,155371300142.0
2022-01-02,49189012594.0,50029859280.0,20304891354.0,9738801769.0,27811613782.0,16626845.0,1969418185.0,159060223809.0
2022-01-03,49690749295.0,50341803705.0,20351353786.0,9873527369.0,28070033009.0,16666573.0,1987788278.0,160331922015.0
2022-01-04,49093690792.0,50592542088.0,20740404679.0,9733092845.0,28312517590.0,16453051.0,2027742297.0,160516443342.0
2022-01-05,49041311822.0,50317014928.0,20889482960.0,9866231718.0,28748853286.0,15959572.0,2106572385.0,160985426671.0
2022-01-06,46981437281.0,48724827312.0,19966733345.0,9270217810.0,27776403160.0,16620128.0,2061936391.0,154798175427.0
2022-01-07,46160003509.0,47741491751.0,20018207205.0,8969138656.0,27487353570.0,15418470.0,2027481605.0,152419094766.0
2022-01-08,44697945904.0,46190649810.0,19341675260.0,8491538432.0,27021798446.0,15370411.0,2034609852.0,147793588115.0
2022-01-09,43882890060.0,45510336479.0,19109168807.0,8399395472.0,26436549697.0,15361345.0,2007920155.0,145361622015.0
2022-01-10,44375946323.0,46032077984.0,19361463837.0,8480711140.0,25543286130.0,15304854.0,2012294716.0,145821084984.0
2022-01-11,43654901026.0,45646852867.0,19377103750.0,8334636605.0,25409668267.0,15377017.0,2047287370.0,144485826902.0
2022-01-12,45326352827.0,46880449580.0,20172845581.0,8658839715.0,26093804816.0,15413557.0,2136330742.0,149284036818.0
2022-01-13,46616586836.0,47560406733.0,21402084751.0,9034904311.0,26754377790.0,15125851.0,2186453955.0,153569940227.0
2022-01-14,45384635497.0,46885896079.0,20883135141.0,8749096012.0,26724747884.0,15153643.0,2223583313.0,150866247569.0
2022-01-15,45826052944.0,47140196799.0,21187744858.0,8832002071.0,26846435354.0,15103398.0,2230816595.0,152078352019.0
2022-01-16,46104108130.0,47202625021.0,21377827143.0,8918018658.0,25489043742.0,15136682.0,2251003263.0,151357762639.0
2022-01-17,46252496981.0,47110338124.0,22055538349.0,8954656123.0,25500759868.0,15546591.0,2243423312.0,152132759348.0
2022-01-18,44971553483.0,46534030829.0,21568038460.0,8679679141.0,25043098147.0,15402238.0,2257446359.0,149069248657.0
2022-01-19,45156440931.0,46272299777.0,21995107886.0,8558597080.0,24786873708.0,16007261.0,2237756205.0,149023082848.0
2022-01-20,44740878951.0,45670505513.0,22125509595.0,8379829206.0,24599818735.0,15964758.0,2354684367.0,147887191125.0
2022-01-21,43426144259.0,44394898946.0,23434553837.0,8143137371.0,24174111591.0,16310605.0,2542547930.0,146131704539.0
2022-01-22,39320405094.0,40208791322.0,20972162397.0,7088800317.0,22018655676.0,16180732.0,2481210315.0,132106205853.0
2022-01-23,37480921446.0,38206531478.0,20291741224.0,6649064423.0,20779556782.0,16193032.0,2449945904.0,125873954289.0
2022-01-24,39249456890.0,38361097377.0,21186796320.0,6958754165.0,21300756381.0,16157377.0,2435277304.0,129508295814.0
2022-01-25,38155481769.0,37308633322.0,21541200360.0,6771753653.0,21094293559.0,16209784.0,2357253321.0,127244825768.0
2022-01-26,39101402489.0,38005769924.0,21419568728.0,6875060011.0,21607038323.0,16540325.0,2359197563.0,129384577363.0
2022-01-27,39614912081.0,38112021901.0,21234929371.0,7191600965.0,21356943422.0,16456548.0,2432713554.0,129959577842.0
2022-01-28,37708415797.0,35839544621.0,20315849378.0,6758455138.0,18976982122.0,16078806.0,2364560659.0,121979886521.0
2022-01-29,39392820181.0,36008841150.0,20675973557.0,7151375465.0,18322738379.0,18179369.0,2436377020.0,124006305121.0
2022-01-30,40002151694.0,36673024639.0,20651821396.0,7269303177.0,18730382525.0,18333900.0,2431447162.0,125776464493.0
2022-01-31,39994388789.0,36533671203.0,20437897496.0,7193772071.0,18794960450.0,18398285.0,2421205764.0,125394294058.0
2022-02-01,40214148216.0,37391636489.0,20546090447.0,7540495975.0,19240945666.0,18596722.0,2432390559.0,127384304074.0
2022-02-02,41046570262.0,38060797125.0,20639649443.0,7886240355.0,19610368136.0,18107714.0,2439729955.0,129701462990.0
2022-02-03,39871599476.0,37492918890.0,20276321629.0,7572146722.0,19267318938.0,18363642.0,2416305763.0,126914975060.0
2022-02-04,40160566005.0,38240490412.0,20161482983.0,7554323736.0,19309586199.0,18901120.0,2413546401.0,127858896856.0
2022-02-05,43344344833.0,40116329843.0,21621775393.0,8314917495.0,20306875933.0,18570465.0,2458367133.0,136181181095.0
2022-02-06,43935955626.0,40740730458.0,21706443667.0,8449837074.0,20476801377.0,18576571.0,2452315943.0,137780660716.0
2022-02-07,44528496510.0,41319894350.0,21957523807.0,8568012406.0,20595551950.0,18585546.0,2462844394.0,139450908963.0
2022-02-08,45591564907.0,41078208626.0,22556844176.0,8789849016.0,20929385822.0,18542988.0,2480187692.0,141444583227.0
2022-02-09,46093009127.0,41262462965.0,22568378464.0,8756623574.0,20908270741.0,18633289.0,2448998766.0,142056376926.0
2022-02-10,46675357814.0,42056276969.0,22758720570.0,9017523848.0,21002491388.0,18364322.0,2463012576.0,143991747487.0
2022-02-11,45092921235.0,41306991492.0,22209635909.0,8697193004.0,20782638629.0,18386186.0,2429436352.0,140537202807.0
2022-02-12,43837865164.0,40369783142.0,21520681430.0,8219076125.0,20534435390.0,18450552.0,2477001607.0,136977293410.0
2022-02-13,43885016130.0,40290167700.0,21485682061.0,8219589226.0,20589122852.0,18347796.0,2478109438.0,136966035203.0
2022-02-14,43530233680.0,40242835987.0,21398975786.0,8170004803.0,20482673311.0,18365235.0,2468206844.0,136311295646.0
2022-02-15,43790785942.0,40343247458.0,21552110824.0,8313531111.0,20419156976.0,18600997.0,2465060685.0,136902493993.0
2022-02-16,46065640895.0,41316521505.0,22459224668.0,8942633522.0,20857379072.0,18022330.0,2492155797.0,142151577789.0
2022-02-17,45584778787.0,41043654850.0,22359212308.0,8892399487.0,20706258248.0,18006076.0,2474358470.0,141078668226.0
2022-02-18,42924038616.0,39878434538.0,20988737241.0,8286788818.0,20395474496.0,17555558.0,2453743700.0,134944772967.0
2022-02-19,42041126224.0,39354758591.0,20675543321.0,8103585196.0,20236301628.0,17572182.0,2449007779.0,132877894921.0
2022-02-20,41967620517.0,38960322481.0,20581477153.0,8067364614.0,20112149302.0,17591507.0,2448095301.0,132154620875.0
2022-02-21,40942943438.0,38049393692.0,19915323874.0,7820988239.0,19753044113.0,17564920.0,2425349672.0,128924607948.0
2022-02-22,39782535561.0,37616236307.0,19404882520.0,7622253145.0,19231665004.0,17594943.0,2411620348.0,126086787828.0
2022-02-23,40322458243.0,37765339700.0,19808011738.0,7816369725.0,18965502680.0,19539004.0,2419926235.0,127117147325.0
2022-02-24,39783866052.0,37185404382.0,19634090497.0,7848474979.0,18921198421.0,19469400.0,2408712573.0,125801216304.0
2022-02-25,39967943319.0,36608683072.0,20454277951.0,7913266907.0,18412305891.0,19456828.0,2386583265.0,125762517233.0
2022-02-26,40880303913.0,37026602178.0,21637182002.0,8347585495.0,18537288866.0,19181912.0,2506151775.0,128954296141.0
2022-02-27,40818112717.0,36921248467.0,21574327348.0,8352924342.0,18500952265.0,19215305.0,2511411815.0,128698192259.0
2022-02-28,39441199505.0,36317784315.0,21124952563.0,7969193683.0,18052985731.0,19008904.0,2550407191.0,125475531892.0
2022-03-01,42487656676.0,38062215298.0,23128072315.0,8913808687.0,18741198385.0,19128350.0,2571442658.0,133923522369.0
2022-03-02,43025690152.0,38421298038.0,23575447566.0,8982267755.0,18733179143.0,19152727.0,2590401195.0,135347436576.0
2022-03-03,42525971079.0,38728587432.0,23533546001.0,9061680449.0,18901665730.0,19468498.0,2616157682.0,135387076871.0
2022-03-04,41475288918.0,37493614943.0,22494501516.0,8620962709.0,18531896722.0,27265807.0,2606396425.0,131249927040.0
2022-03-05,39316721640.0,36537782752.0,21323111264.0,8206519954.0,18100875510.0,25425257.0,2613974760.0,126124411137.0
2022-03-06,39814785321.0,36848208975.0,21253747296.0,8424259914.0,18184773447.0,25416197.0,2644143243.0,127195334393.0
2022-03-07,39020765826.0,36194206390.0,20486610956.0,8100394920.0,17842515754.0,25405816.0,2615886473.0,124285786135.0
2022-03-08,38846849591.0,35875869748.0,20364911388.0,8078105822.0,17680760749.0,26079104.0,2643839589.0,123516415991.0
2022-03-09,39500912490.0,36386698098.0,20672348670.0,8344184957.0,17767423391.0,26110089.0,2639516973.0,125337194668.0
2022-03-10,41094623939.0,37048836084.0,21776553213.0,8881922632.0,18088576875.0,26376620.0,2656460065.0,129573349428.0
2022-03-11,39759690875.0,36422993761.0,20718788291.0,8454280469.0,17723604260.0,26295396.0,2624669169.0,125730322221.0
2022-03-12,39149380897.0,36282158114.0,20552193287.0,8505605870.0,17628806394.0,28401219.0,2629397048.0,124775942829.0
2022-03-13,39310702361.0,36250520493.0,20601184266.0,8575697006.0,17667610482.0,28368881.0,2618403833.0,125052487322.0
2022-03-14,38563395582.0,35939806813.0,20090985316.0,8417014363.0,17494425832.0,28338897.0,2610741642.0,123144708445.0
2022-03-15,39367516398.0,36327175189.0,20927091386.0,8733492764.0,17621970747.0,28330355.0,2615445084.0,125621021923.0
2022-03-16,39786762092.0,36567552480.0,20764146170.0,9385383040.0,17634751679.0,28349160.0,2578187025.0,126745131646.0
2022-03-17,41353718727.0,38056341374.0,21525174514.0,9976657358.0,17760867774.0,28599369.0,2630870301.0,131332229417.0
2022-03-18,41775455186.0,38017023870.0,21621395104.0,10183620471.0,17969992240.0,28170995.0,2660940289.0,132256598155.0
2022-03-19,43110952442.0,38588091396.0,21973446106.0,10929283373.0,18214123145.0,27845507.0,2579452286.0,135423194255.0
2022-03-20,43187049822.0,38604770598.0,22124367802.0,11098482914.0,18181400498.0,27804566.0,2576253863.0,135800130063.0
2022-03-21,42471128633.0,38096823623.0,21639315036.0,10828693940.0,17953437379.0,27833527.0,2552968060.0,133570200198.0
2022-03-22,42669027153.0,39979706984.0,21651481988.0,10960462426.0,17992918636.0,28066216.0,2504752914.0,135786416317.0
2022-03-23,43270908562.0,40762317465.0,22165721741.0,11278930227.0,18126119329.0,27969748.0,2566237898.0,138198204970.0
2022-03-24,43724126418.0,41084635080.0,22375689713.0,11675443621.0,18166133074.0,27815720.0,2576578508.0,139630422134.0
2022-03-25,44196559873.0,40906630690.0,22937416049.0,11948793625.0,18120770987.0,27956831.0,2571205699.0,140709333754.0
2022-03-26,43645457155.0,40651095226.0,23062739023.0,11930881778.0,17881388797.0,27659119.0,2571960477.0,139771181575.0
2022-03-27,44052786792.0,41181523519.0,23420516025.0,12143831069.0,18002125806.0,27641764.0,2577286100.0,141405711075.0
2022-03-28,45488369206.0,42028911045.0,24405053901.0,12672888915.0,18231020844.0,27623538.0,2541928886.0,145395796335.0
2022-03-29,45725154352.0,42213325824.0,24573139077.0,13001780397.0,18289221719.0,27664335.0,2543663784.0,146373949488.0
2022-03-30,46058187160.0,42816759966.0,24705901196.0,13128308089.0,18533125290.0,27351780.0,2569006152.0,147838639633.0
2022-03-31,46112119391.0,43054956926.0,24754105258.0,13455410170.0,18555083722.0,29488384.0,2593503861.0,148554667712.0
2022-04-01,42851659283.0,42598655418.0,24184444546.0,13475359752.0,18153895729.0,29363922.0,2575028479.0,143868407129.0
2022-04-02,44617808560.0,43603322210.0,22944977681.0,14232340207.0,18569573986.0,29481949.0,2597616892.0,146595121485.0
2022-04-03,44309145392.0,43455595057.0,22798336857.0,14283044301.0,18522670560.0,29497994.0,2609049601.0,146007339762.0
2022-04-04,44875118996.0,43759850642.0,23072936254.0,14591271834.0,18677204423.0,29493671.0,2625333745.0,147631209565.0
2022-04-05,44927318004.0,43556570214.0,23117702346.0,14710687461.0,18648141694.0,28984555.0,2828429622.0,147817833896.0
2022-04-06,43898450004.0,42540464961.0,22615721959.0,14122108645.0,18319433222.0,28982143.0,2756199469.0,144281360403.0
2022-04-07,41971089285.0,41585721810.0,21661230827.0,13475961348.0,17816853702.0,33632947.0,2522353338.0,139066843257.0
2022-04-08,42901309413.0,41971174323.0,21741786147.0,13871948933.0,17959652195.0,33257135.0,2642657063.0,141121785209.0
2022-04-09,42202386512.0,41853691008.0,21266594011.0,13779847883.0,17775984932.0,32787469.0,2600548011.0,139511839826.0
2022-04-10,42820017216.0,42238978573.0,21462040163.0,14064972181.0,17938837101.0,32780857.0,2615404354.0,141173030445.0
2022-04-11,42365512114.0,41884922064.0,21211581778.0,13998398669.0,17794442770.0,32036321.0,2597174919.0,139884068635.0
2022-04-12,40019367619.0,40452864047.0,19942301260.0,13045821486.0,17245975984.0,32062532.0,2568220366.0,133306613294.0
2022-04-13,40558009091.0,40936496659.0,20171597416.0,13304282242.0,17330099045.0,31510059.0,2596192004.0,134928186516.0
2022-04-14,41453124422.0,41497419400.0,20733208312.0,13862865026.0,17480641812.0,31464872.0,2611088526.0,137669812370.0
2022-04-15,40438677860.0,40898685638.0,20246232349.0,13501407083.0,17150998194.0,31478122.0,2590933959.0,134858413205.0
2022-04-16,40738711777.0,41117604761.0,20582595408.0,13765991689.0,17228894362.0,31381478.0,2590961998.0,136056141473.0
2022-04-17,40908857207.0,41328573999.0,20579448238.0,13961797568.0,17266938412.0,31365905.0,2591884486.0,136668865815.0
2022-04-18,40208208957.0,40942846803.0,20288898910.0,13712611040.0,17058107690.0,31149693.0,2585450645.0,134827273738.0
2022-04-19,40903317408.0,41679634521.0,20739348727.0,14132308315.0,17282280090.0,34502259.0,2595024634.0,137366415954.0
2022-04-20,41220876348.0,42228386980.0,21030019986.0,14331161612.0,17222007752.0,34477328.0,2604101901.0,138671031907.0
2022-04-21,41335998191.0,41881193764.0,20890263926.0,14338027416.0,17050619699.0,34317724.0,2614786480.0,138145207200.0
2022-04-22,40293629661.0,41139914702.0,20488253799.0,13947580211.0,16770021754.0,33834382.0,2594739732.0,135267974241.0
2022-04-23,40018964203.0,40677192423.0,20237160853.0,13999865872.0,16867880376.0,33847095.0,2587422673.0,134422333495.0
2022-04-24,39767938731.0,40563272296.0,20138825574.0,13935999169.0,16855310400.0,33912224.0,2588927463.0,133884185857.0
2022-04-25,39709087410.0,40499508360.0,20014514643.0,13642135566.0,16888651564.0,33813226.0,2577588114.0,133365298883.0
2022-04-26,40822401674.0,40929692631.0,20421887072.0,14286936409.0,17132069163.0,33863673.0,2583089111.0,136209939733.0
2022-04-27,38848992929.0,39594113679.0,19485315757.0,13630921600.0,16534431429.0,33830908.0,2553280635.0,130680886937.0
2022-04-28,39595589023.0,40170957840.0,19933824120.0,14139754707.0,16858716577.0,33468945.0,2566630823.0,133298942035.0
2022-04-29,39663347547.0,40092268083.0,20158777436.0,14410968837.0,16866337124.0,33505320.0,2570602648.0,133795806995.0
2022-04-30,38523757306.0,39164384103.0,19751556341.0,13955472814.0,16584360278.0,33554758.0,2552254443.0,130565340043.0
2022-05-01,37654345344.0,38240914636.0,19381314978.0,13688845477.0,15999332535.0,33584386.0,2519596166.0,127517933522.0
2022-05-02,38595113092.0,38439507650.0,19730527277.0,14168207774.0,16056476651.0,33588014.0,2518143480.0,129541563938.0
2022-05-03,38981698133.0,38301145631.0,19440752472.0,14562841295.0,15957351222.0,33454410.0,2503545246.0,129780788409.0
2022-05-04,38517025044.0,38395072854.0,19241155269.0,14372976940.0,15959435774.0,33420535.0,2506447114.0,129025533530.0
2022-05-05,39903768738.0,39362068969.0,20114395882.0,15270595390.0,16409486253.0,33060768.0,2546608920.0,133639984920.0
2022-05-06,37754793182.0,37980545645.0,18830539153.0,14327845041.0,15880851739.0,33275093.0,2507577983.0,127315427836.0
2022-05-07,37447222640.0,37746994639.0,18492556180.0,14188700688.0,15639066950.0,33545470.0,2505983326.0,126054069893.0
2022-05-08,36864073061.0,36474688502.0,18235685525.0,13854830619.0,14942443897.0,33562400.0,2491320939.0,122896604943.0
2022-05-09,35528281215.0,35243365101.0,17457191861.0,13419880161.0,14720238938.0,33505513.0,2495496868.0,118897959657.0
2022-05-10,33368803420.0,32483504672.0,15898816179.0,12217829317.0,13673584229.0,33540250.0,2455177847.0,110131255914.0
2022-05-11,33808628714.0,31789045814.0,15879924982.0,12748437876.0,13611861705.0,33378652.0,2436510399.0,110307788142.0
2022-05-12,30231583538.0,26910749341.0,13931016918.0,11504225253.0,10506902133.0,33198073.0,1869073066.0,94986748322.0
2022-05-13,28076853058.0,23152300797.0,13380689457.0,10610354485.0,8310258544.0,32946340.0,1605835754.0,85169238435.0
2022-05-14,28736786865.0,23537976276.0,13504930272.0,10982346094.0,7852976030.0,32818217.0,1454281650.0,86102115404.0
2022-05-15,29177539083.0,23561765932.0,13586855833.0,11114003159.0,7651264563.0,32766019.0,1482955799.0,86607150388.0
2022-05-16,30088495070.0,24225428725.0,14021552590.0,11494165684.0,7884411151.0,32677517.0,1466078194.0,89212808931.0
2022-05-17,28607194436.0,23717616603.0,13486344548.0,11094122811.0,7657126876.0,32841832.0,1447653954.0,86042901060.0
2022-05-18,29477677921.0,24429479192.0,13575962123.0,11353660783.0,7771778845.0,32945008.0,1441130437.0,88082634309.0
2022-05-19,27922779491.0,23318945214.0,12784061549.0,10518897145.0,7527619881.0,33103053.0,1407127822.0,83512534155.0
2022-05-20,28722861529.0,24194140904.0,13221701213.0,10892949384.0,7802886938.0,33119287.0,1387941337.0,86255600592.0
2022-05-21,27379372547.0,24017817631.0,12817334482.0,10614302162.0,7784513763.0,35266431.0,1378275587.0,84026882603.0
2022-05-22,27552873730.0,24204744285.0,12905797000.0,10754961476.0,7799096503.0,35319977.0,1388019470.0,84640812441.0
2022-05-23,29241342886.0,24609737415.0,13199657649.0,11080698507.0,7927498122.0,35328763.0,1382944302.0,87477207644.0
2022-05-24,29163036419.0,24265997232.0,13083251317.0,10781896350.0,7867991776.0,35363065.0,1375170222.0,86572706381.0
2022-05-25,29359140765.0,24508696955.0,13208139113.0,10717824328.0,7887060571.0,35229646.0,1377446004.0,87093537382.0
2022-05-26,29316905984.0,24410235278.0,13204564901.0,10625171276.0,7883540924.0,34900728.0,1391379436.0,86866698527.0
2022-05-27,28116704511.0,23370450252.0,12976417298.0,9774186022.0,7636754120.0,34796819.0,1392707927.0,83302016949.0
2022-05-28,27937850682.0,22725954028.0,12868044277.0,9490586596.0,7396969634.0,34810473.0,1378076862.0,81832292552.0
2022-05-29,28478126431.0,23047358850.0,13005853686.0,9785901840.0,7543095910.0,34831748.0,1390174343.0,83285342808.0
2022-05-30,28576872951.0,22989530968.0,13121266889.0,9870984604.0,7489763334.0,34877601.0,1392548025.0,83475844372.0
2022-05-31,30316310150.0,24081116965.0,13926516131.0,10753704660.0,7747968536.0,35976590.0,1399556066.0,88261149098.0
2022-06-01,30012661052.0,23977193304.0,14349276844.0,10544009821.0,7743084817.0,36091502.0,1403800389.0,88066117729.0
2022-06-02,28650470190.0,23244560364.0,13596519128.0,9929811402.0,7575038045.0,35686150.0,1391838801.0,84423924080.0
2022-06-03,28961092652.0,23499059743.0,13797708724.0,9954353889.0,7618614858.0,34647256.0,1390963123.0,85256440245.0
2022-06-04,28424422135.0,23016017910.0,13530413499.0,9655341691.0,7542002376.0,35046801.0,1426402475.0,83629646887.0
2022-06-05,28599582700.0,22642693808.0,13575695525.0,9814862325.0,7572768817.0,35018716.0,1425778094.0,83666399985.0
2022-06-06,28707340105.0,22769849696.0,13601569885.0,9828554060.0,7599416562.0,37025919.0,1428129294.0,83971885521.0
2022-06-07,28933154877.0,22678941237.0,14397391027.0,9689203330.0,7373076516.0,37036494.0,1423460677.0,84532264158.0
2022-06-08,29111593261.0,22649819171.0,14331191780.0,9879298850.0,7217617795.0,37056710.0,1443097459.0,84669675026.0
2022-06-09,28838344154.0,22709191210.0,13961413222.0,9757898061.0,7387421561.0,37012320.0,1436775746.0,84128056274.0
2022-06-10,28683334501.0,22588700548.0,13962896686.0,9715734098.0,7268439885.0,38071873.0,1434966476.0,83692144067.0
2022-06-11,27720386596.0,21434868820.0,13600026702.0,9220731728.0,6584156566.0,38017540.0,1441802346.0,80039990298.0
2022-06-12,26739182208.0,20561905490.0,13273337814.0,8497020375.0,6438200559.0,38081624.0,1426751622.0,76974479692.0
2022-06-13,25732158915.0,19885723551.0,12717883117.0,7934617255.0,6206889608.0,38283087.0,1426247213.0,73941802746.0
2022-06-14,21874198269.0,17310863085.0,11169655813.0,6893284322.0,5423782628.0,38010263.0,1420347489.0,64130141869.0
2022-06-15,21142732681.0,16680418909.0,10736839400.0,6778524601.0,5026272370.0,37257463.0,1412888097.0,61814933521.0
2022-06-16,21123692834.0,16565666656.0,10649945011.0,6933956971.0,4927060661.0,37443604.0,1381455530.0,61619221267.0
2022-06-17,19166849013.0,15797538206.0,9850695766.0,6073988826.0,4690434313.0,37515774.0,1362306215.0,56979328113.0
2022-06-18,19575710189.0,15944755222.0,9827025750.0,6178834881.0,4580802622.0,37675776.0,1368229442.0,57513033882.0
2022-06-19,18549309138.0,15093804022.0,9145865506.0,5728235832.0,4187790910.0,37613986.0,1331458925.0,54074078319.0
2022-06-20,19631485457.0,15498154293.0,9661462262.0,6203211999.0,4236063424.0,37240458.0,1337460234.0,56605078127.0
2022-06-21,19751554466.0,15724519079.0,9624420576.0,6382037768.0,4282533286.0,38219630.0,1345870480.0,57149155285.0
2022-06-22,19918073963.0,15764342169.0,9640787909.0,6375169063.0,4252910362.0,38090590.0,1346389230.0,57335763286.0
2022-06-23,19789765311.0,15550266051.0,9397829274.0,6149535930.0,4198025846.0,37729047.0,1338684499.0,56461835958.0
2022-06-24,20478037380.0,16000270034.0,9743866567.0,6514073098.0,4326498765.0,37898341.0,1346877541.0,58447521726.0
2022-06-25,20962357970.0,16336104875.0,9789959445.0,6908288860.0,4398213708.0,37976472.0,1357507261.0,59790408591.0
2022-06-26,21056886191.0,16367781636.0,9839360628.0,7011223885.0,4351822983.0,39090029.0,1361123755.0,60027289107.0
2022-06-27,20718509168.0,16204674648.0,9705651414.0,6795230595.0,4310492194.0,39137745.0,1403162879.0,59176858643.0
2022-06-28,20489967131.0,16110227639.0,9568855029.0,6681129545.0,4306008420.0,38685530.0,1397143088.0,58592016382.0
2022-06-29,19827599737.0,15880760935.0,9371011821.0,6476693241.0,4250884344.0,39565650.0,1390604673.0,57237120401.0
2022-06-30,19574866785.0,15644959354.0,9285020753.0,6170402488.0,4188188342.0,39716496.0,1390034853.0,56293189071.0
2022-07-01,19374487380.0,15466841579.0,9090608198.0,6229852743.0,4125982230.0,38829218.0,1390013047.0,55716614395.0
2022-07-02,19297498669.0,15625255137.0,8952482767.0,6027593111.0,4228155749.0,38973554.0,1391732792.0,55561691779.0
2022-07-03,20335505532.0,15597319416.0,8920803084.0,6026877128.0,4226217678.0,38686674.0,1392170041.0,56537579553.0
2022-07-04,20457236106.0,15693764008.0,8938219530.0,6079230791.0,4251155246.0,38715654.0,1390780481.0,56849101816.0
2022-07-05,21185906489.0,16003006901.0,9242261157.0,6503791875.0,4344355431.0,38662756.0,1353741149.0,58671725758.0
2022-07-06,21529406651.0,15983388395.0,9619737720.0,6457829613.0,4416613911.0,40198458.0,1352550685.0,59399725433.0
2022-07-07,21798584648.0,16354118357.0,9712367077.0,6667958061.0,4498760106.0,39855882.0,1355150444.0,60426794575.0
2022-07-08,21974814457.0,16395320769.0,9939072691.0,6913359013.0,4564726374.0,39780269.0,1359225292.0,61186298865.0
2022-07-09,21870683781.0,16341803993.0,10003649388.0,6817422005.0,4577084735.0,40040508.0,1358411129.0,61009095539.0
2022-07-10,21793435909.0,16545702494.0,9831512518.0,6790033678.0,4599183988.0,40007246.0,1360670206.0,60960546039.0
2022-07-11,21418195156.0,16104516867.0,9536121433.0,6568225706.0,4525773535.0,40079461.0,1355334705.0,59548246863.0
2022-07-12,20790103383.0,15573745493.0,9158898892.0,6190394747.0,4431734864.0,40065291.0,1344597332.0,57529540002.0
2022-07-13,19999030166.0,15360022394.0,8869495743.0,5936070301.0,4374073970.0,39958951.0,1341294075.0,55919945600.0
2022-07-14,20474650451.0,15707594733.0,8992028161.0,6242434841.0,4470877911.0,39999711.0,1343658457.0,57271244265.0
2022-07-15,20901019954.0,16089802794.0,9118521117.0,6635448895.0,4644559375.0,39914539.0,1351666700.0,58780933374.0
2022-07-16,21176377883.0,16254589636.0,9198547089.0,6797430012.0,4660068166.0,39882449.0,1353593827.0,59480489062.0
2022-07-17,21966753757.0,16231420378.0,9378995205.0,7500882697.0,4822462608.0,39895362.0,1355976556.0,61296386563.0
2022-07-18,21800488116.0,16335929342.0,9244900396.0,7427566861.0,4806508648.0,40008190.0,1357060005.0,61012461558.0
2022-07-19,23158703348.0,17442776035.0,9811121250.0,8578224633.0,5147098133.0,40208042.0,1372017121.0,65550148562.0
2022-07-20,23168439100.0,17458602623.0,10125622039.0,8444303222.0,5177462341.0,40208428.0,1392154597.0,65806792350.0
2022-07-21,22982713356.0,17240912784.0,10049151921.0,8333811264.0,5115515692.0,39673925.0,1377599387.0,65139378329.0
2022-07-22,23247083736.0,17482560042.0,10043737895.0,8550917540.0,5221000321.0,39213008.0,1381253530.0,65965766072.0
2022-07-23,23214630419.0,17596029792.0,9878696297.0,8697759164.0,5350675844.0,39173109.0,1364670124.0,66141634749.0
2022-07-24,23010816002.0,17812333852.0,9828560761.0,8550130039.0,5428218070.0,39108243.0,1361122355.0,66030289322.0
2022-07-25,22952107782.0,18548313062.0,9865893676.0,8569319908.0,5449316860.0,39185392.0,1363114524.0,66787251204.0
2022-07-26,22196432442.0,17318026774.0,9450543664.0,7993955170.0,5485586330.0,39097264.0,1358055911.0,63841697555.0
2022-07-27,21962457092.0,17638735231.0,9377094711.0,7902397451.0,5480133324.0,39144532.0,1350248239.0,63750210580.0
2022-07-28,23191014477.0,18403919112.0,9961762009.0,8804341787.0,5819679922.0,39146389.0,1357476137.0,67577339833.0
2022-07-29,23869930296.0,18914042429.0,10313528216.0,9356997444.0,6057271638.0,39079913.0,1383501466.0,69934351402.0
2022-07-30,23840180324.0,19130569558.0,10306864103.0,9358050778.0,6008053135.0,38938407.0,1386102525.0,70068758830.0
2022-07-31,23745470667.0,19045565288.0,10286300824.0,9259654360.0,6001922151.0,38926917.0,1389001424.0,69766841631.0
2022-08-01,23629805380.0,18960184169.0,10185769779.0,9154813209.0,6015548482.0,38910846.0,1387615601.0,69372647466.0
2022-08-02,23367564961.0,18807281905.0,10145342491.0,8973379998.0,6038939583.0,38742441.0,1396453383.0,68767704762.0
2022-08-03,23046153557.0,18557741622.0,10007182573.0,8709380822.0,5976840036.0,38523191.0,1362378529.0,67698200330.0
2022-08-04,23250064421.0,18783555930.0,9967092801.0,8915302704.0,5998146300.0,62265255.0,1327003433.0,68303430844.0
2022-08-05,23317990605.0,19367346659.0,9921405305.0,8783557681.0,5983422695.0,85997249.0,1328424026.0,68788144220.0
2022-08-06,24155640969.0,19296974838.0,10120435985.0,9411337897.0,6158492194.0,86294413.0,1339567923.0,70568744219.0
2022-08-07,23914154088.0,19113280998.0,10026116932.0,9150613045.0,6115021996.0,111291308.0,1333765399.0,69764243766.0
2022-08-08,24071535028.0,19886477796.0,10110671863.0,9280537410.0,6133653952.0,111223963.0,1334687411.0,70928787423.0
2022-08-09,24678089751.0,19419845794.0,10337212685.0,9660410286.0,6237563130.0,111478069.0,1343233192.0,71787832907.0
2022-08-10,24091790351.0,18964555684.0,10178057458.0,9133459978.0,6064868153.0,111466036.0,1334896976.0,69879094636.0
2022-08-11,25255864998.0,19764563154.0,10560372222.0,10150088310.0,6255417022.0,111553557.0,1344782664.0,73442641927.0
2022-08-12,25209528976.0,19756686309.0,10666079035.0,10210831724.0,6302103562.0,111494314.0,1348601255.0,73605325175.0
2022-08-13,25622433060.0,19668504168.0,10837294139.0,10573708721.0,4310891012.0,111710607.0,1356468823.0,72481010530.0
2022-08-14,25665928171.0,19642211468.0,10851830060.0,10741807515.0,6457139185.0,111762518.0,1360814831.0,74831493748.0
2022-08-15,25311741819.0,19311900845.0,10801703735.0,10521777940.0,6704459413.0,111894887.0,1344582849.0,74108061488.0
2022-08-16,25017126383.0,19134296167.0,10663311862.0,10256309734.0,6619175422.0,111361007.0,1340108648.0,73141689223.0
2022-08-17,25072387916.0,19110203343.0,10571007820.0,10259790483.0,6581106560.0,111572222.0,1340593556.0,73046661900.0
2022-08-18,24618426305.0,18783825018.0,10339474954.0,9989655867.0,6285225927.0,111439486.0,1332500478.0,71460548035.0
2022-08-19,24253309977.0,18681021155.0,10271588033.0,9857048347.0,6375379597.0,111409434.0,1322242429.0,70871998972.0
2022-08-20,22924052849.0,17769886131.0,9490105924.0,8886405675.0,6127041942.0,111623203.0,1317478361.0,66626594085.0
2022-08-21,22823428969.0,17564402537.0,9520782301.0,8621188856.0,6060847508.0,111473884.0,1319612864.0,66021736919.0
2022-08-22,23113763198.0,17843399648.0,10974113644.0,8809616543.0,6140897200.0,111651224.0,1307873962.0,68301315419.0
2022-08-23,23114355862.0,17773747755.0,10890344295.0,8839651330.0,6142025189.0,111570503.0,1214131450.0,68085826384.0
2022-08-24,23209942026.0,17806978866.0,10937997379.0,8946769696.0,6253642856.0,111487153.0,1213487088.0,68480305064.0
2022-08-25,23293121336.0,17864772710.0,10939308745.0,9088457459.0,6485846472.0,111490854.0,1215832300.0,68998829876.0
2022-08-26,23452201894.0,18006428163.0,11044902736.0,9154302430.0,6527144108.0,111628836.0,1217717971.0,69514326138.0
2022-08-27,22241005967.0,17263052125.0,10459692214.0,8279860286.0,6193908757.0,111612967.0,1210394656.0,65759526972.0
2022-08-28,22087236097.0,17116702351.0,10352998339.0,8212749867.0,6155007289.0,111677176.0,1450742106.0,65487113225.0
2022-08-29,21718503277.0,16842170437.0,10192832941.0,7883872479.0,6054321204.0,111513584.0,1447505134.0,64250719056.0
2022-08-30,22193635309.0,17567072368.0,10470364549.0,8438484398.0,6286743062.0,136243614.0,1412407052.0,66504950352.0
2022-08-31,22157907091.0,17473828670.0,10290503777.0,8455448413.0,6293946654.0,136877775.0,1412302178.0,66220814558.0
2022-09-01,22126702279.0,17322973489.0,10097337664.0,8414445769.0,6275095814.0,136914539.0,1408745942.0,65782215496.0
2022-09-02,22407416632.0,17519600781.0,10406902131.0,8572922876.0,6316103993.0,136828972.0,1416365660.0,66776141045.0
2022-09-03,22419272469.0,17445854212.0,10340547459.0,8572626899.0,6239088804.0,136617169.0,1395858070.0,66549865082.0
2022-09-04,22264018550.0,17405036732.0,10257023507.0,8487995637.0,6225389165.0,136387776.0,1394762693.0,66170614060.0
2022-09-05,22228248210.0,17370437825.0,10287294081.0,8580885427.0,6252866699.0,136309189.0,1396187332.0,66252228763.0
2022-09-06,22585409996.0,17406767875.0,10264392119.0,8959088795.0,6293960041.0,161420658.0,1294089021.0,66965128505.0
2022-09-07,21720936669.0,16632553853.0,9829167575.0,8375737989.0,6015426452.0,161269471.0,1280287581.0,64015379590.0
2022-09-08,22181697390.0,16837234525.0,10005653286.0,8828063159.0,6100596007.0,161785136.0,1284790745.0,65399820248.0
2022-09-09,22150636849.0,16892361892.0,10028787095.0,8918180803.0,6080953716.0,161638595.0,1289345954.0,65521904904.0
2022-09-10,22951308335.0,17213814971.0,10829921304.0,9290577459.0,6187046865.0,161439237.0,1295594508.0,67929702679.0
2022-09-11,23280146907.0,17447862288.0,10959422183.0,9581636054.0,6248105192.0,161370200.0,1296441582.0,68974984406.0
2022-09-12,23201705800.0,17157931009.0,10978436741.0,9475689825.0,6182347057.0,161082804.0,1292700581.0,68449893817.0
2022-09-13,23051209901.0,16874299404.0,11044469742.0,9373857271.0,6054733699.0,161503092.0,1293080517.0,67853153626.0
2022-09-14,21729388710.0,16093333293.0,10300262238.0,8843896453.0,5654309359.0,161168105.0,1282192415.0,64064550573.0
2022-09-15,21274658621.0,15641161923.0,10284194820.0,9160787209.0,5373885817.0,161073767.0,1313016810.0,63208778967.0
2022-09-16,20494790773.0,15479125057.0,10067682261.0,8356128905.0,5434702274.0,161063994.0,1309366496.0,61302859760.0
2022-09-17,20382788816.0,15682959091.0,10084631664.0,8196976858.0,5492641874.0,161255383.0,1312865460.0,61314119146.0
2022-09-18,20626994469.0,15924525185.0,10202101220.0,8284893477.0,5591082165.0,161258692.0,1314353449.0,62105208657.0
2022-09-19,19976934091.0,15591989288.0,9923784342.0,7696617499.0,5507016331.0,161801138.0,1308699461.0,60166842150.0
2022-09-20,20065515712.0,15777452084.0,9957248335.0,7839660734.0,5528203950.0,161399907.0,1260426596.0,60589907318.0
2022-09-21,19886373072.0,15969581761.0,9628853261.0,7676848470.0,5687839870.0,161248979.0,1226772920.0,60237518333.0
2022-09-22,19507541271.0,15603426933.0,9427214429.0,7182606864.0,5530436617.0,161595698.0,1228894093.0,58641715905.0
2022-09-23,20166299639.0,16173086508.0,9836117186.0,7636089669.0,5645595762.0,161497597.0,1237273745.0,60855960106.0
2022-09-24,20182968482.0,16255286282.0,9756918893.0,7621707563.0,5663097279.0,161244344.0,1240357981.0,60881580824.0
2022-09-25,20123519381.0,16243972151.0,9656229779.0,7626130737.0,5675785594.0,161266575.0,1236915050.0,60723819267.0
2022-09-26,20017233449.0,16198875991.0,9597586144.0,7533420860.0,5643317690.0,161542511.0,1236669681.0,60388646326.0
2022-09-27,20216606399.0,16604618218.0,9765492263.0,7782542638.0,5738071029.0,161222313.0,1236307461.0,61504860321.0
2022-09-28,20201003798.0,16652678712.0,9733038775.0,7755303730.0,5762729092.0,161392592.0,1241859988.0,61508006687.0
2022-09-29,20272851362.0,16760424806.0,9853319738.0,7743986651.0,5808978560.0,161357621.0,1242704296.0,61843623034.0
2022-09-30,20214930480.0,16843521561.0,9889472250.0,7805797859.0,5789979977.0,161313062.0,1241821278.0,61946836467.0
2022-10-01,20172875860.0,16836842158.0,9751864022.0,7772152847.0,5789431225.0,159658562.0,1242459758.0,61725284432.0
2022-10-02,20672008494.0,16768318973.0,9681791739.0,7694697559.0,5780434343.0,159665827.0,1249098380.0,62006015315.0
2022-10-03,20429170798.0,16613486582.0,9579356469.0,7526737083.0,5716335499.0,159542525.0,1244609331.0,61269238287.0
2022-10-04,20822056420.0,16797575587.0,9807683980.0,7765737077.0,5779685122.0,159959732.0,1246603576.0,62379301494.0
2022-10-05,20948503841.0,17005711782.0,10084539108.0,7946488620.0,5855228453.0,159767493.0,1250824114.0,63251063411.0
2022-10-06,20965087142.0,16930218727.0,10065028331.0,7980274933.0,5751350772.0,160283213.0,1249149544.0,63101392662.0
2022-10-07,21038117755.0,16783288375.0,9746609290.0,7960592435.0,5716840949.0,160178786.0,1249566879.0,62655194469.0
2022-10-08,20815671084.0,16735678645.0,9794770495.0,7843154899.0,5713662630.0,159720721.0,1252278864.0,62314937338.0
2022-10-09,20662224442.0,16653962554.0,9746367427.0,7737805180.0,5711891446.0,159751022.0,1244048148.0,61916050219.0
2022-10-10,20728353509.0,16676804525.0,9763569914.0,7822354992.0,5711794904.0,159595737.0,1245445522.0,62107919103.0
2022-10-11,20402156303.0,16475654467.0,9620454599.0,7569975015.0,5675940195.0,160413458.0,1247718360.0,61152312397.0
2022-10-12,20403519665.0,16440276940.0,9592656030.0,7597127919.0,5573826787.0,160775517.0,1244683292.0,61012866150.0
2022-10-13,20391331152.0,16319432509.0,9630234741.0,7694889693.0,5534105414.0,159720106.0,1245916217.0,60975629832.0
2022-10-14,20343774339.0,15934766708.0,9716154036.0,7571498088.0,5492973373.0,160640286.0,1246252824.0,60466059654.0
2022-10-15,20319186521.0,15930585691.0,9648165401.0,7593387808.0,5518394204.0,160281908.0,1245067201.0,60415068734.0
2022-10-16,20310041825.0,15921995485.0,9609203116.0,7483314487.0,5519950076.0,160269486.0,1244781928.0,60249556403.0
2022-10-17,20384626020.0,16090597592.0,9683433179.0,7628007070.0,5594463582.0,160321206.0,1244832133.0,60786280782.0
2022-10-18,20506865064.0,16209955552.0,9830236929.0,7801790469.0,5641415576.0,160399646.0,1251674702.0,61402337938.0
2022-10-19,20311410553.0,16166452914.0,9182648994.0,7626990480.0,5653918768.0,160288135.0,1247412818.0,60349122662.0
2022-10-20,20119461870.0,15882832075.0,9155666691.0,7514159434.0,5502214598.0,160122415.0,1249303836.0,59583760919.0
2022-10-21,20014037028.0,15740722806.0,9150460933.0,7517501246.0,5479547414.0,160026637.0,1241820968.0,59304117032.0
2022-10-22,19949617278.0,15814328786.0,9193972151.0,7653227987.0,5503110274.0,159691256.0,1249772804.0,59523720536.0
2022-10-23,19966810463.0,15886430377.0,9228670172.0,7694160785.0,5517816868.0,159699011.0,1249819988.0,59703407664.0
2022-10-24,20323640239.0,16117826274.0,9385316511.0,7988754600.0,5613829364.0,159865341.0,1249887625.0,60839119954.0
2022-10-25,20144711788.0,15771551872.0,9261748544.0,7875324488.0,5424725503.0,159534181.0,1203201003.0,59840797379.0
2022-10-26,20902051596.0,16279869392.0,9582314235.0,8611887215.0,5538003375.0,210576801.0,1203760156.0,62328462770.0
2022-10-27,21503427098.0,16643186976.0,9843905805.0,9125435734.0,5685938623.0,209874896.0,1205368419.0,64217137551.0
2022-10-28,21227567184.0,16388355302.0,9651446547.0,8943725313.0,5613146882.0,208939782.0,1204587634.0,63237768644.0
2022-10-29,21411927647.0,16507166957.0,9916116157.0,9141318704.0,5696391056.0,209443771.0,1202430403.0,64084794695.0
2022-10-30,21822230525.0,16811613527.0,10011251255.0,9533686219.0,5778785373.0,209557331.0,1203517836.0,65370642066.0
2022-10-31,21512658713.0,16860863395.0,9928490701.0,9402566954.0,5728792668.0,209165617.0,1203894169.0,64846432217.0
2022-11-01,21262027460.0,16726487016.0,9877392581.0,9367387818.0,5713896465.0,209370118.0,1207582253.0,64364143711.0
2022-11-02,21135726529.0,16896586183.0,9847208783.0,9494882407.0,5730331607.0,259043399.0,1205218592.0,64568997500.0
2022-11-03,20830855315.0,16555331956.0,9691887898.0,9238878636.0,5673815841.0,259503746.0,1204380050.0,63454653442.0
2022-11-04,20860506336.0,16755733792.0,9731171210.0,9280383964.0,5715532394.0,257674083.0,1204891635.0,63805893414.0
2022-11-05,21580280051.0,17346815921.0,10195069689.0,9947404691.0,5933945675.0,257854278.0,1211029932.0,66472400237.0
2022-11-06,21555538739.0,17331062004.0,10232263770.0,9885023062.0,5888248900.0,257916360.0,1222026942.0,66372079777.0
2022-11-07,21050063543.0,17069179532.0,10068428954.0,9457925785.0,5820178403.0,258391708.0,1221571779.0,64945739704.0
2022-11-08,21256254417.0,16647944828.0,9890287056.0,9485547332.0,5434527870.0,258590362.0,1222574942.0,64195726807.0
2022-11-09,19274540739.0,15026789947.0,8958474562.0,8063301442.0,4868275922.0,309756130.0,1199058990.0,57700197732.0
2022-11-10,17166594005.0,13376982895.0,7776699342.0,6909943789.0,4189187684.0,311616178.0,1189033426.0,50920057319.0
2022-11-11,18392133234.0,13447279239.0,8326680161.0,7787381721.0,3937647650.0,309580444.0,1009862800.0,53210565249.0
2022-11-12,18031531674.0,13233215619.0,8044549058.0,7652894041.0,3859438484.0,310038476.0,1003218813.0,52134886165.0
2022-11-13,17859916913.0,13074961948.0,7963794639.0,7509606013.0,3705018546.0,310500787.0,996240510.0,51420039356.0
2022-11-14,17372721791.0,12994668237.0,7744437846.0,7256080769.0,3625153034.0,310152161.0,989916019.0,50293129857.0
2022-11-15,17568913790.0,12802882821.0,7863403648.0,7469675322.0,3696466317.0,310520476.0,992998550.0,50704860924.0
2022-11-16,17531270269.0,13069498373.0,7925382622.0,7519740371.0,3761179645.0,359926596.0,996008148.0,51163006024.0
2022-11-17,17332452854.0,12667105692.0,7847184982.0,7344432076.0,3726070358.0,360363303.0,995702650.0,50273311915.0
2022-11-18,17269872990.0,12898231756.0,7852821644.0,7271574399.0,3681195817.0,360467842.0,995438606.0,50329603054.0
2022-11-19,17229543181.0,12807679908.0,7834534954.0,7290978345.0,3716933060.0,360744562.0,1046773234.0,50287187244.0
2022-11-20,17221347729.0,12520941607.0,7825757449.0,7340555136.0,3725774106.0,360677007.0,1073787805.0,50068840839.0
2022-11-21,16622104795.0,12243700670.0,7658045885.0,6890667933.0,3609156306.0,361028092.0,1069472194.0,48454175875.0
2022-11-22,16307307867.0,12444842212.0,7629527776.0,6744807565.0,3635428454.0,360412810.0,1098079782.0,48220406466.0
2022-11-23,16100355673.0,12588745574.0,7741926920.0,6909105618.0,3714171544.0,460423746.0,1128062682.0,48642791757.0
2022-11-24,16770791451.0,12400852798.0,7860261356.0,7179652368.0,3773052129.0,460614150.0,1128825297.0,49574049549.0
2022-11-25,16525087786.0,12376352646.0,7804088392.0,7263882972.0,3774091044.0,461194826.0,1126188810.0,49330886476.0
2022-11-26,16559027843.0,12207971263.0,7717830716.0,7305299617.0,3793795904.0,461064551.0,1130148301.0,49175138195.0
2022-11-27,16574247649.0,12695376576.0,7631579849.0,7307834694.0,3807121435.0,460641591.0,1132592271.0,49609394065.0
2022-11-28,16592984949.0,12505568156.0,7591765324.0,7274526557.0,3792005347.0,460642797.0,1153497347.0,49370990477.0
2022-11-29,16369790822.0,12249960004.0,7458474373.0,7092983664.0,3773757500.0,461246611.0,1165750904.0,48571963878.0
2022-11-30,16794205772.0,12447212934.0,7558945214.0,7681047575.0,3857098579.0,561767976.0,1173461324.0,50073739374.0
2022-12-01,17143784900.0,12502840261.0,7784801340.0,7834477173.0,3902180670.0,562506254.0,1167268111.0,50897858709.0
2022-12-02,16920176750.0,12512164149.0,7826949720.0,7770103530.0,3868149648.0,561233520.0,1168758402.0,50627535719.0
2022-12-03,16849029878.0,12163188568.0,7779554856.0,7821629528.0,3890037568.0,560122621.0,1164417399.0,50227980418.0
2022-12-04,16614974664.0,12406808234.0,7719782046.0,7598311666.0,3846226034.0,560848909.0,1238923151.0,49985874704.0
2022-12-05,16846186718.0,12605958545.0,7800879241.0,7830960938.0,3897437998.0,560232161.0,1258326064.0,50799981665.0
2022-12-06,16596240781.0,12403467724.0,7752977732.0,7688073476.0,3895111017.0,560874520.0,1249619014.0,50146364264.0
2022-12-07,16639868016.0,12729801192.0,7614038772.0,7713224523.0,3914632619.0,658379230.0,1246354134.0,50516298486.0
2022-12-08,16397450910.0,13050304433.0,7521709342.0,7507090126.0,3897192341.0,660087094.0,1247693079.0,50281527325.0
2022-12-09,16656262496.0,12722244729.0,7658084670.0,7766130104.0,3960548557.0,659356122.0,1246037001.0,50668663679.0
2022-12-10,16596955400.0,12741682731.0,7521080691.0,7692824771.0,4002112283.0,660078540.0,1247704832.0,50462439248.0
2022-12-11,16620017523.0,12933399982.0,7524115926.0,7707742710.0,4006539963.0,659138102.0,1247374989.0,50698329195.0
2022-12-12,16511887431.0,12680366001.0,7495285173.0,7643607170.0,3991583868.0,659612415.0,1245823996.0,50228166054.0
2022-12-13,16508111624.0,12695769299.0,7500776154.0,7723671084.0,3977241584.0,659653589.0,1243906297.0,50309129631.0
2022-12-14,16695570833.0,12540834649.0,7715863339.0,8031867372.0,4038075229.0,658616443.0,1243798801.0,50924626666.0
2022-12-15,16690309687.0,12503808161.0,7712015483.0,7942109296.0,4033148767.0,659663713.0,1240591935.0,50781647042.0
2022-12-16,16323110153.0,12335337453.0,7333358553.0,7748789895.0,3969664195.0,659685519.0,1239008729.0,49608954497.0
2022-12-17,15613409764.0,11759186239.0,7074965959.0,7175341822.0,3813651542.0,660370769.0,1234716529.0,47331642624.0
2022-12-18,15768027555.0,11818821895.0,7118618927.0,7254295053.0,3845791217.0,659613034.0,1232178063.0,47697345744.0
2022-12-19,15811195210.0,11852639653.0,7092752501.0,7277750686.0,3851863744.0,658554204.0,1233150587.0,47777906585.0
2022-12-20,15568041164.0,11739355049.0,6992031697.0,7167137171.0,3799647571.0,659270633.0,1228570684.0,47154053969.0
2022-12-21,15908423467.0,11907610955.0,7150583401.0,7351336737.0,3847059242.0,659073985.0,1232064443.0,48056152230.0
2022-12-22,15848472714.0,11882636360.0,7094311898.0,7393254976.0,3814770021.0,660123930.0,1233494982.0,47927064881.0
2022-12-23,15868135342.0,11835358960.0,7098415386.0,7392208958.0,3811655775.0,659191157.0,1230734171.0,47895699749.0
2022-12-24,15802757540.0,11885224375.0,7066408241.0,7421321246.0,3793661731.0,664878982.0,1229724713.0,47863976828.0
2022-12-25,15859317883.0,11879510191.0,7079602198.0,7431316864.0,3817804137.0,664047082.0,1236878303.0,47968476658.0
2022-12-26,15676552262.0,11789814832.0,7078665710.0,7412915259.0,3817569240.0,663763494.0,1228139130.0,47667419927.0
2022-12-27,15789068797.0,11806204126.0,7099059381.0,7451850527.0,3829811619.0,664427240.0,1226903449.0,47867325139.0
2022-12-28,15676033714.0,11775433647.0,7027475348.0,7363432435.0,3832230933.0,664005880.0,1223002245.0,47561614202.0
2022-12-29,15523144758.0,11665501397.0,6964014355.0,7258412324.0,3789969249.0,664483600.0,1218700483.0,47084226166.0
2022-12-30,15542813848.0,11681032914.0,6983660296.0,7302499788.0,3785487124.0,664764773.0,1219782697.0,47180041440.0
2022-12-31,15521247773.0,11638082380.0,6977704501.0,7285667130.0,3764932294.0,664066257.0,1220646082.0,47072346417.0
2023-01-01,15387941661.0,11557627621.0,6948698570.0,7269293770.0,3732395546.0,664091963.0,1220357721.0,46780406852.0
2023-01-02,15410545096.0,11579243022.0,6965915278.0,7283766179.0,3766446036.0,663542099.0,1220613290.0,46890071000.0
2023-01-03,15503639561.0,11656817331.0,7001767906.0,7414427232.0,3798394324.0,663461210.0,1219541327.0,47258048891.0
2023-01-04,15462064076.0,11682926981.0,7007571052.0,7425981745.0,3800810229.0,663822389.0,1221367001.0,47264543473.0
2023-01-05,15783254686.0,11855522778.0,7080012247.0,7664341170.0,3852743571.0,664080377.0,1222583738.0,48122538567.0
2023-01-06,15726816791.0,11823634326.0,7076659613.0,7660039714.0,3832609605.0,673518109.0,1223154628.0,48016432786.0
2023-01-07,15697770250.0,11927452860.0,7108865505.0,7748800159.0,3865698086.0,673310598.0,1224891978.0,48246789436.0
2023-01-08,15852180474.0,11901355916.0,7105829321.0,7709184650.0,3872027528.0,673962584.0,1224915820.0,48339456293.0
2023-01-09,16130347567.0,12115115423.0,7192984347.0,7899950132.0,3934804230.0,674080574.0,1226456642.0,49173738915.0
2023-01-10,16288221044.0,12198382577.0,7260684431.0,8120086705.0,4089328475.0,673017193.0,1231509882.0,49861230307.0
2023-01-11,16362765282.0,12237599011.0,7308661615.0,8198192649.0,4098367682.0,673924205.0,1231249305.0,50110759749.0
2023-01-12,16828171823.0,12515528075.0,7457502218.0,8621956467.0,4164024140.0,673893273.0,1245336129.0,51506412125.0
2023-01-13,16961062655.0,12564887439.0,7751671196.0,8626625653.0,4251956964.0,686382707.0,1225999364.0,52068585978.0
2023-01-14,17960151232.0,13208422017.0,8254946715.0,9374084987.0,4461020388.0,689057313.0,1234355756.0,55182038408.0
2023-01-15,18027604979.0,13038130347.0,8459410086.0,9417378067.0,4540985291.0,688342793.0,1235479708.0,55407331271.0
2023-01-16,18157578896.0,13140698503.0,8465571199.0,9505394096.0,4632685396.0,688208236.0,1256510982.0,55846647308.0
2023-01-17,18169034569.0,13181382800.0,8548722971.0,9626279484.0,4699640914.0,688266855.0,1244084295.0,56157411888.0
2023-01-18,18210040652.0,13309269882.0,8542348871.0,9647166079.0,4797470677.0,688831756.0,1241792412.0,56436920329.0
2023-01-19,17865506672.0,13021009783.0,7670383559.0,9343425035.0,4695691489.0,688225871.0,1233941363.0,54518183772.0
2023-01-20,18090989685.0,13312302737.0,7749120081.0,9575372728.0,4804631283.0,690118915.0,1235016865.0,55457552294.0
2023-01-21,18975736679.0,13852035541.0,8257396227.0,10255197405.0,5070665434.0,693196057.0,394588512.0,57498815855.0
2023-01-22,18952652254.0,13774832252.0,8311687760.0,10138298984.0,5007586111.0,693908638.0,393872272.0,57272838271.0
2023-01-23,18959273064.0,13750417301.0,8309319815.0,10165703301.0,5046260653.0,692730235.0,394828996.0,57318533365.0
2023-01-24,19046535630.0,13798247472.0,8369689848.0,10242816787.0,5068907686.0,692354675.0,399953647.0,57618505745.0
2023-01-25,18739841822.0,13730984984.0,8248653674.0,9770127065.0,4943672395.0,696020535.0,391064459.0,56520364934.0
2023-01-26,19274898037.0,14025648759.0,8395095399.0,10205335677.0,5050766477.0,698844945.0,399097952.0,58049687246.0
2023-01-27,19157441434.0,13939874465.0,8308076783.0,10091275075.0,5049111740.0,705359532.0,405034824.0,57656173853.0
2023-01-28,19259504798.0,14082059820.0,8345025502.0,10197558753.0,5128727347.0,704866479.0,409146913.0,58126889612.0
2023-01-29,19208190823.0,14018358544.0,8334980559.0,10085481587.0,5095492730.0,704931346.0,404112204.0,57851547793.0
2023-01-30,19610098474.0,14332308994.0,8575143817.0,10455947964.0,5199912477.0,706529983.0,408225811.0,59288167520.0
2023-01-31,18987398881.0,13940638163.0,8267830818.0,9981511740.0,4953666137.0,705280344.0,390105395.0,57226431478.0
2023-02-01,19113161238.0,14059351401.0,8357120674.0,10092967528.0,5011830517.0,705405095.0,394242103.0,57734078556.0
2023-02-02,19812698062.0,14553556949.0,8594843052.0,10682356901.0,5160407753.0,705533554.0,402024252.0,59911420523.0
2023-02-03,19592949817.0,14477402399.0,8507699990.0,10512776711.0,5134469431.0,705766469.0,400258902.0,59331323719.0
2023-02-04,19470982545.0,14654164151.0,8483058415.0,10633365159.0,5218154022.0,716356964.0,404210975.0,59580292231.0
2023-02-05,19466161349.0,14650065013.0,8472971149.0,10638012869.0,5209517736.0,718119885.0,402905106.0,59557753107.0
2023-02-06,19281513145.0,14521796850.0,8348442305.0,10479184302.0,5120322439.0,716651924.0,402435683.0,58870346648.0
2023-02-07,19156226587.0,14491220276.0,8281995343.0,10371065003.0,5197473936.0,730310759.0,402358339.0,58630650243.0
2023-02-08,19585937147.0,14846556290.0,8448764520.0,10768682132.0,5289643100.0,739331618.0,407485350.0,60086400157.0
2023-02-09,19346663439.0,14715177257.0,9052597707.0,10595916406.0,5298745238.0,740042155.0,409084629.0,60158226831.0
2023-02-10,18466844583.0,14154744662.0,8641736793.0,9957811590.0,5061574569.0,739530602.0,389244198.0,57411486997.0
2023-02-11,18360711504.0,14078797113.0,8573386783.0,9771586968.0,4969230104.0,744484141.0,388973726.0,56887170339.0
2023-02-12,18567712535.0,14191069776.0,8660466545.0,9932214280.0,5009455257.0,745011639.0,398915253.0,57504845285.0
2023-02-13,18444132830.0,14149851933.0,8664396913.0,9801438612.0,5001682071.0,743699654.0,397550286.0,57202752299.0
2023-02-14,18502210995.0,13893638760.0,8624436796.0,9742567717.0,5034901905.0,749369740.0,387078135.0,56934204048.0
2023-02-15,18812311820.0,14092552197.0,8780770143.0,10048822584.0,5097934700.0,752393883.0,390786196.0,57975571523.0
2023-02-16,20038921685.0,14791865374.0,9508339351.0,10912235402.0,5353705837.0,754479672.0,403004845.0,61762552166.0
2023-02-17,19615126098.0,14557320650.0,9388737635.0,10721177675.0,5291026328.0,754371454.0,396756923.0,60724516763.0
2023-02-18,20096747707.0,14858073112.0,9678895913.0,10964264180.0,5426119122.0,754721212.0,413736000.0,62192557246.0
2023-02-19,20188077872.0,14919318089.0,9586784494.0,10978732889.0,5450069545.0,755423556.0,415968772.0,62294375217.0
2023-02-20,20027347179.0,14797804086.0,9480574077.0,10900051412.0,5385938008.0,754285497.0,416790767.0,61762791026.0
2023-02-21,20207147151.0,14928544026.0,9669854931.0,11120293190.0,5469553390.0,754907604.0,415726274.0,62566026566.0
2023-02-22,19627725009.0,14675464335.0,9507920862.0,10831410714.0,5326982200.0,757056131.0,408092526.0,61134651777.0
2023-02-23,19461461246.0,14637902042.0,9402370560.0,10740186119.0,5305476874.0,756590969.0,403250109.0,60707237919.0
2023-02-24,19451986169.0,14635522113.0,9364461377.0,10784236671.0,5306964085.0,761375508.0,428986688.0,60733532611.0
2023-02-25,19027361718.0,14387042405.0,9096559467.0,10499765186.0,5190430123.0,763153545.0,398352321.0,59362664765.0
2023-02-26,18908852445.0,14341729388.0,9098299336.0,10726001206.0,5182347956.0,765281786.0,397368605.0,59419880722.0
2023-02-27,19345300308.0,14589198468.0,9246209317.0,11125956519.0,5272391351.0,765369915.0,399797299.0,60744223177.0
2023-02-28,19366207699.0,14530874733.0,8952866542.0,11340830637.0,5205306271.0,764869994.0,395349303.0,60556305179.0
2023-03-01,19082936766.0,14566592808.0,8567001743.0,11232142607.0,5212535536.0,767508327.0,391094238.0,59819812025.0
2023-03-02,19379112766.0,14877225963.0,8721593377.0,11605243510.0,5340874137.0,768069144.0,398078816.0,61090197713.0
2023-03-03,19278542707.0,14800293750.0,8644791817.0,11524536630.0,5273998233.0,769483205.0,395965342.0,60687611684.0
2023-03-04,18646864295.0,14309645213.0,8299123709.0,11048466444.0,5117378500.0,774818864.0,388005864.0,58584302889.0
2023-03-05,18684339460.0,14269459276.0,8292715768.0,11019409834.0,5090777927.0,775235471.0,389711198.0,58521648934.0
2023-03-06,18683924427.0,14269738303.0,8320370792.0,11024650560.0,5083693549.0,774643564.0,385650374.0,58542671569.0
2023-03-07,18614166886.0,14263475694.0,8301293779.0,11005624888.0,5090657644.0,778554124.0,385648242.0,58439421257.0
2023-03-08,18500308834.0,14290308725.0,8264786348.0,11046255129.0,5057918685.0,777973790.0,418458580.0,58356010091.0
2023-03-09,18204673942.0,14015711639.0,8120553893.0,10796799705.0,4948239329.0,778148882.0,372998256.0,57237125646.0
2023-03-10,17336038480.0,13350124328.0,7702157010.0,10116382620.0,4735188931.0,778244987.0,364073990.0,54382210346.0
2023-03-11,17417918299.0,13154257035.0,7683792368.0,10194443093.0,4564174136.0,719492583.0,340199811.0,54074277325.0
2023-03-12,17786371657.0,12131525315.0,7637255880.0,10325499877.0,4103656889.0,745516984.0,272481346.0,53002307948.0
2023-03-13,19690124581.0,12786524896.0,8193991263.0,11356290140.0,4349500067.0,769071487.0,278692134.0,57424194568.0
2023-03-14,20161755419.0,13089008277.0,8728803641.0,11799291140.0,4505833380.0,777933315.0,294500214.0,59357125386.0
2023-03-15,20092103576.0,13241577509.0,8861265334.0,12028093300.0,4562391817.0,775652439.0,302818367.0,59863902342.0
2023-03-16,19555901042.0,12987746779.0,8725730617.0,11675689210.0,4381195348.0,781089892.0,300692766.0,58408045654.0
2023-03-17,19494319092.0,13017469762.0,8882408710.0,11795684093.0,4515571849.0,782811393.0,304890904.0,58793155803.0
2023-03-18,20770833821.0,13617630817.0,9565935749.0,12708133533.0,4742518678.0,784755652.0,321196151.0,62511004401.0
2023-03-19,20782446134.0,13521094590.0,9475972470.0,12603850285.0,4724588749.0,785831096.0,318361190.0,62212144514.0
2023-03-20,20863579765.0,13527777314.0,9745189383.0,12642607252.0,4767430248.0,786030206.0,321430921.0,62654045089.0
2023-03-21,20829191734.0,13612897577.0,9692666901.0,12505052546.0,4659408216.0,786984472.0,317185330.0,62403386776.0
2023-03-22,21241429017.0,13837804613.0,9775690755.0,12762337787.0,4764877462.0,784701323.0,314956199.0,63481797156.0
2023-03-23,20703185553.0,13809987118.0,9577355341.0,12437975324.0,4659671373.0,785757482.0,310694402.0,62284626593.0
2023-03-24,21141580233.0,14096155298.0,9839862237.0,12860103906.0,4763521842.0,783879547.0,312752015.0,63797855078.0
2023-03-25,20702501328.0,13801197460.0,9600831983.0,12535152908.0,4652268376.0,792248040.0,308840876.0,62393040971.0
2023-03-26,20647552692.0,13815027827.0,9593641720.0,12474883389.0,4658441909.0,792149004.0,307613164.0,62289309705.0
2023-03-27,20728207506.0,13888787204.0,9699006299.0,12659256853.0,4691814703.0,790451824.0,307334225.0,62764858614.0
2023-03-28,20264357112.0,13622424409.0,9437754727.0,12492878614.0,4587177446.0,800812758.0,302456277.0,61507861343.0
2023-03-29,20443308065.0,13830588898.0,9487983469.0,12628735558.0,4699313001.0,800840816.0,308129735.0,62198899542.0
2023-03-30,20658912542.0,14029996606.0,9781050775.0,12777698482.0,4762957330.0,806311833.0,326334994.0,63143262562.0
2023-03-31,20782400610.0,13996283259.0,9725064823.0,12876940935.0,4754589305.0,805636692.0,317660101.0,63258575725.0
2023-04-01,20957433196.0,14055736904.0,9949649655.0,13018013168.0,4821392319.0,805081993.0,321788062.0,63929095297.0
2023-04-02,20953206796.0,14009850310.0,9947193925.0,13003535787.0,4807171836.0,805712742.0,319827426.0,63846498822.0
2023-04-03,20799293931.0,13869227785.0,9826288038.0,12827601837.0,4762286830.0,806993966.0,315569740.0,63207262127.0
2023-04-04,20783389002.0,13906099595.0,9755080007.0,12952435444.0,4776356293.0,806760876.0,317376559.0,63297497776.0
2023-04-05,21324451826.0,14146437386.0,9860751058.0,13612480286.0,4905896466.0,810520290.0,329045890.0,64989583202.0
2023-04-06,21280445278.0,14045608353.0,9878021751.0,13639350784.0,4939778241.0,811171120.0,321361098.0,64915736625.0
2023-04-07,21162212342.0,13963459940.0,9849163580.0,13509787391.0,4928431460.0,815469243.0,320196451.0,64548720407.0
2023-04-08,21032872462.0,13885108632.0,9804056144.0,13363578181.0,4916453597.0,813766735.0,318431138.0,64134266889.0
2023-04-09,21045162473.0,13857119112.0,9829297622.0,13361476070.0,4921799666.0,814574287.0,323634110.0,64153063340.0
2023-04-10,21151105061.0,13805382495.0,9925572186.0,13406827357.0,4900512653.0,813518031.0,324725531.0,64327643314.0
2023-04-11,21572066027.0,14022711760.0,10322267587.0,13759718266.0,4970763633.0,878674692.0,325216835.0,65851418800.0
2023-04-12,21454161033.0,13922146827.0,10547490876.0,13688570223.0,4957708857.0,879515023.0,321565460.0,65771158299.0
2023-04-13,21406320955.0,14039833157.0,10457353612.0,13831432822.0,4950794468.0,883482474.0,320244630.0,65889462118.0
2023-04-14,22408206908.0,14652056200.0,10650819764.0,15109196491.0,5122455910.0,886782948.0,327106244.0,69156624465.0
2023-04-15,22391941884.0,14586723458.0,10696459688.0,15157480922.0,4359307378.0,916972860.0,326564787.0,68435450977.0
2023-04-16,22406671519.0,14574670475.0,10731149637.0,15205298331.0,4996027207.0,917532157.0,331755119.0,69163104445.0
2023-04-17,22228966037.0,14422657328.0,10742367821.0,15235410104.0,4935389141.0,920303427.0,331598494.0,68816692352.0
2023-04-18,21760924966.0,14117973010.0,10606560295.0,15165393107.0,4749217454.0,922724094.0,325770307.0,67648563233.0
2023-04-19,22053163991.0,14323200294.0,10829025515.0,15367086554.0,4766683289.0,924386212.0,329764061.0,68593309916.0
2023-04-20,20871917548.0,13822892956.0,10416149472.0,14302538844.0,4603653594.0,927688692.0,317393872.0,65262234978.0
2023-04-21,20583259002.0,13814757933.0,10183377649.0,14352727362.0,4448305489.0,930895590.0,288913442.0,64602236467.0
2023-04-22,19908579952.0,13409160291.0,9906220710.0,13618787944.0,4418507759.0,931441411.0,280330481.0,62473028548.0
2023-04-23,20113751263.0,13360337484.0,10128369850.0,13761217380.0,4401607262.0,931651939.0,282647139.0,62979582317.0
2023-04-24,20130995435.0,13354270053.0,9965641464.0,13788882326.0,4445095733.0,930949043.0,282176970.0,62898011024.0
2023-04-25,19989446890.0,13215109829.0,10007651355.0,13656397370.0,4483783067.0,932554338.0,280155537.0,62565098386.0
2023-04-26,20372503429.0,13273472827.0,10262437841.0,13902314754.0,3724559757.0,934290889.0,283843028.0,62753422525.0
2023-04-27,20702644103.0,13417355184.0,10358406190.0,14282853710.0,3750139285.0,998568941.0,283129302.0,63793096715.0
2023-04-28,20814813060.0,13350882465.0,10562405334.0,14172046902.0,3770554561.0,998872161.0,282706995.0,63952281478.0
2023-04-29,20508707375.0,13287226267.0,10538766209.0,14246122714.0,3742911876.0,999153674.0,281902864.0,63604790979.0
2023-04-30,20566712297.0,13349158624.0,10485301897.0,14362218730.0,3753655970.0,1000231115.0,282685524.0,63799964157.0
2023-05-01,20575857774.0,13179274998.0,10508287185.0,14232662720.0,3724777143.0,1000621569.0,280758664.0,63502240053.0
2023-05-02,20043282810.0,12914591685.0,10140680377.0,13865242540.0,3682027464.0,1014014752.0,277032894.0,61936872522.0
2023-05-03,20286673840.0,13118092916.0,10285677933.0,14151439119.0,3747368977.0,1017804360.0,277324385.0,62884381530.0
2023-05-04,20562959411.0,13324036111.0,10412355614.0,14542326600.0,4371946601.0,1017818373.0,260245268.0,64491687978.0
2023-05-05,20380309699.0,13222325122.0,10410237755.0,14367165573.0,4518030786.0,1018011695.0,257616451.0,64173697081.0
2023-05-06,21292981383.0,13657339942.0,10626780055.0,15299233249.0,4610189583.0,1063316906.0,259764354.0,66809605472.0
2023-05-07,20667283813.0,13332933519.0,10387671316.0,14620094072.0,4482695904.0,1061752798.0,256470439.0,64808901861.0
2023-05-08,20416346584.0,13219571793.0,10326351636.0,14473128466.0,4463591283.0,1062935224.0,254850557.0,64216775543.0
2023-05-09,19884592514.0,12940408071.0,10000311906.0,14286548254.0,4350670999.0,1063937234.0,249408954.0,62775877932.0
2023-05-10,19958982673.0,12952148462.0,10026053649.0,14384945461.0,4350054711.0,1110184689.0,282717233.0,63065086878.0
2023-05-11,19861181316.0,12915873256.0,9999556183.0,14330332509.0,4332870857.0,1149697978.0,280695168.0,62870207267.0
2023-05-12,19503156921.0,12726093750.0,9833609036.0,14121211038.0,4252442350.0,1188064797.0,278579824.0,61903157716.0
2023-05-13,19498784009.0,12766871884.0,9769683264.0,14401672217.0,4289464327.0,1226118190.0,272197146.0,62224791037.0
2023-05-14,19437714397.0,12746801287.0,9794248179.0,14394297420.0,4266927263.0,1227019174.0,271666695.0,62138674415.0
2023-05-15,19404646730.0,12743253030.0,9827970265.0,14354914444.0,4277271934.0,1227150244.0,271271162.0,62106477809.0
2023-05-16,19625485388.0,12889111796.0,9937010017.0,14673424606.0,4331108433.0,1268183863.0,273225780.0,62997549883.0
2023-05-17,19614928713.0,12908006643.0,9894253973.0,14767413373.0,4332205520.0,1309265752.0,275023174.0,63101097148.0
2023-05-18,19594230448.0,12926616736.0,9979135247.0,14017117455.0,4341331657.0,1360297642.0,266289159.0,62485018344.0
2023-05-19,19401279033.0,12826029299.0,9848165656.0,13978244093.0,4313636805.0,1363114384.0,265392877.0,61995862147.0
2023-05-20,19487394867.0,12768758546.0,9878051319.0,14084070816.0,4299389283.0,1412339189.0,264367296.0,62194371316.0
2023-05-21,19620906475.0,12869547879.0,9963400926.0,14269271463.0,4330105259.0,1410751404.0,264875503.0,62728858909.0
2023-05-22,19404461814.0,12707042172.0,9847866010.0,14170011398.0,4286153087.0,1411108639.0,260409861.0,62087052981.0
2023-05-23,19507590077.0,12806723819.0,9807472671.0,14366146344.0,4327084847.0,1417695504.0,260691014.0,62493404276.0
2023-05-24,19820019169.0,12958954524.0,9915879987.0,14848840719.0,4358971503.0,1458021625.0,263577692.0,63624265219.0
2023-05-25,19245783715.0,12616450040.0,9624368039.0,14460926256.0,4278735381.0,1498156425.0,260036221.0,61984456077.0
2023-05-26,19229182750.0,12659654713.0,9606008271.0,14576263461.0,4229192524.0,1538043817.0,260150638.0,62098496174.0
2023-05-27,19402563638.0,12710724921.0,9695475240.0,14865974568.0,4275982251.0,1538337241.0,261559080.0,62750616939.0
2023-05-28,19584259894.0,12748312617.0,9733849644.0,15062539135.0,4294330886.0,1538240020.0,264347105.0,63225879301.0
2023-05-29,20203151937.0,13020442150.0,10120333498.0,15714465895.0,4359747613.0,1539875966.0,265067701.0,65223084760.0
2023-05-30,19962324165.0,12846916861.0,9973419909.0,15550734456.0,4311934689.0,1578304332.0,263448655.0,64487083067.0
2023-05-31,19983587848.0,12786112173.0,9965249234.0,15761492809.0,4304222113.0,1578327516.0,262606740.0,64641598433.0
2023-06-01,19184830675.0,12589431550.0,9789443885.0,15596901203.0,4297766683.0,2078568338.0,260324907.0,63797267241.0
2023-06-02,19110156605.0,12544367455.0,9661371884.0,15614010845.0,4284963653.0,2079319936.0,263555773.0,63557746151.0
2023-06-03,19419488482.0,12709919108.0,9783942813.0,16035920573.0,4351931809.0,2078361843.0,264901188.0,64644465816.0
2023-06-04,19362414793.0,12672382345.0,9740582434.0,15978456209.0,4347142358.0,2079557338.0,265557489.0,64446092966.0
2023-06-05,19319387075.0,12648183061.0,9756622452.0,15955165904.0,4338254582.0,2082355282.0,264177326.0,64364145682.0
2023-06-06,18587526436.0,12169965338.0,9349979693.0,15352599356.0,4220349352.0,2084208235.0,260799738.0,62025428148.0
2023-06-07,19251596237.0,12381305137.0,9824443470.0,16043188018.0,4282080462.0,2131673474.0,262564863.0,64176851661.0
2023-06-08,18755581728.0,12055129229.0,9534123522.0,15639774042.0,4228125444.0,2137665892.0,261378064.0,62611777921.0
2023-06-09,18790642977.0,12101715065.0,9589064070.0,15743109286.0,4226912657.0,2133622502.0,307839754.0,62892906311.0
2023-06-10,18632950768.0,11969008691.0,9569918555.0,15641685030.0,4150084771.0,2174643849.0,305885465.0,62444177129.0
2023-06-11,17976256138.0,11545579708.0,9325198347.0,14885496888.0,4053531079.0,2174971744.0,308920576.0,60269954480.0
2023-06-12,18004677256.0,11396419009.0,9347705341.0,14889848257.0,4030164807.0,2174428508.0,306641555.0,60149884733.0
2023-06-13,17928599882.0,11294739842.0,9368558522.0,14786222141.0,3966631021.0,2207077042.0,299048123.0,59850876573.0
2023-06-14,17985603043.0,11377550352.0,9371164569.0,14884833972.0,3959412269.0,2210442055.0,301935550.0,60090941810.0
2023-06-15,17330227332.0,10981432374.0,9063771767.0,14797492911.0,3845581872.0,2212273149.0,307217132.0,58537996537.0
2023-06-16,17444751810.0,10859920430.0,9241538014.0,14897833235.0,3767738584.0,2224493354.0,297065436.0,58733340863.0
2023-06-17,17814155316.0,11046754387.0,9388283719.0,14952070899.0,3868035631.0,2224547616.0,302507083.0,59596354651.0
2023-06-18,17912895399.0,11159687251.0,9378715813.0,14838476463.0,3871623887.0,2224929115.0,301749404.0,59688077332.0
2023-06-19,17937769747.0,11127634721.0,9407155575.0,14822834139.0,3895480729.0,2226428239.0,301017740.0,59718320890.0
2023-06-20,18145547701.0,11124993048.0,9546730838.0,15060492560.0,3926720379.0,2228709300.0,306346494.0,60339540320.0
2023-06-21,18806350075.0,11351806006.0,9962094125.0,15568154742.0,3995585686.0,2228396733.0,313191447.0,62225578814.0
2023-06-22,19572636971.0,11693286279.0,10483386634.0,16606570843.0,4108429780.0,2214205054.0,315943222.0,64994458783.0
2023-06-23,19336988123.0,11597856155.0,10418884222.0,16384692407.0,4068706862.0,2219813247.0,313541198.0,64340482214.0
2023-06-24,19411152175.0,11630548583.0,10611514677.0,16512958940.0,4073138925.0,2230337162.0,317664431.0,64787314893.0
2023-06-25,19340569862.0,11558071251.0,10589595048.0,16420731063.0,4041903727.0,2230759045.0,318144941.0,64499774937.0
2023-06-26,19485700916.0,11631721941.0,10587062699.0,16623651911.0,4075652208.0,2230703486.0,323232841.0,64957726002.0
2023-06-27,19312583522.0,11504414007.0,10515072961.0,16392598312.0,4033104937.0,2235274022.0,322137568.0,64315185329.0
2023-06-28,19440692918.0,11511039532.0,10601264936.0,16499153951.0,4023315075.0,2230313622.0,322017435.0,64627797469.0
2023-06-29,19005238964.0,11330297255.0,10440711410.0,16134650993.0,3956438497.0,2230649883.0,316476382.0,63414463384.0
2023-06-30,19289754042.0,11431344265.0,10539518646.0,16373161516.0,4006285256.0,2231843602.0,313512762.0,64185420089.0
2023-07-01,19784675330.0,11714985331.0,10569084405.0,17143713086.0,4112336579.0,2170957193.0,313390906.0,65809142830.0
2023-07-02,19684756604.0,11722758790.0,10512961094.0,17113334660.0,4089659712.0,2170889758.0,318086078.0,65612446696.0
2023-07-03,19899386901.0,11752408680.0,10511626108.0,17291972801.0,4098395951.0,2171447070.0,322357190.0,66047594701.0
2023-07-04,19998782718.0,11771807003.0,10667443327.0,17463439049.0,4314134775.0,2241970620.0,335428199.0,66793005691.0
2023-07-05,19872130329.0,11677776846.0,10550287887.0,17319741726.0,4302659540.0,2244918750.0,330781374.0,66298296452.0
2023-07-06,19646627805.0,11525769396.0,10463551240.0,17050543301.0,4225867937.0,2279038280.0,325022415.0,65516420374.0
2023-07-07,19130952930.0,11309152428.0,10286953310.0,16599513555.0,4158657000.0,2386285233.0,321486495.0,64193000951.0
2023-07-08,19289226062.0,11424277365.0,10375956170.0,16871597207.0,4220666002.0,2494513159.0,323285728.0,64999521693.0
2023-07-09,19273064307.0,11416856460.0,10378761536.0,16860336547.0,4227393512.0,2495810715.0,323751782.0,64975974859.0
2023-07-10,19335324846.0,11386085607.0,10322148033.0,16820513298.0,4224673333.0,2496885786.0,319654032.0,64905284935.0
2023-07-11,19385568456.0,11472971092.0,10386158432.0,16984302119.0,4250527502.0,2547891268.0,323510581.0,65350929450.0
2023-07-12,19483437365.0,11511316577.0,10445490465.0,17062002885.0,4273591347.0,2651583978.0,321925552.0,65749348169.0
2023-07-13,19304923654.0,11446223427.0,9279374575.0,17083059263.0,4243296488.0,2759137997.0,320344021.0,64436359425.0
2023-07-14,20318401035.0,11512962167.0,9606670624.0,18483131548.0,4387233397.0,2809298634.0,323748736.0,67441446141.0
2023-07-15,19815699504.0,11228053801.0,9281772352.0,17809593293.0,4268042669.0,2806360946.0,322132004.0,65531654569.0
2023-07-16,19883941629.0,11267036921.0,9286734697.0,17837857820.0,4270041633.0,2810808436.0,320446778.0,65676867914.0
2023-07-17,19768509882.0,11204039612.0,9259109740.0,17748098265.0,4258255339.0,2815854105.0,321544446.0,65375411389.0
2023-07-18,19681270996.0,11180130133.0,9234083938.0,17683533996.0,4250466943.0,2816973441.0,328737176.0,65175196623.0
2023-07-19,19401029922.0,11075654000.0,9172689080.0,17621295213.0,4194660207.0,2950823332.0,322365315.0,64738517069.0
2023-07-20,19160525234.0,11025604209.0,9172615945.0,17493187398.0,4171152946.0,2999794887.0,315261567.0,64338142186.0
2023-07-21,19180960479.0,10999908127.0,9216146673.0,17501755716.0,4168326873.0,3154521202.0,300497959.0,64522117029.0
2023-07-22,19194186900.0,10977926047.0,9259403028.0,17571044111.0,4037106802.0,3207751636.0,280406650.0,64527825174.0
2023-07-23,18933010145.0,10755436605.0,9104320470.0,17264079042.0,3913946114.0,3206082177.0,278932010.0,63455806563.0
2023-07-24,19137940052.0,10831766156.0,9193762470.0,17559753013.0,3939358229.0,3206362933.0,280083565.0,64149026418.0
2023-07-25,18687310764.0,10661284665.0,8939181968.0,17196193947.0,3889819684.0,3256589939.0,277349005.0,62907729972.0
2023-07-26,18724414291.0,10623504287.0,8958664918.0,17297972453.0,3884085600.0,3260791622.0,276712439.0,63026145610.0
2023-07-27,18801353046.0,10679757554.0,9012442260.0,17442678519.0,3907967049.0,3262229388.0,277422065.0,63383849881.0
2023-07-28,18730851018.0,10700225424.0,8956170304.0,17434934709.0,3912870663.0,3266573726.0,278200543.0,63279826387.0
2023-07-29,18915712133.0,10741958745.0,9004797333.0,17588668666.0,3939159933.0,3285518530.0,278809091.0,63754624431.0
2023-07-30,19222856700.0,10759855112.0,9007552954.0,17670705984.0,3952240740.0,3282683495.0,278973354.0,64174868339.0
2023-07-31,18775570850.0,9276546991.0,8993448004.0,17616090712.0,2439538672.0,3255439296.0,187883918.0,60544518443.0
2023-08-01,18568192597.0,9037157868.0,8978134414.0,17532753791.0,2242107028.0,3277418750.0,235367286.0,59871131734.0
2023-08-02,18330753403.0,9069940954.0,9187012869.0,17601598765.0,2270857614.0,3286258666.0,235791354.0,59982213625.0
2023-08-03,18046511385.0,9072606012.0,9037356256.0,17361920473.0,2369862368.0,3285839189.0,240993093.0,59415088776.0
2023-08-04,17975781273.0,9565664494.0,9019411617.0,17328637293.0,2923592188.0,3362404770.0,244517872.0,60420009507.0
2023-08-05,18048976211.0,9538683968.0,8904242795.0,17342800065.0,2996222524.0,3228158453.0,241496573.0,60300580589.0
2023-08-06,18114249721.0,9554870691.0,8890931496.0,17389763121.0,3017703271.0,3230601782.0,242001539.0,60440121621.0
2023-08-07,18193447252.0,9572010673.0,8887572173.0,17373968073.0,3056889629.0,3228540032.0,238284340.0,60550712172.0
2023-08-08,18510929714.0,9581004374.0,8915888421.0,17429313475.0,3061665951.0,3230974628.0,232797464.0,60962574027.0
2023-08-09,18767507096.0,9663064810.0,9106459421.0,17720729866.0,3075532769.0,3227327938.0,236013764.0,61796635664.0
2023-08-10,18777056371.0,9674940365.0,9037631324.0,17714850581.0,3094374580.0,3347618127.0,235628848.0,61882100196.0
2023-08-11,19089683072.0,9646939188.0,8997948734.0,17749171268.0,3088553573.0,3356503217.0,236670492.0,62165469544.0
2023-08-12,19316087224.0,9629155542.0,9000227473.0,17784140642.0,3080647662.0,3353850684.0,236848126.0,62400957353.0
2023-08-13,19312578745.0,9646949201.0,9001499419.0,17809358471.0,3072288252.0,3351812364.0,235600418.0,62430086870.0
2023-08-14,19216761442.0,9613452503.0,8957544237.0,17743014887.0,3086551688.0,3353299306.0,232015614.0,62202639677.0
2023-08-15,19154068981.0,9648886575.0,9001640277.0,17823813720.0,3073732919.0,3544028357.0,230328080.0,62476498909.0
2023-08-16,18861313102.0,9550433423.0,8921976596.0,17685626964.0,3058358692.0,3544287147.0,223045719.0,61845041643.0
2023-08-17,18477126072.0,9325293659.0,8777983944.0,17355965779.0,3017734312.0,3543064517.0,224580267.0,60721748550.0
2023-08-18,17677680434.0,8918711569.0,8196039546.0,16438620854.0,2892510222.0,3548961420.0,220839959.0,57893364004.0
2023-08-19,17485455109.0,8847372939.0,8058215446.0,16254767190.0,2894232030.0,3540527716.0,219329133.0,57299899563.0
2023-08-20,17548080502.0,8876906555.0,8074248915.0,16365279218.0,2893442509.0,3539799304.0,221458104.0,57519215107.0
2023-08-21,17323658252.0,8893184588.0,8090287938.0,16460261899.0,2884570293.0,3541186945.0,220938902.0,57414088817.0
2023-08-22,17223347623.0,8927806677.0,8058766670.0,16389958446.0,2922869076.0,3542539821.0,218973379.0,57284261692.0
2023-08-23,16970089167.0,8701021898.0,8020539273.0,16137585983.0,2878262967.0,3489119902.0,218071026.0,56414690216.0
2023-08-24,17251150764.0,8888712573.0,8130145299.0,16657549321.0,2915929337.0,3535088203.0,218326657.0,57596902154.0
2023-08-25,17191614187.0,8818864986.0,8025279374.0,16461581977.0,2901986059.0,3537593399.0,213903733.0,57150823715.0
2023-08-26,17033305325.0,8810363070.0,7955602955.0,16400610806.0,2913074148.0,3588428539.0,214406294.0,56915791137.0
2023-08-27,17017791201.0,8794256367.0,7944217155.0,16377326294.0,2910638677.0,3588402721.0,214230273.0,56846862688.0
2023-08-28,17236781178.0,8762902546.0,7970477282.0,16502745142.0,2925601177.0,3463356376.0,215643555.0,57077507256.0
2023-08-29,17263629691.0,8769519540.0,7965054492.0,16567437573.0,2941497037.0,3465286361.0,214780221.0,57187204915.0
2023-08-30,17929190754.0,8949448246.0,8428315159.0,17436905937.0,2972744432.0,3517804956.0,218241472.0,59452650956.0
2023-08-31,17656031672.0,8889659131.0,8305071287.0,17210860056.0,2913801139.0,3514395740.0,213203190.0,58703022215.0
2023-09-01,17131201975.0,8830204001.0,7929873763.0,16826197841.0,2824335840.0,3537003512.0,212679469.0,57291496401.0
2023-09-02,17049563986.0,8808890139.0,7872224203.0,16822852362.0,2805718553.0,3540264897.0,207583544.0,57107097684.0
2023-09-03,17109091670.0,8810938797.0,7895948946.0,16851595670.0,2817501017.0,3540696055.0,210224373.0,57235996528.0
2023-09-04,17145047671.0,8840305312.0,7917641547.0,16826150270.0,2802606046.0,3542212202.0,210257369.0,57284220417.0
2023-09-05,17069687919.0,8766685878.0,7879578637.0,16778432594.0,2800272614.0,3542483252.0,209857569.0,57046998463.0
2023-09-06,17382091385.0,8794281934.0,7870767542.0,16900165631.0,2803018022.0,3693005749.0,211373012.0,57654703275.0
2023-09-07,17399309999.0,8710188432.0,7857652565.0,16904017442.0,2714787289.0,3705418965.0,191174191.0,57482548883.0
2023-09-08,17582961932.0,8791154600.0,7921877736.0,17083507145.0,2727865433.0,3756304603.0,193873628.0,58057545077.0
2023-09-09,17434556390.0,8727482729.0,7830654918.0,16942589330.0,2723584707.0,3753514557.0,192815773.0,57605198404.0
2023-09-10,17439813829.0,8684505488.0,7825604037.0,16920946115.0,2707198267.0,3755576604.0,192674380.0,57526318720.0
2023-09-11,17364863028.0,8601960160.0,7800261689.0,16774883244.0,2687173963.0,3753103794.0,189981421.0,57172227299.0
2023-09-12,16804671318.0,8342182027.0,7607768248.0,16173216892.0,2590427969.0,3856390263.0,186076719.0,55560733436.0
2023-09-13,17186964156.0,8446937118.0,7807281300.0,16582732046.0,2610173422.0,3856915100.0,187926352.0,56678929494.0
2023-09-14,17327848074.0,8505636831.0,7908042038.0,16715636589.0,2645551573.0,3911713333.0,186727699.0,57201156137.0
2023-09-15,17466579009.0,8547520154.0,8001344602.0,17168125577.0,2650857710.0,3960683269.0,188176858.0,57983287179.0
2023-09-16,18428715134.0,8610993675.0,8036351997.0,17416034415.0,2671506747.0,4837389427.0,188659056.0,60189650451.0
2023-09-17,18289738188.0,8591614170.0,8004923140.0,17220504316.0,2566286131.0,4839219583.0,184121341.0,59696406869.0
2023-09-18,18240070860.0,8542254033.0,7984497834.0,17114507100.0,2645136556.0,4837776939.0,182088427.0,59546331749.0
2023-09-19,18376744322.0,8549928174.0,8057969247.0,17326904247.0,2659194362.0,4928049248.0,183698727.0,60082488327.0
2023-09-20,18494699550.0,8554989472.0,8191902239.0,17448945787.0,2571937489.0,4978669158.0,184847023.0,60425990718.0
2023-09-21,18299740192.0,8481659111.0,8172332695.0,17269914887.0,2641641798.0,5076948677.0,185967908.0,60128205268.0
2023-09-22,17929712160.0,8341867596.0,8014669458.0,16887110179.0,2618126867.0,5126215952.0,185363363.0,59103065575.0
2023-09-23,18012077497.0,8367106314.0,8024874261.0,17043605493.0,2655146296.0,5133876602.0,187339438.0,59424025901.0
2023-09-24,18000077546.0,8354061673.0,8030788722.0,17127512507.0,2639360296.0,5129326788.0,186879047.0,59468006579.0
2023-09-25,17802632267.0,8289387684.0,7917581285.0,17130546420.0,2654063377.0,5132549597.0,186138989.0,59112899619.0
2023-09-26,17899782908.0,8331241981.0,7946513356.0,17473598499.0,2574891814.0,5178911269.0,188014442.0,59592954269.0
2023-09-27,17803778740.0,8369300088.0,7939194782.0,17542461153.0,2589886298.0,5194229906.0,183656239.0,59622507206.0
2023-09-28,17780413423.0,8349070540.0,7976569242.0,17649724214.0,2688564040.0,5281247738.0,182142597.0,59907731794.0
2023-09-29,18213755912.0,8443880743.0,8175269843.0,18256592218.0,2727170897.0,5285544545.0,183030538.0,61285244696.0
2023-09-30,18200695861.0,8464117963.0,8130644510.0,18414347272.0,2747676541.0,5378453149.0,181280000.0,61517215296.0
2023-10-01,18192916756.0,8460332234.0,8143303687.0,18529827161.0,2635331748.0,5379000493.0,179118500.0,61519830579.0
2023-10-02,18767806678.0,8614320063.0,8432034626.0,19152267523.0,2783299477.0,5375880606.0,181498416.0,63307107389.0
2023-10-03,18304741277.0,8462193883.0,8310295211.0,18447253407.0,2738518117.0,5433059438.0,178921635.0,61874982968.0
2023-10-04,18183103487.0,8356763219.0,8270143006.0,18626525033.0,2729179235.0,5432250105.0,175464274.0,61773428359.0
2023-10-05,18268892268.0,8405727689.0,8380366159.0,18644298699.0,2596367476.0,5462787775.0,177219253.0,61935659319.0
2023-10-06,18073629087.0,8314595789.0,8288177771.0,18333671076.0,2684340597.0,5464769400.0,177929467.0,61337113187.0
2023-10-07,18310852557.0,8387906056.0,8443373648.0,18658530257.0,2673732565.0,5463892680.0,178131172.0,62116418935.0
2023-10-08,18294858096.0,8357990101.0,8437043347.0,18521631454.0,2671323711.0,5465340581.0,177979103.0,61926166393.0
2023-10-09,18214755105.0,8281493102.0,8428780182.0,18526343397.0,2653776596.0,5467880901.0,177072085.0,61750101368.0
2023-10-10,17847540422.0,8109744855.0,8468846643.0,17962282000.0,2580353189.0,5465464360.0,173520547.0,60607752016.0
2023-10-11,17655436975.0,7783447910.0,8400323310.0,17732747284.0,2298764518.0,5470106282.0,150281314.0,59491107593.0
2023-10-12,17531308980.0,7719181499.0,8099689675.0,17712959273.0,2292233600.0,5496012573.0,148817764.0,59000203364.0
2023-10-13,17169840145.0,7661710766.0,8100198045.0,17485867459.0,2275856721.0,5498592111.0,157239361.0,58349304608.0
2023-10-14,17500473249.0,7720057733.0,8134330556.0,17609206361.0,2297845057.0,5494237060.0,155969389.0,58912119405.0
2023-10-15,17531256704.0,7738541344.0,8121703917.0,17629598986.0,2301066593.0,5494064297.0,157508743.0,58973740584.0
2023-10-16,17598241116.0,7641606874.0,8212044920.0,17655069793.0,2305689121.0,5490902144.0,159419511.0,59062973479.0
2023-10-17,17992955026.0,7738321421.0,8586214044.0,18166804163.0,2341083241.0,5492064401.0,162060197.0,60479502493.0
2023-10-18,17800070510.0,7619868650.0,8558749722.0,17799849487.0,2284924390.0,5493699865.0,160759499.0,59717922123.0
2023-10-19,17541176042.0,7549287444.0,8517094152.0,17791297262.0,2270932838.0,5489467458.0,155343832.0,59314599028.0
2023-10-20,17702195736.0,7596895375.0,8632396822.0,17840331399.0,2193679935.0,5493565458.0,156734692.0,59615799417.0
2023-10-21,18100240703.0,7642659723.0,8904584990.0,18295389571.0,2280108091.0,5998462029.0,149849720.0,61371294827.0
2023-10-22,18445976950.0,7769373979.0,8989747616.0,18670312779.0,2314886367.0,6002233106.0,151475874.0,62344006671.0
2023-10-23,18854400689.0,7892675009.0,9005226045.0,18971148507.0,2330526842.0,6001497364.0,151804514.0,63207278970.0
2023-10-24,20049213571.0,8233904187.0,9892556634.0,20274262246.0,2418406110.0,6075666687.0,155770913.0,67099780348.0
2023-10-25,20005460628.0,8182088040.0,10139627327.0,20208463251.0,2441642615.0,6038710770.0,152723343.0,67168715974.0
2023-10-26,20244995969.0,8212314101.0,10318187170.0,20418844132.0,2471564471.0,6040534479.0,155394561.0,67861834883.0
2023-10-27,20247137611.0,8239765387.0,10224727268.0,20558601577.0,2470286356.0,6049081137.0,157051943.0,67946651279.0
2023-10-28,20013995759.0,8215068196.0,10147398600.0,20367255734.0,2447383780.0,6056204994.0,154960315.0,67402267378.0
2023-10-29,20457636293.0,8224503251.0,10205463076.0,20345525477.0,2463148234.0,6051289294.0,156745299.0,67904310924.0
2023-10-30,20659016197.0,8309197309.0,10331278678.0,20605979350.0,2434178594.0,6057866776.0,158815073.0,68556331977.0
2023-10-31,20965375824.0,8411025299.0,10369268652.0,21096368344.0,2532316977.0,5865711951.0,172723224.0,69412790271.0
2023-11-01,20870085182.0,8292242220.0,10381133377.0,21014793824.0,2475469746.0,5865824360.0,161221748.0,69060770457.0
2023-11-02,21184139215.0,8422101680.0,10503713373.0,21411591563.0,2569747520.0,5836354310.0,164002696.0,70091650357.0
2023-11-03,20781311444.0,8265528921.0,10456244210.0,21235540861.0,2537034783.0,5830578422.0,169861501.0,69276100142.0
2023-11-04,21181193314.0,8476520579.0,10430552698.0,21411986566.0,2608002837.0,5825442004.0,174002862.0,70107700860.0
2023-11-05,21588954439.0,8579551276.0,10547904636.0,21992193631.0,2631466186.0,5676496377.0,171952209.0,71188518754.0
2023-11-06,21522274020.0,8599147795.0,10561285103.0,22132218615.0,2625239016.0,5685017914.0,166359168.0,71291541631.0
2023-11-07,21602729791.0,8646586820.0,10517280897.0,22035694542.0,2638947451.0,5688258502.0,166703827.0,71296201830.0
2023-11-08,21612143804.0,8655172751.0,10697019377.0,22177238329.0,2610737585.0,5687346201.0,162930459.0,71602588506.0
2023-11-09,21801421889.0,8701369624.0,10929748484.0,22505946745.0,2628689899.0,5691712249.0,160991586.0,72419880476.0
2023-11-10,23030410862.0,9115505136.0,11193688188.0,24666496812.0,2777672074.0,5690694262.0,163531555.0,76637998889.0
2023-11-11,22932970206.0,9139374309.0,11289508254.0,24460650159.0,2830298018.0,5703275229.0,165001196.0,76521077371.0
2023-11-12,22754911830.0,9121701404.0,11290515194.0,24346737098.0,2821805433.0,5718035706.0,164861618.0,76218568283.0
2023-11-13,22792643417.0,9168429246.0,11262068412.0,24420194784.0,2830490316.0,5715895112.0,167106310.0,76356827597.0
2023-11-14,22463939850.0,8971103909.0,11073242248.0,24166226007.0,2795227326.0,5716106517.0,166987158.0,75352833015.0
2023-11-15,22100611109.0,8942609290.0,10912846902.0,23870755341.0,2774632476.0,5619132961.0,168388463.0,74388976542.0
2023-11-16,22948671185.0,9291895874.0,11467358124.0,24473893994.0,2893428837.0,5623180196.0,166258803.0,76864687013.0
2023-11-17,21944672936.0,9018551834.0,11068302902.0,23509357845.0,2788426329.0,5613449080.0,163941949.0,74106702875.0
2023-11-18,22036250261.0,9007206337.0,11119886819.0,23236647807.0,2785911663.0,5541565509.0,164266111.0,73891734507.0
2023-11-19,22299644866.0,8984061304.0,11120246947.0,23485314655.0,2780886312.0,5454446240.0,161316646.0,74285916970.0
2023-11-20,22818799181.0,9183280723.0,11358602294.0,24309088472.0,2824528658.0,5352704017.0,163780286.0,76010783631.0
2023-11-21,22883520916.0,9180029319.0,11349496549.0,24106787772.0,2811654420.0,5355851573.0,160456864.0,75847797413.0
2023-11-22,21877865992.0,8776624500.0,10972459360.0,23995405940.0,2699513379.0,5533305503.0,152375289.0,74007549963.0
2023-11-23,22831044936.0,9260871061.0,11377444569.0,24858689599.0,2863894060.0,5510278658.0,156309499.0,76858532382.0
2023-11-24,22889803659.0,9228120753.0,11382976861.0,25393567112.0,2858239099.0,5515996783.0,157690537.0,77426394804.0
2023-11-25,22954394613.0,9270746987.0,11433096866.0,25145911371.0,2878513520.0,5515767065.0,158002609.0,77356433031.0
2023-11-26,22996801658.0,9217546708.0,11456577768.0,25344365044.0,2681932479.0,5515928342.0,159782642.0,77372934641.0
2023-11-27,22836888116.0,9179970646.0,11316170639.0,24708315304.0,2852551127.0,5509484593.0,156944327.0,76560324752.0
2023-11-28,22545928917.0,9120376811.0,11251572076.0,24631368656.0,2807967129.0,5518463084.0,154849943.0,76030526616.0
2023-11-29,22816528948.0,9177127627.0,11419022980.0,25064712356.0,2834328249.0,5521617464.0,156089802.0,76989427426.0
2023-11-30,22700548008.0,9147359749.0,11407731246.0,24880170075.0,2802709088.0,5513368313.0,154112689.0,76605999168.0
2023-12-01,22842699725.0,9241343380.0,11511274891.0,25548481721.0,2817721564.0,5520460253.0,153080662.0,77635062196.0
2023-12-02,23091139961.0,9376831479.0,11686376576.0,25757104297.0,2889203709.0,5512636424.0,155436762.0,78468729208.0
2023-12-03,23797283536.0,9584374731.0,11918956823.0,26593330948.0,2961943822.0,5511273799.0,158608097.0,80525771756.0
2023-12-04,24175775609.0,9609676990.0,12235707584.0,27476048805.0,2963596451.0,5517251114.0,158377762.0,82136434315.0
2023-12-05,24545367306.0,9659233644.0,12585266775.0,27207219595.0,3025905888.0,5506687377.0,160114539.0,82689795124.0
2023-12-06,25251222979.0,9791406350.0,13242835521.0,28064883609.0,3063700425.0,5497192027.0,158912240.0,85070153151.0
2023-12-07,24775794990.0,9667147657.0,13054993997.0,27537590532.0,3028580066.0,5508234863.0,157536709.0,83729878814.0
2023-12-08,25577377044.0,9938138649.0,12865222643.0,29019633115.0,3116985651.0,5501926992.0,164395061.0,86183679155.0
2023-12-09,25857384852.0,10129354272.0,13226090839.0,29259816317.0,3148737468.0,5504543962.0,170834011.0,87296761721.0
2023-12-10,25592320839.0,10057900783.0,13100268743.0,29035725626.0,3154927663.0,5499524439.0,174024954.0,86614693047.0
2023-12-11,25254828086.0,9923772739.0,13003577546.0,28193199320.0,3187070754.0,5506384897.0,173031880.0,85241865222.0
2023-12-12,24432192609.0,9847326109.0,12515735155.0,27711233345.0,3032583400.0,5556874380.0,166704875.0,83262649873.0
2023-12-13,24268316207.0,9757480433.0,12451913369.0,27178644068.0,3013209575.0,5479888241.0,165571597.0,82315023490.0
2023-12-14,25018738449.0,9866078375.0,12901856458.0,28456168674.0,3028462506.0,5385318446.0,169307008.0,84825929916.0
2023-12-15,25657930155.0,9931002796.0,12915360469.0,28560490248.0,3057290144.0,5260282515.0,170826714.0,85553183041.0
2023-12-16,24778628652.0,9770984841.0,12657532153.0,28035961751.0,2954653439.0,5251359995.0,166960918.0,83616081749.0
2023-12-17,24959872354.0,9771807872.0,12674795079.0,27767401110.0,2973610312.0,5223087647.0,171072029.0,83541646403.0
2023-12-18,24725348941.0,9619715821.0,12387954602.0,26869623904.0,2928152500.0,5220235898.0,176967902.0,81927999568.0
2023-12-19,24992826367.0,9745416244.0,12787180907.0,28276757791.0,2867697420.0,5220166998.0,175255522.0,84065301249.0
2023-12-20,24769102066.0,9635262799.0,12704455331.0,27652036274.0,2819860529.0,5181169569.0,167482371.0,82929368939.0
2023-12-21,25077761386.0,10005917283.0,13145505450.0,28203053355.0,2888064421.0,5300557448.0,168597127.0,84789456470.0
2023-12-22,25404441215.0,9942450189.0,13212699542.0,29229474587.0,2929240896.0,5296512080.0,167864779.0,86182683288.0
2023-12-23,25870206144.0,10042809810.0,13268982753.0,29380782705.0,3001892347.0,5295573085.0,171146563.0,87031393407.0
2023-12-24,25907253161.0,10041624057.0,13275203736.0,29593709342.0,2969301760.0,5297688122.0,169652996.0,87254433174.0
2023-12-25,25536324060.0,9975569701.0,13072814528.0,29201279113.0,2947267525.0,5296888207.0,167628610.0,86197771744.0
2023-12-26,25468605491.0,9564224853.0,13128334837.0,28928040122.0,2946362648.0,5297131582.0,171227816.0,85503927349.0
2023-12-27,25321848935.0,9567168559.0,13025217409.0,28957162890.0,2894143993.0,5298332626.0,159931117.0,85223805529.0
2023-12-28,26142720374.0,9969544638.0,13319512965.0,30684374828.0,3011150579.0,5303735565.0,170909904.0,88601948853.0
2023-12-29,25822463000.0,9886562666.0,13107342148.0,30239840103.0,3001098085.0,5294987515.0,168311653.0,87520605170.0
2023-12-30,25402513308.0,9764709901.0,12948387924.0,29470203050.0,2920017883.0,5292193200.0,165749194.0,85963774460.0
2023-12-31,25442552633.0,9799319684.0,13050620280.0,29749863284.0,2900867214.0,5289594757.0,160507114.0,86393324966.0
2024-01-01,25347873989.0,9715649187.0,12961450555.0,29668732498.0,2850466235.0,5285315042.0,156789409.0,85986276915.0
2024-01-02,26727219182.0,9965941011.0,13663756222.0,31036392816.0,2891537556.0,5148857108.0,162199907.0,89595903802.0
2024-01-03,26565471781.0,9982911649.0,13681669056.0,30762451102.0,2930869207.0,5143071709.0,162080142.0,89228524646.0
2024-01-04,25279213479.0,9574904562.0,13111660607.0,28712864851.0,2758777495.0,5141195808.0,156896360.0,84735513162.0
2024-01-05,25874174365.0,9738895494.0,13444169239.0,29370148677.0,2820613098.0,5141714376.0,152416449.0,86542131698.0
2024-01-06,25845881345.0,9603060741.0,13349395527.0,29055871829.0,2780079986.0,5087834841.0,144083285.0,85866207554.0
2024-01-07,25657143564.0,9522969683.0,13339607102.0,28929223642.0,2733937997.0,5088308723.0,144229070.0,85415419781.0
2024-01-08,25385710800.0,9772965143.0,13366687199.0,28650599405.0,2678412946.0,5071470059.0,140008878.0,85065854430.0
2024-01-09,26554185738.0,9994821366.0,14192238487.0,29701305736.0,2741538875.0,5069988521.0,149647017.0,88403725740.0
2024-01-10,26492353084.0,10123539774.0,13988406335.0,31198747808.0,2734842766.0,5072850261.0,143907524.0,89754647552.0
2024-01-11,28192528815.0,10545927196.0,14260452891.0,34109155289.0,2894915013.0,5069807250.0,148367668.0,95221154122.0
2024-01-12,28315584826.0,10612483065.0,14160126569.0,33968894246.0,2933742684.0,4969294563.0,150042327.0,95110168280.0
2024-01-13,26945751376.0,10331561351.0,13183944100.0,32756302857.0,2842546579.0,4965084995.0,151285685.0,91176476943.0
2024-01-14,27301668338.0,10495428211.0,13228004682.0,33210773405.0,2880237271.0,4963855664.0,156149696.0,92236117267.0
2024-01-15,26787884863.0,10446814020.0,13017113358.0,32851500843.0,2841536076.0,4843824798.0,150025931.0,90938699889.0
2024-01-16,26916202148.0,10441984913.0,13131533789.0,33020588681.0,2831123746.0,4854834932.0,143581040.0,91339849249.0
2024-01-17,27216132409.0,10585759287.0,13251162478.0,33364493793.0,2878744962.0,4858068769.0,143566817.0,92297928515.0
2024-01-18,26842031719.0,10450631344.0,13172673334.0,33097117042.0,2858689739.0,4755490692.0,140759956.0,91317393826.0
2024-01-19,26348220577.0,10207496603.0,12792309079.0,32549380376.0,2797956457.0,4629167457.0,137378285.0,89461908834.0
2024-01-20,26484868166.0,10278446566.0,12861943110.0,32445015414.0,2850704928.0,4631810127.0,135114297.0,89687902608.0
2024-01-21,26482844026.0,10276243148.0,12902009276.0,32517242587.0,2837483068.0,4548838298.0,136157892.0,89700818295.0
2024-01-22,26347373465.0,10277781288.0,12755883594.0,31692862968.0,2883782496.0,4554326921.0,136889514.0,88648900246.0
2024-01-23,25032391614.0,10315747583.0,12173139964.0,29752727677.0,2770159127.0,4513139590.0,129832812.0,84687138367.0
2024-01-24,24824815767.0,10125926045.0,12311111890.0,29860800896.0,2710192186.0,4530761354.0,116464957.0,84480073095.0
2024-01-25,24846915225.0,10144472015.0,12392987559.0,29622142328.0,2734172714.0,4643929136.0,122843071.0,84507462048.0
2024-01-26,24832621992.0,10136144742.0,12449600612.0,29980758233.0,2750690162.0,4648458629.0,119336775.0,84917611145.0
2024-01-27,25372621866.0,10368972016.0,12882297891.0,30374804169.0,2839344652.0,4004715195.0,122292621.0,85965048410.0
2024-01-28,25552897877.0,10325590501.0,13017832518.0,30767559215.0,2868441199.0,3991759802.0,126847555.0,86650928667.0
2024-01-29,25446260065.0,10310105397.0,12962617298.0,30690623999.0,2854540215.0,3994051777.0,119916487.0,86378115238.0
2024-01-30,26007713990.0,10482635850.0,13329166641.0,31491342170.0,2922751362.0,4032355226.0,122294739.0,88388259978.0
2024-01-31,25987994682.0,10314402433.0,13150687120.0,31383114623.0,3044628134.0,3993265898.0,119355012.0,87993447902.0
2024-02-01,25458144963.0,10101361686.0,13032711781.0,31059606001.0,2995215313.0,3988496242.0,118089826.0,86753625812.0
2024-02-02,25831199312.0,10218671884.0,13255430698.0,31858354415.0,3079749050.0,3992663530.0,118795232.0,88354864121.0
2024-02-03,25971380132.0,10213544675.0,13299166504.0,32301058853.0,3157629963.0,3992124258.0,121483641.0,89056388026.0
2024-02-04,25906125307.0,10162438344.0,13263172494.0,32207668825.0,3177567781.0,3944616311.0,119137735.0,88780726797.0
2024-02-05,25818282923.0,10192890989.0,13213109920.0,32491424804.0,3170654822.0,3942842791.0,119431599.0,88948637848.0
2024-02-06,25933846758.0,10249394417.0,13179816617.0,32733545761.0,3214925995.0,3897180050.0,120336570.0,89329046168.0
2024-02-07,26438478709.0,10463095445.0,13201044087.0,33506802363.0,3280241274.0,3817144613.0,123473584.0,90830280075.0
2024-02-08,26885455743.0,10651838215.0,13646359110.0,34648052809.0,3405923348.0,3923791125.0,127010072.0,93288430422.0
2024-02-09,27014656292.0,10642802062.0,14292993599.0,35589270145.0,3440794946.0,3920484805.0,126981004.0,95027982853.0
2024-02-10,27730390101.0,10849681589.0,14640713889.0,36342137986.0,3574620980.0,3919703445.0,130305335.0,97187553325.0
2024-02-11,27995292230.0,10933239443.0,15009164103.0,36894449305.0,3587055047.0,3918789241.0,129237955.0,98467227324.0
2024-02-12,28080107211.0,10968780104.0,15179797150.0,36532963056.0,3623277072.0,3914701686.0,128493888.0,98428120167.0
2024-02-13,29194200034.0,11377068036.0,15767618769.0,39066171201.0,3741873174.0,4082755381.0,133545917.0,103363232512.0
2024-02-14,28910368553.0,11245043254.0,15916427586.0,39969141739.0,3738209777.0,4083138975.0,128731452.0,103991061336.0
2024-02-15,30081386557.0,11648035908.0,16618565810.0,41257887724.0,3874143896.0,4110824991.0,132472915.0,107723317801.0
2024-02-16,29928494991.0,11684417474.0,16763980639.0,41929399277.0,3928778008.0,4105171814.0,131755004.0,108471997207.0
2024-02-17,29712977829.0,11642160429.0,16832963725.0,41305400037.0,3916446287.0,4105496757.0,132655405.0,107648100469.0
2024-02-18,29784264495.0,11659746112.0,16794400417.0,41614089816.0,3891475292.0,4104513562.0,128907550.0,107977397244.0
2024-02-19,30413663701.0,11960065969.0,17050604188.0,43100069073.0,3992210612.0,4106043134.0,133079817.0,110755736494.0
2024-02-20,30809988075.0,12186094312.0,17102212242.0,43422504528.0,4114361659.0,4009451300.0,135890205.0,111780502321.0
2024-02-21,30932868067.0,12395137997.0,17150466961.0,43649695652.0,4158312754.0,4008288751.0,125800907.0,112420571089.0
2024-02-22,30590720430.0,12501950061.0,17170739114.0,44162073141.0,4089590063.0,3912324517.0,127067723.0,112554465049.0
2024-02-23,30466896094.0,12588207958.0,17060267309.0,44060665509.0,4128374452.0,3856858752.0,129703906.0,112290973980.0
2024-02-24,29910928670.0,12480720125.0,16986527104.0,44154647486.0,4117265165.0,4005013755.0,127956949.0,111783059254.0
2024-02-25,30451333242.0,12615184160.0,17269470120.0,44856394430.0,4190772314.0,4002732035.0,134289214.0,113520175515.0
2024-02-26,30977819426.0,12865168557.0,17552392698.0,45862400247.0,4300494787.0,4007991952.0,145194226.0,115711461893.0
2024-02-27,32015071527.0,13122229943.0,18498253060.0,48373751450.0,4423601999.0,3959467468.0,150697276.0,120543072723.0
2024-02-28,32724878343.0,13233236231.0,19268163518.0,49542350416.0,4509761293.0,3954665586.0,151018234.0,123384073621.0
2024-02-29,34416380224.0,13595444567.0,21004829873.0,51909780308.0,4670817670.0,3947288999.0,149541844.0,129694083485.0
2024-03-01,34012423225.0,13466186487.0,20658278149.0,51404117659.0,4724914914.0,3943269219.0,169641091.0,128378830744.0
2024-03-02,34822452110.0,13938747632.0,21286272495.0,51935448978.0,4902020685.0,3943680895.0,175455917.0,131004078712.0
2024-03-03,34579675307.0,14037014460.0,21240477312.0,51875433140.0,4936636221.0,3941990252.0,174288255.0,130785514947.0
2024-03-04,35296249281.0,14221351139.0,21616527918.0,53260431754.0,5475800255.0,3950897832.0,173540253.0,133994798432.0
2024-03-05,36928010059.0,14434491222.0,23201892945.0,56090122802.0,5602660763.0,3793263368.0,163880163.0,140214321322.0
2024-03-06,35866325419.0,14058249376.0,21891718113.0,56940671172.0,5503363574.0,3518598189.0,159127061.0,137938052904.0
2024-03-07,38128389388.0,14729178731.0,22838621862.0,57988261592.0,5833671629.0,3409818273.0,183502080.0,143111443555.0
2024-03-08,38328918643.0,14963919774.0,23214517447.0,59668273084.0,5899156203.0,3137805772.0,189139569.0,145401730492.0
2024-03-09,39124913146.0,15099747882.0,23670133352.0,59763479743.0,5959086999.0,2962017063.0,183785613.0,146763163798.0
2024-03-10,39224409960.0,15269074423.0,23914234132.0,60193802325.0,6000160023.0,2958504861.0,184325133.0,147744510857.0
2024-03-11,39253023954.0,15262399590.0,23919665171.0,60902121165.0,5978999629.0,2955890531.0,180773971.0,148452874011.0
2024-03-12,40999941420.0,15822737020.0,25028745814.0,61813538569.0,6215939496.0,2961158554.0,247962177.0,153090023050.0
2024-03-13,40109767468.0,15653560182.0,24803850023.0,62195355308.0,6144031202.0,2925847082.0,215642879.0,152048054144.0
2024-03-14,40391662476.0,15968938574.0,25241991832.0,62185494382.0,6258637564.0,3327009902.0,222665091.0,153596399821.0
2024-03-15,39505289434.0,15703490798.0,24762272253.0,61478629074.0,6099821690.0,3312761690.0,213038442.0,151075303381.0
2024-03-16,38591276536.0,15416700807.0,24066175983.0,59814971819.0,5903736147.0,3250899822.0,201458212.0,147245219326.0
2024-03-17,36448713339.0,14667193622.0,22707679393.0,56449410884.0,5595211228.0,3247570098.0,186932216.0,139302710780.0
2024-03-18,37846563938.0,15040478283.0,23808804481.0,58003586920.0,5718518388.0,3251551738.0,199608291.0,143869112039.0
2024-03-19,36808401470.0,14556299755.0,23591977803.0,56235600877.0,5656535914.0,3614809675.0,195293519.0,140658919013.0
2024-03-20,33508405813.0,13915144455.0,21752948952.0,50997746073.0,5227227232.0,3611794832.0,173092555.0,129186359912.0
2024-03-21,36690875018.0,15128987010.0,23786291811.0,56372972052.0,5767404164.0,3601797932.0,193328692.0,141541656679.0
2024-03-22,35781596773.0,14847333455.0,23186072117.0,55932049704.0,5831011492.0,3601870354.0,189744115.0,139369678010.0
2024-03-23,34598259865.0,14459803522.0,22656353663.0,53475170326.0,5683045064.0,3918584713.0,186113150.0,134977330303.0
2024-03-24,35005977005.0,14857703244.0,22931824611.0,53909978014.0,5791597585.0,3914538219.0,187301277.0,136598919955.0
2024-03-25,36179761396.0,15395938841.0,23963021460.0,55548482355.0,6026535125.0,3907674859.0,185208418.0,141206622454.0
2024-03-26,37714215584.0,15903926224.0,25026309648.0,58072926998.0,6357265380.0,3901721169.0,195930653.0,147172295656.0
2024-03-27,37639449837.0,15957549235.0,25073582924.0,58019939940.0,6515446232.0,3961896551.0,201645980.0,147369510699.0
2024-03-28,36777982016.0,15794316793.0,24854771968.0,56813101415.0,6539433869.0,3985257160.0,197303457.0,144962166678.0
2024-03-29,37552705380.0,15968462195.0,25422225990.0,57972604675.0,6783137285.0,3990045742.0,195720527.0,147884901794.0
2024-03-30,37152561387.0,16027951432.0,25122381794.0,57466579758.0,6936188797.0,3995546871.0,194475562.0,146895685601.0
2024-03-31,37003776487.0,16060217952.0,24993944089.0,57616433016.0,7081797880.0,3990929698.0,185794717.0,146932893839.0
2024-04-01,38021672355.0,16241816320.0,25470883244.0,59673122064.0,7389586842.0,3994861819.0,187962214.0,150979904858.0
2024-04-02,37066494919.0,15845386323.0,24888503675.0,57344127832.0,7286809998.0,3996331275.0,183720682.0,146611374704.0
2024-04-03,34908707426.0,15533390022.0,23503785934.0,53842462964.0,7706803309.0,4006941539.0,165648885.0,139667740079.0
2024-04-04,35129831502.0,15613751732.0,23645242020.0,54548855054.0,8154950687.0,3997870220.0,163149865.0,141253651080.0
2024-04-05,35492235909.0,15640565298.0,24249937254.0,54482612224.0,8294442869.0,3626413943.0,169276228.0,141955483725.0
2024-04-06,35430033939.0,15612879827.0,24047927359.0,54671464696.0,8467379407.0,3665837677.0,166050581.0,142061573486.0
2024-04-07,35983100105.0,15525283736.0,24490654151.0,55303228536.0,8660654311.0,3669830908.0,171520789.0,143804272536.0
2024-04-08,36260683018.0,15700865323.0,24712376985.0,56252728204.0,8792919790.0,3671737308.0,170893246.0,145562203874.0
2024-04-09,37851498753.0,16460875915.0,25546600458.0,60589090723.0,9544443332.0,3666728445.0,181268135.0,153840505761.0
2024-04-10,36403329597.0,15945369974.0,24305616827.0,57917932570.0,9368385775.0,3692953823.0,166400599.0,147799989165.0
2024-04-11,37014201216.0,16025778890.0,25021143639.0,57912243336.0,9528337127.0,3706836164.0,165536557.0,149374076929.0
2024-04-12,36678998866.0,16877337298.0,24867845822.0,57885673785.0,9760036494.0,3709651473.0,162529782.0,149942073520.0
2024-04-13,34303195351.0,14777990050.0,23611682478.0,53145573831.0,9124770277.0,3715928943.0,136910674.0,138816051604.0
2024-04-14,31689851035.0,13505180705.0,22139619194.0,48320173517.0,8459503772.0,3728081184.0,118992694.0,127961402101.0
2024-04-15,33335362829.0,14462324027.0,23066090200.0,50994433111.0,8995969427.0,3716002949.0,128951145.0,134699133688.0
2024-04-16,32780855772.0,14262548592.0,22324880403.0,51009403722.0,8959845490.0,3731776637.0,124377737.0,133193688353.0
2024-04-17,32495716182.0,14092834075.0,22481503341.0,50805244493.0,9051679875.0,3239815369.0,125595357.0,132292388692.0
2024-04-18,31703574005.0,13902225682.0,21700759896.0,49443856051.0,8894691719.0,3240107320.0,123775756.0,129008990429.0
2024-04-19,32465412161.0,14187372421.0,22197005724.0,50683305933.0,9196220033.0,3237551048.0,128151907.0,132095019227.0
2024-04-20,32661730952.0,14359613407.0,22529006675.0,51087874627.0,9360328780.0,3449134579.0,128032304.0,133575721324.0
2024-04-21,33413766518.0,14740381583.0,22932407030.0,52281049266.0,9572922469.0,3444349277.0,137431399.0,136522307542.0
2024-04-22,33416668702.0,14802765757.0,22966553295.0,52396551504.0,9654217743.0,3443584193.0,135263584.0,136815604778.0
2024-04-23,34212618697.0,15068512848.0,23418517445.0,53503333007.0,9949374534.0,3456962642.0,140751030.0,139750070203.0
2024-04-24,34270490352.0,15051098529.0,23264043397.0,53624236913.0,10025804143.0,3453192187.0,131875153.0,139820740674.0
2024-04-25,33257536238.0,14645604728.0,22503084520.0,52329819087.0,9901434039.0,3450053177.0,130219405.0,136217751194.0
2024-04-26,33454030425.0,14789453550.0,22582455171.0,52833623267.0,9872874001.0,3453908201.0,129901872.0,137116246487.0
2024-04-27,33103046455.0,14567693765.0,21893247013.0,52257135289.0,10063635818.0,3433976451.0,127211665.0,135445946456.0
2024-04-28,33548366463.0,14716657225.0,21541790272.0,53910685706.0,10337220506.0,3440468006.0,128312176.0,137623500354.0
2024-04-29,33973223570.0,14922973585.0,21454363051.0,54780349174.0,10575488007.0,3438021026.0,129355549.0,139273773962.0
2024-04-30,33275135214.0,14576471278.0,21419317883.0,53299807333.0,10320128098.0,3447709682.0,124427740.0,136462997228.0
2024-05-01,31709718616.0,13960542816.0,20338327617.0,49927574615.0,9789429388.0,3490078463.0,123411846.0,129339083361.0
2024-05-02,31167104386.0,13824666668.0,19720906506.0,49731236640.0,9818875871.0,3497967908.0,122002642.0,127882760621.0
2024-05-03,31526803668.0,14061627279.0,20130498214.0,50323831257.0,10250871574.0,3655282248.0,125877923.0,130074792163.0
2024-05-04,33056655833.0,14572323942.0,21216309733.0,52334009779.0,10737784088.0,3712249766.0,129572589.0,135758905730.0
2024-05-05,33487277757.0,14617019505.0,21496064245.0,52504083042.0,11202604661.0,3703988453.0,129487794.0,137140525457.0
2024-05-06,33607861219.0,14644446988.0,21549219821.0,52852952869.0,11283042046.0,3707778599.0,129740005.0,137775041547.0
2024-05-07,33118556489.0,14564110903.0,21316959276.0,52353744097.0,11488424970.0,3756581365.0,127493730.0,136725870830.0
2024-05-08,32757697550.0,14432921555.0,21022042837.0,51711161023.0,11586472400.0,3807198357.0,125567729.0,135443061451.0
2024-05-09,32008523791.0,14214594077.0,20594056485.0,50362885607.0,11470655239.0,3958769680.0,126576943.0,132736061822.0
2024-05-10,32600770410.0,14507590876.0,21159049375.0,51459636391.0,11749138154.0,4008577754.0,136666916.0,135621429876.0
2024-05-11,31621003490.0,14396548223.0,20491038489.0,49544576786.0,11364900594.0,4004281957.0,129691850.0,131552041389.0
2024-05-12,31860378813.0,14475293973.0,20527329378.0,49765152999.0,11414194076.0,3989617625.0,130634752.0,132162601616.0
2024-05-13,31883137381.0,14428008945.0,21576900372.0,49893100855.0,11442663459.0,3986895851.0,131842762.0,133342549625.0
2024-05-14,32070388112.0,14405817418.0,22013218484.0,50506711407.0,11531118066.0,4005258314.0,129581096.0,134662092897.0
2024-05-15,31474830372.0,14084360403.0,21500360492.0,49420975205.0,11341103307.0,4054038920.0,125563596.0,132001232295.0
2024-05-16,33105244283.0,14718448350.0,22997142493.0,51895174673.0,11840060262.0,4058458925.0,134224915.0,138748753901.0
2024-05-17,32714320214.0,14515907034.0,23538015774.0,50735574458.0,11603807908.0,4050737765.0,134156921.0,137292520074.0
2024-05-18,33946065219.0,15015644663.0,24174638499.0,53436584510.0,12176657070.0,4062573817.0,141140817.0,142953304595.0
2024-05-19,34208845902.0,15068886492.0,24211120639.0,53876349460.0,12327058145.0,4070292787.0,140397058.0,143902950483.0
2024-05-20,33884698530.0,14904975970.0,23990702978.0,53098946896.0,12188275244.0,4063880153.0,135196857.0,142266676628.0
2024-05-21,37482871051.0,16172117626.0,25469490744.0,62211541491.0,13856923710.0,4099318902.0,151195126.0,159443458650.0
2024-05-22,38066950564.0,16329803269.0,25381415277.0,64143774365.0,14374589386.0,4090234980.0,150950870.0,162537718711.0
2024-05-23,38342369300.0,16262082872.0,25154590556.0,63834604747.0,14308177161.0,3819383017.0,149289953.0,161870497606.0
2024-05-24,38380565928.0,16192170349.0,24673135662.0,64459894681.0,14500560881.0,3818431558.0,146412542.0,162171171601.0
2024-05-25,38178948773.0,16121358809.0,24901113523.0,63221438543.0,14359989317.0,3844347524.0,145972931.0,160773169420.0
2024-05-26,38340703434.0,16160553084.0,25082297856.0,63364383509.0,14393011175.0,3848351309.0,149266162.0,161338566529.0
2024-05-27,38849313821.0,16172888652.0,24878618910.0,64852567386.0,14726789397.0,3847671518.0,148360762.0,163476210446.0
2024-05-28,39357410716.0,16392653124.0,25270650821.0,65850189843.0,14913054331.0,3849250586.0,150879101.0,165784088522.0
2024-05-29,38780860662.0,16263122872.0,24937308692.0,66043265640.0,14835009870.0,3858480753.0,147892898.0,164865941387.0
2024-05-30,38303338620.0,16044514339.0,24077565750.0,65127366105.0,14657444542.0,3693836516.0,143494218.0,162047560090.0
2024-05-31,38251786849.0,15956638215.0,24341522836.0,64776252755.0,14623262277.0,3692697016.0,142034993.0,161784194941.0
2024-06-01,38270195049.0,15846216794.0,24108066015.0,65335686791.0,14759843494.0,3685449947.0,141867802.0,162147325892.0
2024-06-02,38502097279.0,15932105575.0,24194629565.0,65903425066.0,14883568155.0,3688038639.0,142579505.0,163246443784.0
2024-06-03,38261695314.0,15833670477.0,24198198663.0,65417671207.0,14768232115.0,3687811096.0,138415344.0,162305694216.0
2024-06-04,38178307748.0,15916916645.0,24351994697.0,65427427527.0,14891315127.0,3715440149.0,139942840.0,162621344733.0
2024-06-05,38860612523.0,16210300884.0,25015566495.0,66622242226.0,15160266547.0,3771198278.0,142196872.0,165782383825.0
2024-06-06,39278165583.0,16326074983.0,25216184928.0,67310395082.0,15306170365.0,3601671676.0,144594706.0,167183257323.0
2024-06-07,39004044363.0,16203476673.0,25100965625.0,66553828219.0,15400434054.0,3618928927.0,142062818.0,166023740679.0
2024-06-08,38071935192.0,15758519105.0,24601516342.0,64597667982.0,15056834077.0,3656659937.0,136198083.0,161879330718.0
2024-06-09,37986378531.0,15627636895.0,24535855003.0,64122927367.0,14995594170.0,3658019026.0,133157763.0,161059568755.0
2024-06-10,38192014267.0,15790114749.0,24748233788.0,65138683218.0,15175924359.0,3657924071.0,139893874.0,162842788326.0
2024-06-11,38001803964.0,15466183339.0,24556716669.0,64385505497.0,15074662606.0,3668820124.0,137469371.0,161291161570.0
2024-06-12,36499712372.0,15045916530.0,23802686159.0,61411727816.0,14495655166.0,3670295443.0,129977433.0,155055970919.0
2024-06-13,37345342699.0,15316535241.0,24155183415.0,62645297979.0,14730704930.0,3611623730.0,133672315.0,157938360309.0
2024-06-14,36336716946.0,15015610947.0,23716507187.0,61132491957.0,14387677526.0,3590985985.0,126292656.0,154306283204.0
2024-06-15,36130203137.0,14944389550.0,23428739397.0,61073619105.0,14347119186.0,3588620220.0,122964068.0,153635654663.0
2024-06-16,36643594924.0,15071657915.0,23582173409.0,62541184312.0,14621296441.0,3590282536.0,125383328.0,156175572865.0
2024-06-17,37019767604.0,15235259730.0,23746161098.0,63198887144.0,14791463881.0,3587028482.0,125474651.0,157704042590.0
2024-06-18,36402937081.0,14778026616.0,23458871702.0,61863140901.0,14603988826.0,3579949545.0,119168546.0,154806083217.0
2024-06-19,36033898784.0,14440214808.0,22936857277.0,60942398090.0,14310229706.0,3446062709.0,111492358.0,152221153732.0
2024-06-20,36417151836.0,14687434565.0,22969943802.0,62280406177.0,14409564602.0,3445611751.0,113448954.0,154323561687.0
2024-06-21,36137641313.0,14600021507.0,22899386120.0,61906169923.0,14262330737.0,3451540600.0,114325713.0,153371415913.0
2024-06-22,36257488694.0,14469385034.0,22641894388.0,61995295957.0,14243558588.0,3195011354.0,111725149.0,152914359164.0
2024-06-23,36222452906.0,14473163403.0,22692210517.0,61757755774.0,14167045243.0,3196433649.0,110665896.0,152619727388.0
2024-06-24,35686847112.0,14324163529.0,22572731363.0,60474493924.0,13914501554.0,3195865106.0,109077211.0,150277679799.0
2024-06-25,34456893647.0,14210259391.0,21454017869.0,59167657586.0,13532823652.0,3200175715.0,103761272.0,146125589132.0
2024-06-26,35168759661.0,14475439980.0,22032446967.0,60393301423.0,13754884056.0,3191923097.0,110117225.0,149126872409.0
2024-06-27,35142536749.0,14367479533.0,21808620205.0,60089931470.0,13547320842.0,3198932788.0,107589093.0,148262410680.0
2024-06-28,35558221135.0,14593580072.0,22042993201.0,61420944444.0,11134691431.0,3197718719.0,110319023.0,148058468025.0
2024-06-29,34944535809.0,14354171115.0,21426990722.0,60022193098.0,10447792085.0,3200674937.0,106864419.0,144503222185.0
2024-06-30,35120861038.0,14423240098.0,21612470601.0,59929516133.0,10410772441.0,3200830217.0,105376427.0,144803066955.0
2024-07-01,35740976856.0,14606773072.0,21975106302.0,60612558937.0,10550234190.0,3221935564.0,107300374.0,146814885295.0
2024-07-02,35920448200.0,14635722488.0,22507261529.0,61277177664.0,10597826691.0,3190354222.0,107967342.0,148236758136.0
2024-07-03,35640003689.0,14536180585.0,22333726687.0,60605856197.0,10514258842.0,3198102927.0,107623338.0,146935752265.0
2024-07-04,34602153411.0,13974452118.0,21662700545.0,58398320388.0,10098088810.0,3209270138.0,103389534.0,142048374944.0
2024-07-05,33179993796.0,13418343405.0,20872601487.0,55664863251.0,9714193412.0,3211119211.0,94970418.0,136156084980.0
2024-07-06,32306961017.0,12969988788.0,20282195721.0,53064102132.0,9205658186.0,3703576823.0,89023746.0,131621506413.0
2024-07-07,33262239107.0,13338248869.0,20820347739.0,54507240157.0,9452064183.0,3703989581.0,94338165.0,135178467801.0
2024-07-08,32022074030.0,12938103073.0,20152089994.0,52435794840.0,9212601151.0,3979359886.0,85837570.0,130825860544.0
2024-07-09,32564061496.0,13176333470.0,20678349937.0,53654357625.0,9234504840.0,5017992348.0,91633995.0,134417233711.0
2024-07-10,33029639142.0,13321164699.0,20963974510.0,54229924081.0,9200881753.0,5016554277.0,94796263.0,135856934725.0
2024-07-11,33244460721.0,13402545213.0,20951365145.0,54854760343.0,9189835543.0,5027050824.0,95784535.0,136765802324.0
2024-07-12,33289061511.0,13420114930.0,20789533355.0,54924467196.0,9192464824.0,5086605464.0,95939963.0,136798187243.0
2024-07-13,33514414637.0,13486402516.0,21002514800.0,55005309836.0,9207571674.0,5091661243.0,96684671.0,137404559377.0
2024-07-14,34062963824.0,13663598630.0,21342184438.0,55735823518.0,9304811706.0,5091669274.0,97592152.0,139298643542.0
2024-07-15,34997652696.0,13955589122.0,22010329005.0,57456057784.0,9531948848.0,5106306513.0,101054612.0,143158938580.0
2024-07-16,36702034858.0,14664148193.0,23279519728.0,60508535487.0,9915085755.0,5215007756.0,104994835.0,150389326612.0
2024-07-17,36916072124.0,15064631501.0,23483237995.0,60710536559.0,10012016316.0,5215638131.0,126438245.0,151528570871.0
2024-07-18,36679744594.0,14667620654.0,23356779636.0,60221222575.0,9976272612.0,5225371243.0,130706664.0,150257717978.0
2024-07-19,36683414771.0,14803995628.0,23333522632.0,60413712055.0,9915284562.0,5221965311.0,128725974.0,150500620933.0
2024-07-20,37797882842.0,15142710902.0,24196933280.0,62149171024.0,10222940438.0,5227944004.0,133783092.0,154871365582.0
2024-07-21,37955261536.0,15425506556.0,24490293149.0,62355909030.0,10993299732.0,5237312591.0,132856764.0,156590439358.0
2024-07-22,38314314749.0,15430754851.0,24798870111.0,62880034390.0,10992312406.0,5250985477.0,131643048.0,157798915032.0
2024-07-23,37537134304.0,15164108395.0,24604356175.0,61588373347.0,10821766713.0,5232015315.0,129560316.0,155077314565.0
2024-07-24,37513673128.0,15073770377.0,24028075154.0,61912874272.0,10855340994.0,5241929234.0,126547153.0,154752210312.0
2024-07-25,36631475589.0,14800592928.0,23829457679.0,59835733681.0,10550372870.0,5213720224.0,122919871.0,150984272842.0
2024-07-26,35648888004.0,14402934553.0,24548809351.0,57050140823.0,9599983724.0,5199491042.0,119035888.0,146569283385.0
2024-07-27,36748986204.0,14946249221.0,25304537233.0,58972898405.0,9853361594.0,5159508523.0,123064419.0,151108605599.0
2024-07-28,36916460568.0,15057091519.0,25476066961.0,59076787173.0,9858692384.0,5173001997.0,124718865.0,151682819467.0
2024-07-29,36696652079.0,14927335682.0,25367612762.0,58802215045.0,9832796486.0,5189612081.0,121931477.0,150938155612.0
2024-07-30,37222467004.0,15118887523.0,25243232536.0,60187752384.0,10004438436.0,5062900561.0,121339884.0,152961018328.0
2024-07-31,36676229792.0,14840553188.0,24777253361.0,59094860091.0,9917902384.0,5092457475.0,116488774.0,150515745065.0
2024-08-01,36182605583.0,14634990455.0,24293503885.0,57935257499.0,9771867422.0,5126567553.0,110597289.0,148055389686.0
2024-08-02,35724759411.0,14428980625.0,24336489512.0,57102498547.0,9590058984.0,5147233566.0,111223977.0,146441244622.0
2024-08-03,34092795895.0,13677001694.0,23095495061.0,53915165358.0,9200293191.0,5152591459.0,106215844.0,139239558502.0
2024-08-04,33101617445.0,13356584985.0,22773970090.0,52097774067.0,8895707479.0,5157729301.0,101300225.0,135484683592.0
2024-08-05,31782956643.0,12853652617.0,22258623172.0,48922001347.0,8466713150.0,5158307618.0,97557940.0,129539812487.0
2024-08-06,29440055594.0,11799221832.0,20428559025.0,44042925240.0,7510292459.0,5111369646.0,90660227.0,118423084023.0
2024-08-07,30506801614.0,12179204863.0,21303770405.0,45143622777.0,7699873800.0,5092919313.0,95419034.0,122021611806.0
2024-08-08,29620354677.0,11829242698.0,20842320678.0,42865828210.0,7398217336.0,5096756562.0,92868644.0,117745588805.0
2024-08-09,32173599234.0,12609394721.0,23183105066.0,46970147515.0,7993574797.0,5152607426.0,100422753.0,128182851512.0
2024-08-10,32352080859.0,12680506253.0,22900693782.0,47131382381.0,8000514857.0,5158065659.0,100351607.0,128323595398.0
2024-08-11,32540008546.0,12702049747.0,23170404257.0,47311345742.0,8030287410.0,5163154457.0,100802045.0,129018052204.0
2024-08-12,31829774646.0,12424927470.0,22228432963.0,46576893805.0,7915663946.0,5163994953.0,98067252.0,126237755035.0
2024-08-13,32745790005.0,12719321937.0,22341501086.0,48638324654.0,8224691436.0,5234577597.0,101257715.0,130005464430.0
2024-08-14,33247847865.0,12913831558.0,22892955463.0,49293326226.0,8346336650.0,5234063750.0,102302244.0,132030663756.0
2024-08-15,32467398162.0,12719272767.0,22479817652.0,48058341254.0,8241440566.0,5227244873.0,98234886.0,129291750160.0
2024-08-16,31721485392.0,12417253412.0,21818175390.0,47141402425.0,7937789672.0,5230445781.0,98126171.0,126364678243.0
2024-08-17,32322450221.0,12499263681.0,22306960233.0,47743659817.0,8089497029.0,5244932980.0,99191394.0,128305955355.0
2024-08-18,32319503980.0,12588743074.0,22359074001.0,47863971817.0,8129344442.0,5247141043.0,98428811.0,128606207168.0
2024-08-19,32495662683.0,12715292863.0,22703445405.0,48608455083.0,8217404494.0,5250674820.0,98981050.0,130089916398.0
2024-08-20,32477678695.0,12741816768.0,22183140850.0,48114610171.0,8056641372.0,5250208828.0,100207484.0,128924304168.0
2024-08-21,32634509710.0,12876390546.0,22366139691.0,47645124498.0,8013928319.0,5262163976.0,100704110.0,128898960850.0
2024-08-22,33380551767.0,13029281325.0,27114168212.0,48821763571.0,8139598390.0,5269670343.0,101994882.0,135857028490.0
2024-08-23,33247296375.0,13051612935.0,26886942119.0,48544897504.0,8068519293.0,5272466227.0,103499882.0,135175234335.0
2024-08-24,34950338393.0,13633098298.0,28784428407.0,51522713638.0,8360538104.0,5327446012.0,108345375.0,142686908227.0
2024-08-25,35099936328.0,13498481004.0,28723577935.0,51015918691.0,8316284223.0,5322802424.0,107517038.0,142084517643.0
2024-08-26,35131513616.0,13548028549.0,29064993806.0,51606585369.0,8358374071.0,5330096020.0,108018773.0,143147610204.0
2024-08-27,34265793726.0,13278372452.0,28589629732.0,50120529860.0,8191922937.0,5336260527.0,103286438.0,139885795672.0
2024-08-28,32388617395.0,12555694310.0,26638842737.0,45805448940.0,7733685903.0,5386576254.0,97479731.0,130606345270.0
2024-08-29,32370650942.0,12681884522.0,26623004345.0,47063520308.0,7700153556.0,5402501156.0,97447323.0,131939162152.0
2024-08-30,32426870416.0,12638152230.0,26576241102.0,46860417077.0,7582182240.0,5414023861.0,97647987.0,131595534913.0
2024-08-31,32311423290.0,12680596161.0,26586764019.0,47019774075.0,7574392465.0,5413527479.0,98647739.0,131685125228.0
2024-09-01,32287704277.0,12599375752.0,26733038886.0,46811033717.0,7572882162.0,5413261299.0,96689840.0,131513985933.0
2024-09-02,31571705668.0,12411030475.0,26177876313.0,45236652398.0,7441816829.0,5414366045.0,93987946.0,128347435674.0
2024-09-03,32498539139.0,12659938037.0,26778524100.0,47249596567.0,7595284997.0,5442187647.0,95885994.0,132319956481.0
2024-09-04,31846546429.0,12329427794.0,26352116428.0,45649328219.0,7373929988.0,5453542419.0,92218154.0,129097109431.0
2024-09-05,32276573183.0,12358332212.0,26486171403.0,46021257841.0,7458305182.0,5160107785.0,93835462.0,129854583068.0
2024-09-06,31847587517.0,12084139841.0,25602027419.0,44390340398.0,7245225058.0,4742450715.0,89871683.0,126001642631.0
2024-09-07,30380808740.0,11619458219.0,24597392437.0,41658878477.0,6857181461.0,4695640665.0,86420027.0,119895780026.0
2024-09-08,30893833589.0,11820198321.0,24731296619.0,42585592969.0,6950721789.0,4646002282.0,88348445.0,121715994014.0
2024-09-09,31124216505.0,12013552835.0,25223207523.0,43408875537.0,7032060382.0,4655060967.0,89898139.0,123546871888.0
2024-09-10,32187811469.0,12342099098.0,26299835588.0,44581123282.0,7169404169.0,4644919789.0,98280762.0,127323474157.0
2024-09-11,32452875845.0,12450868509.0,26307375729.0,44816301576.0,7214369173.0,4662337668.0,97875294.0,128002003794.0
2024-09-12,32231057151.0,12385342191.0,26339564462.0,44139698379.0,7145856584.0,4660888843.0,95358873.0,126997766483.0
2024-09-13,32639416276.0,12515127593.0,26588700150.0,44461572040.0,7180786556.0,4584729404.0,95221383.0,128065553402.0
2024-09-14,33767201153.0,12872712461.0,28237011470.0,46347723189.0,7358178703.0,4601046935.0,97212101.0,133281086012.0
2024-09-15,33582747562.0,12688081229.0,28102683386.0,45791364590.0,7268648942.0,4585539744.0,94119387.0,132113184840.0
2024-09-16,32909697088.0,12504833927.0,27802929531.0,44469058440.0,7185831428.0,4597846922.0,93946555.0,129564143891.0
2024-09-17,32242537926.0,12242645999.0,27033295791.0,43449733245.0,7031959604.0,4653102985.0,92645797.0,126745921347.0
2024-09-18,33093790280.0,12392081062.0,28001226964.0,44404107723.0,7170507658.0,4656815402.0,94350076.0,129812879165.0
2024-09-19,33194859818.0,12366815860.0,28214866850.0,44436526767.0,7148723186.0,4672812377.0,95222777.0,130129827635.0
2024-09-20,34226046771.0,12869023084.0,28260420107.0,46619409356.0,7371043253.0,4740654705.0,101766071.0,134188363347.0
2024-09-21,35132113713.0,13134489805.0,27910082546.0,48247971343.0,7577662739.0,4672415610.0,104555679.0,136779291435.0
2024-09-22,35382876332.0,13249963488.0,27982976980.0,48570344048.0,7622985659.0,4677900695.0,104604318.0,137591651520.0
2024-09-23,35181550742.0,13043050298.0,27840552992.0,48000778991.0,7561292783.0,4684121139.0,103127611.0,136414474556.0
2024-09-24,35602964251.0,13480651486.0,27699629703.0,49908357504.0,7773740987.0,4749161366.0,108478108.0,139322983405.0
2024-09-25,35870730726.0,13621363187.0,28161210838.0,50337610117.0,7722593490.0,4811407766.0,110637066.0,140635553190.0
2024-09-26,35163996764.0,13461527231.0,27816486311.0,49270819026.0,7523324724.0,4818256499.0,124254216.0,138178664771.0
2024-09-27,36182389410.0,13817211067.0,28684619022.0,50796430506.0,7136951432.0,4796277253.0,122660022.0,141536538712.0
2024-09-28,36582926573.0,14025705523.0,29154314260.0,51672508612.0,7137752088.0,4850920016.0,126440693.0,143550567765.0
2024-09-29,36325373421.0,13996396464.0,28064794793.0,51145155502.0,7082855583.0,4858842693.0,127244138.0,141600662594.0
2024-09-30,36303091933.0,14028709234.0,28123075278.0,50985698510.0,7032233310.0,4860554925.0,127934084.0,141461297274.0
2024-10-01,35520691973.0,13787477799.0,27299958109.0,50126136843.0,6962074363.0,4903010210.0,121948436.0,138721297733.0
2024-10-02,34383407051.0,13413595648.0,26127904129.0,47481566735.0,6650140273.0,5001655950.0,125410835.0,133183680621.0
2024-10-03,33655597395.0,12978305176.0,25017553872.0,45614338924.0,6503041702.0,5045792023.0,127033204.0,128941662296.0
2024-10-04,33794934895.0,12865223477.0,24870743641.0,45211201627.0,6503700038.0,5129869250.0,121058368.0,128496731296.0
2024-10-05,34541335095.0,13519403169.0,25646952236.0,46690719315.0,6689228509.0,5191590880.0,124253460.0,132403482664.0
2024-10-06,34359265750.0,13592101691.0,25422795446.0,46496549829.0,6681639321.0,5196519268.0,132810254.0,131881681559.0
2024-10-07,33882067980.0,13542509123.0,24640665415.0,46903765620.0,6709951066.0,5192522108.0,135504101.0,131006985413.0
2024-10-08,33823236402.0,13732474358.0,24683499653.0,47154806283.0,6758817825.0,5227549500.0,134751864.0,131515135885.0
2024-10-09,33632959176.0,13598462431.0,24006185221.0,47047681734.0,6135646805.0,5286245199.0,126751982.0,129833932548.0
2024-10-10,32827851127.0,13366906558.0,23425746556.0,45600458105.0,6585287968.0,5333613291.0,128915191.0,127268778796.0
2024-10-11,32670108388.0,13492896646.0,23191819544.0,45674292129.0,6593703015.0,5412461620.0,136916963.0,127172198305.0
2024-10-12,33745919754.0,13942522894.0,24327746801.0,47197458787.0,6785025047.0,5460903089.0,134789960.0,131594366332.0
2024-10-13,34291760143.0,14029823589.0,24522067414.0,47801629610.0,6857932458.0,5459795723.0,138269803.0,133101278740.0
2024-10-14,34190768880.0,14183541716.0,24360193707.0,47661773418.0,6856688454.0,5459063866.0,135129412.0,132847159453.0
2024-10-15,35622815775.0,14663935847.0,25418049055.0,50634998427.0,7154446637.0,5460159643.0,146451963.0,139100857347.0
2024-10-16,35266616992.0,14595271375.0,25643398418.0,50066739355.0,7044874195.0,5520157671.0,144961265.0,138282019271.0
2024-10-17,35439259581.0,14523081975.0,26133348263.0,50527777051.0,7515883877.0,5602217116.0,140593371.0,139882161234.0
2024-10-18,34854959786.0,14565867035.0,25210029357.0,50108109168.0,7486929037.0,5657784668.0,138281960.0,138021961011.0
2024-10-19,35287197521.0,14653484523.0,25437108917.0,50915902454.0,7621319810.0,5665715364.0,150785378.0,139731513967.0
2024-10-20,35328656047.0,14636245731.0,25290018582.0,51059835526.0,7629936407.0,5664255448.0,150198841.0,139759146582.0
2024-10-21,36114980662.0,14996966340.0,25678274311.0,52948283622.0,7804984623.0,5677192682.0,146412892.0,143367095132.0
2024-10-22,35746183045.0,14679293950.0,25027749417.0,51727718931.0,7260688789.0,5686661041.0,141704191.0,140269999364.0
2024-10-23,35594665762.0,14480087379.0,24988850498.0,51308067730.0,7232252863.0,5728476333.0,140422990.0,139472823555.0
2024-10-24,34699085960.0,14387808598.0,24485859895.0,49330417792.0,7042644516.0,5691276899.0,131187717.0,135768281377.0
2024-10-25,35123541650.0,14737188727.0,25358344402.0,50179543895.0,7015440318.0,5695387062.0,130332174.0,138239778228.0
2024-10-26,34319916214.0,13979385379.0,24715265059.0,48833902069.0,6923787091.0,5686319413.0,127555382.0,134586130607.0
2024-10-27,34630753262.0,14012269959.0,24661246708.0,49015026239.0,6873299958.0,5686272588.0,124348039.0,135003216753.0
2024-10-28,34643581506.0,13950311707.0,24663183807.0,49764410460.0,6908619487.0,5690370516.0,125781112.0,135746258595.0
2024-10-29,35163748079.0,14169199283.0,25308318114.0,50842779320.0,7044931369.0,5708254769.0,124822735.0,138362053669.0
2024-10-30,35975152783.0,14515351672.0,26119681218.0,52161154579.0,7210500420.0,5716028549.0,127965996.0,141825835217.0
2024-10-31,36218582929.0,14379546569.0,26043669214.0,52557564131.0,7230083567.0,5726056660.0,126570745.0,142282073815.0
2024-11-01,35048019175.0,13872864790.0,25219483631.0,49853231541.0,6946073087.0,5645410287.0,119616591.0,136704699102.0
2024-11-02,35095154219.0,13838562739.0,24987895924.0,49692147828.0,7128560663.0,5664940585.0,117927715.0,136525189673.0
2024-11-03,34975225139.0,13680394499.0,26125232165.0,49288600410.0,7082959183.0,5663709870.0,115439287.0,136931560553.0
2024-11-04,34890707736.0,13465410891.0,26444595440.0,48760155048.0,7040697844.0,5662169753.0,112043811.0,136375780523.0
2024-11-05,34222707680.0,13162560485.0,26002591882.0,47430505003.0,6961110591.0,5655068937.0,109161480.0,133543706058.0
2024-11-06,34715992199.0,13632341065.0,26706143049.0,48458421623.0,7105559793.0,5636241595.0,115162209.0,136369861533.0
2024-11-07,37796235040.0,14564017634.0,29289448442.0,54355219048.0,7726084611.0,5586223038.0,127000543.0,149444228356.0
2024-11-08,39051324938.0,15088664928.0,29501013573.0,57576437540.0,8071464318.0,5308407798.0,131285003.0,154728598098.0
2024-11-09,39665878551.0,15299492067.0,29588392929.0,60354183995.0,8248918814.0,5253535215.0,131240483.0,158541642054.0
2024-11-10,40986517401.0,15602878419.0,30054604524.0,63187680112.0,8488027223.0,5251583629.0,135686666.0,163706977974.0
2024-11-11,42197705672.0,16007466271.0,31459794202.0,64897883509.0,8703802346.0,5250926933.0,139290527.0,168656869460.0
2024-11-12,44026654245.0,16668029362.0,34350414485.0,68135942123.0,9014388652.0,5257913721.0,141077662.0,177594420250.0
2024-11-13,43568875949.0,16385937894.0,34611455686.0,66786317097.0,8901484821.0,5171529218.0,139769736.0,175565370401.0
2024-11-14,43284679067.0,16148627030.0,34974915785.0,65234687998.0,8825301114.0,4957839314.0,132903072.0,173558953380.0
2024-11-15,42289146587.0,15787750819.0,33895375353.0,62863930719.0,8696809921.0,4929497040.0,126404750.0,168588915189.0
2024-11-16,43474135789.0,16243050651.0,35367448808.0,63734689999.0,8778047353.0,4714211910.0,127941548.0,172439526058.0
2024-11-17,43817725496.0,16303704370.0,35275152740.0,64472501035.0,8867145199.0,4709180688.0,135098346.0,173580507874.0
2024-11-18,43478043918.0,16511918036.0,35165273619.0,64030067332.0,8795485882.0,4729063003.0,130004571.0,172839856361.0
2024-11-19,44485362595.0,16703784917.0,35820121589.0,65902839282.0,9069122461.0,4754693588.0,142919194.0,176878843626.0
2024-11-20,44255678057.0,16450585854.0,36351220780.0,64790640016.0,9085406209.0,4684468647.0,142831001.0,175760830564.0
2024-11-21,44001715076.0,16272491239.0,36631546590.0,64277310177.0,8995544052.0,4711398291.0,133552253.0,175023557678.0
2024-11-22,47035585284.0,17137836077.0,38400755578.0,70177832883.0,9571322623.0,4729926861.0,140128071.0,187193387377.0
2024-11-23,47196418069.0,17209357167.0,38374384680.0,69742757524.0,9606077142.0,4734666028.0,141856827.0,187005517437.0
2024-11-24,48112060467.0,17373184786.0,38273908019.0,71138405589.0,9844961536.0,4739437674.0,151459107.0,189633417178.0
2024-11-25,47918633962.0,17300366559.0,37893387334.0,70320612634.0,9769504879.0,4734086001.0,153627475.0,188090218844.0
2024-11-26,47013534611.0,17068024742.0,36272296076.0,70298407496.0,9865025418.0,4731075170.0,154231381.0,185402594894.0
2024-11-27,46200207616.0,16844820682.0,35655847630.0,68978216253.0,9741244676.0,4718217522.0,156570338.0,182295124717.0
2024-11-28,49637037764.0,17789564856.0,37535334534.0,75439767115.0,10466949447.0,4633655675.0,159965937.0,195662275328.0
2024-11-29,49041560372.0,17549958167.0,37652406989.0,74008512408.0,10448334795.0,4665489372.0,153559333.0,193519821436.0
2024-11-30,49615364329.0,17791574662.0,38487590068.0,74904357334.0,10560088891.0,4683993223.0,161611434.0,196204579941.0
2024-12-01,50617701254.0,18077279048.0,38482506457.0,77191914402.0,10839330941.0,4706086570.0,174316857.0,200089135529.0
2024-12-02,50802072737.0,18063619810.0,38577933550.0,77254921710.0,10848740819.0,4738436476.0,171746130.0,200457471232.0
2024-12-03,50378347446.0,17737942692.0,38071830764.0,75168344755.0,10714071124.0,4757441139.0,179395702.0,197007373622.0
2024-12-04,54760975626.0,18519175876.0,38337111397.0,75954152187.0,10978060823.0,4749864898.0,185113704.0,203484454511.0
2024-12-05,54724558475.0,18846828103.0,39311077426.0,79509982622.0,11592537526.0,4738055409.0,199236864.0,208922276425.0
2024-12-06,54165685515.0,18751144440.0,39147172927.0,79104359179.0,11558321876.0,4683242574.0,191425235.0,207601351746.0
2024-12-07,56550406293.0,19284028919.0,40395474249.0,82608066400.0,12069994048.0,4693361736.0,204534845.0,215805866490.0
2024-12-08,56668111770.0,19420431439.0,40407889718.0,82840318891.0,11943968521.0,4777437662.0,198693239.0,216256851240.0
2024-12-09,56614697073.0,19382527728.0,40551040713.0,82880185294.0,11948152111.0,4884215569.0,196369634.0,216457188122.0
2024-12-10,52454385363.0,18113064726.0,38598565047.0,76654464426.0,11268624143.0,4940235510.0,168826538.0,202198165753.0
2024-12-11,52156495166.0,17937787636.0,38398732246.0,75707364452.0,11358788573.0,4954046125.0,169084275.0,200682298473.0
2024-12-12,54865442152.0,18900691551.0,40057583947.0,80257249618.0,11960616188.0,5054053544.0,177512940.0,211273149940.0
2024-12-13,55526225705.0,19106906919.0,39802841167.0,81034414059.0,12082842614.0,5113044465.0,176923823.0,212843198752.0
2024-12-14,56198704686.0,19233086237.0,40256383108.0,81569203627.0,12188196461.0,5023517398.0,176621809.0,214645713326.0
2024-12-15,55741879604.0,19057504585.0,40061692567.0,80652470983.0,12184646963.0,5030938119.0,171685213.0,212900818034.0
2024-12-16,56425550141.0,19390834692.0,40771197135.0,81474516544.0,12389530959.0,5045413132.0,172929648.0,215669972251.0
2024-12-17,57668811155.0,19374493787.0,41839225217.0,82821617586.0,12504930916.0,5092616585.0,170791189.0,219472486435.0
2024-12-18,56473546567.0,19028586601.0,41648271448.0,80884326593.0,12267959169.0,5148119680.0,162372891.0,215613182949.0
2024-12-19,53223815112.0,18328236287.0,39448927899.0,76178561703.0,11656496150.0,5408218302.0,152137934.0,204396393387.0
2024-12-20,51001865874.0,17391478595.0,37970879501.0,71497864041.0,11122131242.0,5825440743.0,137764737.0,194947424733.0
2024-12-21,51280889881.0,17378873737.0,38017902755.0,72164615582.0,11182219085.0,6126306651.0,141251603.0,196292059294.0
2024-12-22,50162310882.0,16824975724.0,37751211293.0,69028429412.0,10974614170.0,6167698910.0,135659237.0,191044899628.0
2024-12-23,49742313579.0,16789658843.0,37520995109.0,68223749745.0,10969591833.0,6205099774.0,133740577.0,189585149460.0
2024-12-24,51354511789.0,17547362015.0,37445040479.0,71365475668.0,11418463226.0,6291705604.0,139706969.0,195562265750.0
2024-12-25,52740596624.0,17937038339.0,38587610142.0,72952684148.0,11624671953.0,6443552362.0,145987673.0,200432141241.0
2024-12-26,52835579635.0,17919371548.0,38612895384.0,72664873178.0,11788525924.0,6580322093.0,145814190.0,200547381952.0
2024-12-27,51257402479.0,17312943011.0,37250188794.0,69202785863.0,10660721184.0,6728975769.0,140218339.0,192553235439.0
2024-12-28,50982736145.0,17434159085.0,36752322104.0,68915168539.0,10619816562.0,6852017986.0,141771260.0,191697991681.0
2024-12-29,51921122013.0,17870569439.0,37240870611.0,70867188590.0,10867846648.0,6879781162.0,147235728.0,195794614191.0
2024-12-30,51554102936.0,17593545275.0,36507111670.0,69632236932.0,10708427667.0,6901049693.0,142648181.0,193039122354.0
2024-12-31,51020270675.0,17499441543.0,36261469356.0,69926207819.0,9714177112.0,6834307153.0,142289079.0,191398162737.0
2025-01-01,50961222318.0,17362112202.0,36397477401.0,69487835657.0,9648708170.0,6586077193.0,139340284.0,190582773225.0
2025-01-02,51814833895.0,17702925583.0,37016712126.0,70095758826.0,10144288910.0,6677403523.0,140821216.0,193592744079.0
2025-01-03,53074099589.0,18123976273.0,38195473797.0,72179889573.0,10360394505.0,6813210814.0,143676114.0,198890720665.0
2025-01-04,54837699118.0,18839004890.0,38908429577.0,75686710686.0,10718846683.0,6886552536.0,150451375.0,206027694865.0
2025-01-05,55522249500.0,18990435684.0,38973988607.0,76529932316.0,10873133771.0,7011515613.0,150900815.0,208052156306.0
2025-01-06,55369268756.0,18881910762.0,39127464091.0,76030229418.0,10958251547.0,7074576632.0,151448390.0,207593149596.0
2025-01-07,56056088078.0,19194321641.0,40341445718.0,77231088114.0,11123307718.0,7210131227.0,154147679.0,211310530175.0
2025-01-08,52237791079.0,17990483813.0,37979996547.0,71166459668.0,10693324127.0,7245310392.0,143471570.0,197456837196.0
2025-01-09,51613976187.0,17839775839.0,37129381512.0,70085081327.0,10556755270.0,7138352217.0,139989626.0,194503311978.0
2025-01-10,50450846747.0,17263445244.0,35963991210.0,67592872722.0,10604303394.0,6963235068.0,134402313.0,188973096698.0
2025-01-11,51602716437.0,17516343273.0,36762402228.0,68451326114.0,10659502850.0,6872538079.0,135819210.0,192000648191.0
2025-01-12,51940269328.0,17423558235.0,36766277844.0,68813562649.0,10724250524.0,6805336048.0,134844097.0,192608098725.0
2025-01-13,51688466364.0,17241909065.0,36476518570.0,67874576437.0,10623564607.0,6789170559.0,131740030.0,190825945632.0
2025-01-14,50619116601.0,16910752555.0,36302561780.0,65837851654.0,10559238270.0,6874746363.0,127647418.0,187231914641.0
2025-01-15,51846004473.0,17434076543.0,37175633174.0,68026797807.0,10814012718.0,6947776428.0,132241788.0,192376542931.0
2025-01-16,54553368453.0,18318706613.0,38635417822.0,72519954174.0,11164681685.0,6862798511.0,138581075.0,202193508333.0
2025-01-17,53356536048.0,18181401264.0,38414031600.0,70660208764.0,11073719451.0,6921678273.0,137934771.0,198745510171.0
2025-01-18,55669513391.0,18873055917.0,40310811364.0,74265784651.0,11491174864.0,6945165989.0,144487364.0,207699993540.0
2025-01-19,54247476124.0,18874932455.0,39958749797.0,72604366625.0,11188367277.0,6931736852.0,135051202.0,203940680332.0
2025-01-20,52795961246.0,18996493273.0,38857812889.0,70966207919.0,10987858151.0,6655429861.0,127791234.0,199387554573.0
2025-01-21,53535057720.0,18624862433.0,39347223479.0,71738255679.0,11160010123.0,6570228228.0,126615689.0,201102253351.0
2025-01-22,54630519792.0,19226935978.0,40358009849.0,72820201020.0,11256198206.0,6633157634.0,129230310.0,205054252789.0
2025-01-23,54277456314.0,19096801048.0,39729375126.0,71888625169.0,11178405276.0,6689890625.0,125476666.0,202986030224.0
2025-01-24,54925996384.0,19051008991.0,39827033674.0,73076497820.0,11571304342.0,6713392065.0,124995059.0,205290228335.0
2025-01-25,54848274816.0,18961399665.0,39883737984.0,72724454525.0,11904946213.0,6794861084.0,124000718.0,205241675005.0
2025-01-26,55202990060.0,19086555299.0,40075242274.0,73499658145.0,11707451120.0,6818197105.0,126139408.0,206516233411.0
2025-01-27,54438360680.0,18552491387.0,39361914839.0,71827158916.0,11878964296.0,6774887967.0,124640682.0,202958418767.0
2025-01-28,52900297539.0,18173574783.0,38703188185.0,69656641020.0,11680312136.0,6824197923.0,121198803.0,198059410389.0
2025-01-29,52269939333.0,17659016652.0,38137940663.0,67620482189.0,11253019093.0,6953701717.0,118245509.0,194012345156.0
2025-01-30,53112961810.0,17942228625.0,38998529351.0,68859240006.0,11438839180.0,6979923693.0,120811693.0,197452534358.0
2025-01-31,54688082214.0,18383459375.0,39723955650.0,71330310317.0,11689816921.0,6983982722.0,123240965.0,202922848164.0
2025-02-01,54080213747.0,18313543491.0,39033969260.0,71830498575.0,11949467434.0,7154165115.0,122301367.0,202484158989.0
2025-02-02,52218719477.0,17438297227.0,38522652822.0,67964410617.0,12040597409.0,7204195011.0,118055013.0,195506927576.0
2025-02-03,48526480487.0,16383856562.0,36629185561.0,61880810565.0,13716230636.0,7160143749.0,106161315.0,184402868875.0
2025-02-04,49787489615.0,16631469458.0,38645041272.0,63538055006.0,13852168660.0,7136971535.0,106875408.0,189698070954.0
2025-02-05,48685724633.0,15528484475.0,37963633758.0,60634165463.0,13721298593.0,7170504924.0,103110720.0,183806922566.0
2025-02-06,48717294124.0,15816166597.0,39311781554.0,61064519763.0,13561378653.0,7182200337.0,102349723.0,185755690751.0
2025-02-07,48967156668.0,15743042780.0,39067649510.0,58880316465.0,13406303032.0,7189345474.0,98158674.0,183351972603.0
2025-02-08,48724488245.0,15642808638.0,39008576451.0,58347676938.0,13347624206.0,7196601674.0,101304345.0,182369080497.0
2025-02-09,49154990540.0,15840963947.0,39309407368.0,58474704802.0,13531353782.0,7166898608.0,99706705.0,183578025752.0
2025-02-10,49126082566.0,15801982433.0,39273689905.0,58632727213.0,13428992481.0,7174312874.0,99164817.0,183536952289.0
2025-02-11,50096745762.0,15953288191.0,39583316608.0,58894011045.0,13521666307.0,7300423196.0,100818796.0,185450269905.0
2025-02-12,49550576604.0,15713035128.0,39102977553.0,57987429522.0,13396336787.0,7297507746.0,102124012.0,183149987352.0
2025-02-13,51222223369.0,16377549134.0,40004684379.0,60225632344.0,13676976703.0,7294276234.0,105914039.0,188907256202.0
2025-02-14,50814201994.0,15964278233.0,39547682257.0,59148667916.0,13600580376.0,7415044413.0,110546856.0,186601002045.0
2025-02-15,51330644811.0,16420402531.0,40101670226.0,60117072941.0,13714302488.0,7450574097.0,111070620.0,189245737714.0
2025-02-16,51185881328.0,16334988724.0,39986590409.0,59492243826.0,13688735428.0,7425414368.0,109673795.0,188223527878.0
2025-02-17,50673468767.0,16290327537.0,39446196483.0,58621882081.0,13629583569.0,7420767504.0,110077160.0,186192303101.0
2025-02-18,50408228635.0,16137351384.0,39405868505.0,59174861789.0,13690898929.0,7445301395.0,107483134.0,186369993771.0
2025-02-19,49732938488.0,15764554264.0,39405359743.0,57616917794.0,13624149509.0,7582874331.0,106549691.0,183833343820.0
2025-02-20,50425273914.0,15968704909.0,39812738555.0,58344753080.0,13628815985.0,7675059271.0,112390403.0,185967736117.0
2025-02-21,50761249302.0,16135631368.0,40667646975.0,59197459993.0,13753560493.0,7755841375.0,113953426.0,188385342932.0
2025-02-22,48808041376.0,15772619313.0,39667043590.0,57465950978.0,13524619531.0,7792999891.0,110896179.0,183142170858.0
2025-02-23,49517035040.0,16110105238.0,40127455428.0,59388698821.0,13775719325.0,7796851636.0,112876806.0,186828742294.0
2025-02-24,50569430367.0,16081328865.0,40034168351.0,60194340378.0,13811129073.0,7799727115.0,112328769.0,188602452918.0
2025-02-25,47479367446.0,14695660825.0,38263940456.0,53234694663.0,13147565629.0,7795447132.0,105932662.0,174722608813.0
2025-02-26,46552357263.0,14680179336.0,37167094004.0,52834703013.0,12896459195.0,7696597020.0,106271827.0,171933661658.0
2025-02-27,44054663611.0,14253801166.0,35624568566.0,49653997201.0,12473864929.0,7767917828.0,107985240.0,163936798541.0
2025-02-28,44167642655.0,14083958104.0,35623348785.0,49337120065.0,12122401173.0,7797927128.0,105720907.0,163238118817.0
2025-03-01,44643115215.0,14196409204.0,35666467936.0,48683004699.0,12045911868.0,7611543489.0,102393891.0,162948846302.0
2025-03-02,45005263112.0,14104148711.0,36112775697.0,48333389645.0,11940440504.0,7640259005.0,101822172.0,163238098846.0
2025-03-03,48479991155.0,15243762376.0,39355111783.0,55132423227.0,12740018498.0,7667702611.0,112372555.0,178731382205.0
2025-03-04,44222449074.0,13727835745.0,35954229296.0,47089942430.0,11618910734.0,7741968495.0,101107363.0,160456443137.0
2025-03-05,44562730407.0,13978449061.0,36320471827.0,47258211443.0,11692663434.0,7750116704.0,100834079.0,161663476955.0
2025-03-06,46135676099.0,14336157788.0,37509583696.0,49095810291.0,12023790389.0,7725243277.0,101958701.0,166928220241.0
2025-03-07,45060311787.0,13980869198.0,37074214388.0,47064169456.0,11780669255.0,7692358161.0,97461909.0,162750054154.0
2025-03-08,44871107796.0,13870885763.0,36182647373.0,46702268755.0,11745054012.0,7733444211.0,98062543.0,161203470453.0
2025-03-09,45169609811.0,13908451319.0,36113062566.0,47629311165.0,11974909037.0,7724605391.0,97187740.0,162617137029.0
2025-03-10,42738290588.0,13170219743.0,33935465423.0,43871550119.0,11335396377.0,7703385311.0,90365018.0,152844672579.0
2025-03-11,41104704728.0,12425830223.0,32708139561.0,40618961775.0,11212684177.0,7657347345.0,84938367.0,145812606176.0
2025-03-12,42267023938.0,12920859851.0,34242212385.0,41923473224.0,11493874563.0,7751265903.0,86044233.0,150684754097.0
2025-03-13,42694146454.0,12918387470.0,36002545146.0,41712634447.0,11462883228.0,8033880792.0,86666099.0,152911143636.0
2025-03-14,42461091538.0,12816352228.0,35097749204.0,40985714581.0,11293297691.0,8130319157.0,85081344.0,150869605743.0
2025-03-15,43453507858.0,13131210789.0,36263094553.0,42412153270.0,11664218424.0,8437398863.0,86990258.0,155448574015.0
2025-03-16,43900594463.0,13586357070.0,36370493762.0,43104047818.0,11732947711.0,8400335308.0,89488855.0,157184264987.0
2025-03-17,43242330377.0,13234941930.0,35882492187.0,41773714225.0,11497675565.0,8440094102.0,87578721.0,154158827107.0
2025-03-18,43832921053.0,13486471776.0,36316118012.0,42414202008.0,11623845744.0,8416375874.0,88368251.0,156178302718.0
2025-03-19,43921738523.0,13457386172.0,36072327817.0,42468233137.0,11750253491.0,8547534889.0,88146505.0,156305620534.0
2025-03-20,44840236609.0,13881901375.0,37642591691.0,45192138850.0,11690360267.0,8662534783.0,91529591.0,162001293166.0
2025-03-21,43725795574.0,13578114386.0,36738287892.0,43566318475.0,11837932867.0,8641399479.0,90734756.0,158178583429.0
2025-03-22,43639081925.0,13655168627.0,36692041073.0,43163934728.0,11895423789.0,8829161630.0,90712466.0,157965524238.0
2025-03-23,44078921001.0,13661031871.0,36585382782.0,43346859452.0,11972419816.0,8818741613.0,92535138.0,158555891673.0
2025-03-24,44984600407.0,13897202058.0,37686542350.0,44126162727.0,12034276092.0,8832178371.0,93163897.0,161654125902.0
2025-03-25,46421331907.0,14204395444.0,38415599864.0,45935002234.0,12271820324.0,9094140151.0,96391305.0,166438681229.0
2025-03-26,47023769804.0,14278044413.0,38581553573.0,45894177075.0,12012839117.0,9254243342.0,98077402.0,167142704726.0
2025-03-27,46373304150.0,14118203129.0,38142580525.0,44776197707.0,11752060001.0,9234224181.0,100200113.0,164496769806.0
2025-03-28,46101254819.0,14135289513.0,37516923186.0,44530708920.0,10737050361.0,9138495175.0,96843885.0,162256565859.0
2025-03-29,44207493297.0,13662457429.0,36333184814.0,42371946040.0,10189668238.0,9047180314.0,91718096.0,155903648228.0
2025-03-30,43284602461.0,13494982426.0,35520202211.0,40669625096.0,10059721381.0,9034904661.0,88344837.0,152152383073.0
2025-03-31,42320637871.0,13363082598.0,35285679397.0,40338752129.0,9967703400.0,9031508216.0,89598786.0,150396962397.0
2025-04-01,44228169532.0,13498352327.0,35356690203.0,40731411496.0,10196047441.0,9062125054.0,87180428.0,153159976481.0
2025-04-02,45317796541.0,13801040498.0,36499471324.0,42196106508.0,10325335239.0,8931786534.0,85871627.0,157157408271.0
2025-04-03,44142732577.0,13493640836.0,35341033685.0,39729748676.0,10164556194.0,8942950140.0,80680825.0,151895342933.0
2025-04-04,44497033346.0,13566556061.0,35502337589.0,40015430464.0,10406304555.0,8890671872.0,81614567.0,152959948454.0
2025-04-05,44822225005.0,13756284377.0,35557005503.0,40317542894.0,10431905194.0,8696102849.0,81882115.0,153662947937.0
2025-04-06,44740665181.0,13642002633.0,35234513086.0,40005571224.0,10271222276.0,8683169671.0,81875640.0,152659019711.0
2025-04-07,41838926798.0,12517051030.0,33330938517.0,35000154529.0,9652088911.0,8587294734.0,76686153.0,141003140672.0
2025-04-08,41809606457.0,12374587114.0,33425270266.0,34995540281.0,9703097145.0,8730469784.0,76282357.0,141114853404.0
2025-04-09,40846967449.0,12063240100.0,32347988625.0,33341352983.0,9448175393.0,8922670907.0,74313592.0,137044709049.0
2025-04-10,43397533976.0,12871956020.0,34940894906.0,37362565931.0,9949661127.0,9152875843.0,81489028.0,147756976831.0
2025-04-11,41680078685.0,12513399098.0,34267085474.0,35063946499.0,9493516204.0,9209340647.0,78597800.0,142305964407.0
2025-04-12,42128301787.0,12860162152.0,35825850685.0,36216469464.0,9746736960.0,9245328684.0,80178449.0,146103028181.0
2025-04-13,43047128457.0,13248178210.0,36770395481.0,38199938757.0,9919589931.0,9220438357.0,83648020.0,150489317213.0
2025-04-14,42911015847.0,13071678126.0,36317922027.0,37165398434.0,9808119431.0,9218455654.0,80820551.0,148573410070.0
2025-04-15,43229469485.0,13051782688.0,36348570589.0,37748120235.0,9814835840.0,9269320635.0,81335041.0,149543434513.0
2025-04-16,43240367963.0,13059926592.0,35575756812.0,37059113011.0,9739704810.0,9343774896.0,80186300.0,148098830384.0
2025-04-17,43613924326.0,13180708628.0,36035185602.0,37106251507.0,9786276939.0,9378855928.0,79707843.0,149180910773.0
2025-04-18,43706461575.0,13327652735.0,36539785815.0,37406058143.0,9807301744.0,9451419725.0,80182811.0,150318862548.0
2025-04-19,43445762403.0,13423722179.0,35838449619.0,37495574314.0,9820721697.0,9443121622.0,81476954.0,149548828788.0
2025-04-20,44130172388.0,13539152108.0,36628732815.0,38295089041.0,9874214792.0,9441024648.0,82787746.0,151991173538.0
2025-04-21,43879763028.0,13497096559.0,37032244486.0,38015148401.0,9994368821.0,9452446185.0,82749837.0,151953817317.0
2025-04-22,43312154339.0,13462529807.0,37435258101.0,37471944625.0,9983654678.0,9492758989.0,82871645.0,151241172184.0
2025-04-23,46211656688.0,14026552235.0,39890773096.0,41536697772.0,10545498272.0,9629179213.0,87079545.0,161927436821.0
2025-04-24,47058581889.0,14096010369.0,40063282902.0,42441000110.0,10599401266.0,9666327357.0,87035486.0,164011639379.0
2025-04-25,47709178468.0,14363486094.0,40109158621.0,42121607729.0,10555918709.0,9532087505.0,88825389.0,164480262515.0
2025-04-26,48318412171.0,14394815971.0,40946940657.0,42379152632.0,10659460561.0,9525983920.0,89820400.0,166314586312.0
2025-04-27,48482514264.0,14495484583.0,41073473931.0,43033341483.0,10587022864.0,9538676001.0,90899929.0,167301413055.0
2025-04-28,48339297920.0,14290000356.0,40491403793.0,42202249940.0,10523169361.0,9534364914.0,87996959.0,165468483243.0
2025-04-29,48458762684.0,14434818375.0,40795528691.0,42326291715.0,10686547172.0,9533348661.0,88788123.0,166324085421.0
2025-04-30,48225682040.0,14346614354.0,40519387222.0,42253603102.0,10534569537.0,9505951159.0,90854188.0,165476661602.0
2025-05-01,47965605243.0,14440542499.0,40817726316.0,42321689028.0,12029653524.0,9629246429.0,92553385.0,167297016424.0
2025-05-02,48790746621.0,14701641265.0,41485827782.0,43338109385.0,12117189536.0,9788935639.0,92099221.0,170314549449.0
2025-05-03,49317826684.0,14695925440.0,41977998481.0,43190058407.0,12236659937.0,9824607582.0,92975405.0,171336051936.0
2025-05-04,49227025956.0,14606943347.0,41494422860.0,42971971432.0,12136417101.0,9828147919.0,89605199.0,170354533814.0
2025-05-05,48858068910.0,14394351766.0,40817595811.0,42308417001.0,12145977131.0,9827785201.0,87029750.0,168439225570.0
2025-05-06,48447249891.0,14499222721.0,41211635653.0,42612127597.0,12214924352.0,9923631939.0,87351388.0,168996143541.0
2025-05-07,48577526807.0,14437267686.0,41505749566.0,42613717161.0,12200268175.0,10178517807.0,85705655.0,169598752857.0
2025-05-08,47557014100.0,14416323412.0,41513097241.0,42670524514.0,9798356904.0,10360977227.0,85936173.0,166402229571.0
2025-05-09,52878629770.0,15268441853.0,44346754451.0,50081800603.0,9437635888.0,10358112785.0,94012089.0,182465387439.0
2025-05-10,54455650375.0,15528230052.0,44617754629.0,53335125498.0,9644280443.0,10449267677.0,103508473.0,188133817147.0
2025-05-11,57986258914.0,16468817516.0,45753277875.0,57090514073.0,10141900337.0,10418385235.0,107779220.0,197966933170.0
2025-05-12,57314296437.0,16304366512.0,45514832494.0,56255057198.0,10125255244.0,10398445677.0,106735202.0,196018988764.0
2025-05-13,56261662192.0,16102142028.0,45199773423.0,55425572744.0,10152408758.0,10373705256.0,108601302.0,193623865703.0
2025-05-14,58282345427.0,16736609186.0,45554873147.0,59573990336.0,10354290773.0,10384661584.0,108446822.0,200995217275.0
2025-05-15,56576322605.0,16355368367.0,45109941123.0,57862487567.0,10154001655.0,10351914650.0,103618950.0,196513654917.0
2025-05-16,55691088762.0,16102868414.0,44489391650.0,56456548253.0,10126033918.0,10449835697.0,99385900.0,193415152594.0
2025-05-17,55923832857.0,16037293689.0,44420579613.0,56485725190.0,10241033715.0,10471798647.0,97084932.0,193677348643.0
2025-05-18,55419736608.0,15711571197.0,44152576966.0,55163351133.0,10240174593.0,10482567778.0,96683952.0,191266662227.0
2025-05-19,56024056599.0,15730826227.0,44960092196.0,55127605269.0,10302061528.0,10499288917.0,97594955.0,192741525691.0
2025-05-20,56644187818.0,15908034109.0,44899838606.0,56091031260.0,10389765389.0,10507001087.0,98222055.0,194538080324.0
2025-05-21,56989614070.0,16015442357.0,45263217115.0,56057211243.0,10624418871.0,10610964756.0,98316182.0,195659184594.0
2025-05-22,57759241055.0,16124943519.0,46604691557.0,57198764681.0,10743609702.0,10627145387.0,98462263.0,199156858164.0
2025-05-23,58928715344.0,16448653622.0,47592315931.0,59323144086.0,11033917851.0,10629904859.0,101591288.0,204058242981.0
2025-05-24,56672891172.0,15826076890.0,45927461309.0,56518959959.0,10673005202.0,10635810413.0,96410193.0,196350615138.0
2025-05-25,56827248766.0,15808701887.0,46042069720.0,56434075422.0,10906052488.0,10624496871.0,94419982.0,196737065136.0
2025-05-26,57290090334.0,16009975210.0,46493501563.0,56969509085.0,10886348678.0,10608823516.0,95532209.0,198353780595.0
2025-05-27,57993191294.0,15902810838.0,46565099756.0,57110452036.0,10969922851.0,10631927508.0,96334373.0,199269738656.0
2025-05-28,58919337537.0,16281805683.0,46638205601.0,58772285922.0,11156839400.0,10593989628.0,97109216.0,202459572987.0
2025-05-29,58696549704.0,16196633244.0,46198660363.0,59326364834.0,11291404374.0,10566260096.0,94812922.0,202370685537.0
2025-05-30,57869683977.0,15872966154.0,45467390887.0,57528052817.0,10518912876.0,10620242319.0,93622533.0,197970871563.0
2025-05-31,56521485222.0,15281563165.0,44368441737.0,55897613795.0,10271831642.0,10607517780.0,88182751.0,193036636092.0
2025-06-01,56649208802.0,15296433918.0,44582733225.0,55877186360.0,10689104691.0,10595158833.0,88612265.0,193778438094.0
2025-06-02,56955781619.0,15406265330.0,44948274837.0,56293236192.0,10199748943.0,10594589228.0,89398947.0,194487295096.0
2025-06-03,55758749740.0,15614230968.0,45293679196.0,57663491672.0,10540662919.0,10640761856.0,89327503.0,195600903854.0
2025-06-04,55916141027.0,15635910990.0,45105830756.0,57181192429.0,10943940581.0,10637582714.0,89538502.0,195510136999.0
2025-06-05,56155271299.0,15445838207.0,44871852062.0,57273801470.0,10881361141.0,10640396204.0,90975525.0,195359495908.0
2025-06-06,53709276411.0,14799562646.0,43498596302.0,53537938117.0,10798839849.0,10682322671.0,86435999.0,187112971995.0
2025-06-07,54848767392.0,15027257145.0,44526380803.0,54896582323.0,11022011283.0,10633274723.0,87209451.0,191041483120.0
2025-06-08,55695691394.0,15422057677.0,45107262369.0,55818963431.0,11166697607.0,10643808222.0,89421063.0,193943901763.0
2025-06-09,55583501756.0,15373263950.0,45054246068.0,55729632140.0,11200548824.0,10632984602.0,87224592.0,193661401932.0
2025-06-10,57420549158.0,15997139498.0,47011753227.0,59358404732.0,11440117022.0,10636006294.0,93540066.0,201957509997.0
2025-06-11,59318674638.0,16357076678.0,47718079621.0,61895444341.0,11813769670.0,10712458370.0,95503969.0,207911007287.0
2025-06-12,58964627542.0,16264919540.0,46931353779.0,61087227726.0,11662487654.0,10717596373.0,86311277.0,205714523891.0
2025-06-13,56357624962.0,15438408073.0,45228457255.0,56930220727.0,11366827058.0,10708834999.0,80881792.0,196111254866.0
2025-06-14,55872681262.0,15464577705.0,45546691974.0,56939248973.0,10888731920.0,10744903881.0,79806415.0,195536642130.0
2025-06-15,55572807545.0,15329342130.0,45241045744.0,56077985133.0,11321004243.0,10773713899.0,78979912.0,194394878606.0
2025-06-16,55634126408.0,15448543849.0,45410847904.0,56837778787.0,11323315682.0,10769328758.0,78734565.0,195502675953.0
2025-06-17,57455265808.0,15540042733.0,45796072677.0,56842976853.0,11410218651.0,10769271109.0,79475333.0,197893323164.0
2025-06-18,56629333493.0,15313178012.0,45037535160.0,56194500528.0,11326815016.0,10779451865.0,78281734.0,195359095808.0
2025-06-19,56953973087.0,15298033654.0,45122730355.0,56360647873.0,11545446665.0,10791364157.0,78422050.0,196150617841.0
2025-06-20,56908022058.0,15288269237.0,44979227082.0,56500309224.0,11104439221.0,10791741973.0,78728767.0,195650737562.0
2025-06-21,55216761992.0,14897836793.0,44139593682.0,53841275177.0,11133825536.0,10810652293.0,76110605.0,190116056078.0
2025-06-22,53685067626.0,14524208902.0,43514605545.0,51082323846.0,11017811319.0,10814073928.0,73111994.0,184711203160.0
2025-06-23,51859900880.0,14241175605.0,43125567742.0,50518273955.0,10855765261.0,10810078693.0,71666789.0,181482428925.0
2025-06-24,55088495633.0,14974042291.0,44920622662.0,54460800586.0,11281784975.0,10811738523.0,75529938.0,191613014608.0
2025-06-25,56217427964.0,15128585492.0,45063168876.0,55092451716.0,11326555999.0,10817923263.0,76311301.0,193722424611.0
2025-06-26,56335753613.0,15053156598.0,45392309804.0,54535249440.0,11369702961.0,10855244404.0,74896584.0,193616313404.0
2025-06-27,55437300167.0,14789378068.0,45025647059.0,54155876055.0,11095511356.0,10841043295.0,74263542.0,191419019542.0
2025-06-28,55741236522.0,14871929859.0,45192269950.0,54428090542.0,10881589035.0,10825157688.0,73847155.0,192014120751.0
2025-06-29,56441686773.0,15031082444.0,45420213989.0,55310478767.0,10788875201.0,10805939509.0,74472318.0,193872749001.0
2025-06-30,57238864596.0,15236801177.0,45994085749.0,56659504568.0,10847952335.0,10802140617.0,76028031.0,196855377073.0
2025-07-01,57094935607.0,15152201288.0,45462099088.0,56920614269.0,10828954067.0,10855162158.0,75001702.0,196388968179.0
2025-07-02,56285721109.0,14825749978.0,44694128734.0,54773846542.0,10688027150.0,10868642781.0,73133518.0,192209249812.0
2025-07-03,58145103411.0,15301614472.0,46201612693.0,58138527280.0,11086879348.0,10857551735.0,76469871.0,199807758810.0
2025-07-04,59194088361.0,15429738360.0,46355752208.0,58530480404.0,11192051538.0,10849819304.0,77535873.0,201629466048.0
2025-07-05,58069019467.0,15168970178.0,45665312801.0,56908979725.0,10969934620.0,10874232409.0,75416030.0,197731865230.0
2025-07-06,58477153180.0,15225524687.0,45781997578.0,57013733731.0,11171933354.0,10867194533.0,75723152.0,198613260215.0
2025-07-07,59213073045.0,15434943776.0,46213275418.0,58208308353.0,11232408897.0,10856820574.0,76153291.0,201234983354.0
2025-07-08,58628943214.0,15310518024.0,45919678561.0,57496501796.0,11276984293.0,10881975998.0,77282711.0,199591884597.0
2025-07-09,59696293511.0,15534371234.0,46322117772.0,58972257998.0,11347453319.0,10886477081.0,79361902.0,202838332817.0
2025-07-10,61913749384.0,16048266726.0,48210809666.0,62290159899.0,11428380422.0,10883872270.0,80762818.0,210856001185.0
2025-07-11,64343387061.0,16500860130.0,50553054704.0,65884485783.0,11746757015.0,10903018876.0,83236588.0,220014800157.0
2025-07-12,64523280188.0,16524742529.0,51423256572.0,66173613897.0,11819381924.0,10941841060.0,57008863.0,221463125033.0
2025-07-13,64424809976.0,16492848905.0,51642595211.0,65853782847.0,11712440477.0,10934797096.0,56705229.0,221117979741.0
2025-07-14,65256199568.0,16669126675.0,52464961088.0,66417431879.0,11867749468.0,10929595347.0,57387544.0,223662451569.0
2025-07-15,65346763891.0,16687846733.0,52433419766.0,67443892521.0,11836449984.0,10951373039.0,56784324.0,224756530258.0
2025-07-16,66274564926.0,16973575907.0,52030125223.0,69628681409.0,11989562240.0,10955430523.0,57668293.0,227909608521.0
2025-07-17,67688222180.0,17539486824.0,52936036730.0,75382498976.0,12357813921.0,10950923677.0,60529193.0,236915511501.0
2025-07-18,68717925556.0,17871063995.0,53469405968.0,77441040178.0,12442104722.0,10612908286.0,61630538.0,240616079243.0
2025-07-19,69792670920.0,17893878314.0,53534253178.0,78436098008.0,12530714265.0,10411548417.0,60267398.0,242659430500.0
2025-07-20,70438668325.0,17956398768.0,54100191412.0,79280712560.0,12562403324.0,10439002431.0,60542358.0,244837919178.0
2025-07-21,72441128789.0,18414388964.0,54584072795.0,82270862844.0,12826260388.0,10427464930.0,62501822.0,251026680532.0
2025-07-22,72737734860.0,17269394652.0,54464523979.0,84691936268.0,12944308393.0,10240243136.0,62752165.0,252410893453.0
2025-07-23,72891726992.0,18638053041.0,55249410097.0,84628925685.0,13308614325.0,10241028005.0,63015366.0,255020773511.0
2025-07-24,71583836139.0,18024603350.0,54431963017.0,81563184713.0,13307787200.0,9777768382.0,61040428.0,248750183229.0
2025-07-25,71193519053.0,17775380850.0,53744664025.0,81441891930.0,12925276001.0,10193002284.0,47503869.0,247321238012.0
2025-07-26,72454585116.0,18106125892.0,53766539336.0,82919917706.0,13462799429.0,10167500654.0,47578674.0,250925046807.0
2025-07-27,72919860399.0,18256185282.0,53975852730.0,83363805361.0,13620189208.0,10171155970.0,48152193.0,252355201143.0
2025-07-28,75057485694.0,18635415318.0,54903133458.0,85872719359.0,13951215162.0,10158858062.0,49668826.0,258628495879.0
2025-07-29,73426483082.0,18172375506.0,54379516798.0,84168170992.0,13910884809.0,10169229209.0,48136163.0,254274796559.0
2025-07-30,73489643399.0,17940672191.0,53764673295.0,83647657592.0,13881942238.0,10285640742.0,46864914.0,253057094371.0
2025-07-31,73430171555.0,17857045207.0,53581757458.0,83782968509.0,14007455476.0,10288867714.0,47332079.0,252995597998.0
2025-08-01,72315939011.0,17392945988.0,52793353964.0,81286361980.0,13679555572.0,10369443148.0,44887028.0,247882486691.0
2025-08-02,69497159837.0,16962507428.0,51564943196.0,77150952693.0,13532545011.0,10489491041.0,43250981.0,239240850187.0
2025-08-03,68500583208.0,16593070320.0,50838651919.0,74968321137.0,13603118556.0,10972909443.0,42369679.0,235519024262.0
2025-08-04,70359931213.0,17020757115.0,51815694423.0,77606809757.0,13934996331.0,10995728414.0,43511310.0,241777428563.0
2025-08-05,72936872237.0,17475094076.0,52208983588.0,82038105614.0,14164386390.0,10789955902.0,87039368.0,249700437175.0
2025-08-06,72928745039.0,17137925747.0,51623089564.0,79774730077.0,14046134614.0,10928742087.0,84352732.0,246523719860.0
2025-08-07,73828009781.0,17437360029.0,52115981244.0,81520328944.0,14753899435.0,10962596493.0,88417665.0,250706593591.0
2025-08-08,77079524691.0,18339158508.0,53441080225.0,86359656069.0,15032917741.0,11051919443.0,91502873.0,261395759550.0
2025-08-09,77923238802.0,18228883190.0,53179872532.0,88271464407.0,15296068730.0,11547808390.0,92668892.0,264540004943.0
2025-08-10,80230785897.0,18714225025.0,53577859769.0,93728211168.0,15984502458.0,11538411481.0,96864742.0,273870860540.0
2025-08-11,80627451885.0,18772974723.0,54145034831.0,93000206880.0,16202093058.0,11539047981.0,96248779.0,274383058137.0
2025-08-12,80147319187.0,18427933843.0,53931042421.0,91781411895.0,16041930819.0,11691669545.0,94026127.0,272115333837.0
2025-08-13,83522839395.0,19238322108.0,55135851572.0,99403736290.0,17002819788.0,11750868814.0,98636727.0,286153074694.0
2025-08-14,84739110097.0,19565260180.0,57275377632.0,102615668717.0,16990876175.0,11949120529.0,102990006.0,293238403336.0
2025-08-15,81837857313.0,19152330190.0,54658916554.0,98806528271.0,16459337046.0,12667232663.0,96717056.0,283678919093.0
2025-08-16,80295039168.0,18712637261.0,53991866516.0,96391301889.0,16787530599.0,12665615177.0,95913399.0,278939904009.0
2025-08-17,80351448780.0,18893146926.0,53911450792.0,95700240222.0,16926301151.0,12662333985.0,96325238.0,278541247094.0
2025-08-18,80680292570.0,18927711745.0,53922451630.0,96170692747.0,17003630113.0,12662371235.0,96760631.0,279463910671.0
2025-08-19,79326335308.0,18510319635.0,53148824155.0,93408365865.0,17045667864.0,12735000670.0,92373245.0,274266886742.0
2025-08-20,76562653205.0,17955145733.0,51454464669.0,89152378975.0,16862720033.0,12750815666.0,89655082.0,264827833363.0
2025-08-21,79439997984.0,18659036533.0,52061986938.0,93980804967.0,17300313474.0,12832833861.0,93858005.0,274368831762.0
2025-08-22,78582375092.0,18108680740.0,51312746849.0,91867383507.0,17230090850.0,12845371603.0,100971553.0,270047620194.0
2025-08-23,84686747433.0,19345151950.0,54183770133.0,103903968605.0,17941190047.0,12918189722.0,107576502.0,293086594392.0
2025-08-24,85982164277.0,19459155595.0,53783340290.0,103605613779.0,18060427432.0,12895563455.0,107352926.0,293893617754.0
2025-08-25,84203269626.0,19233348141.0,52913520824.0,102094665439.0,18163306733.0,12891183253.0,106026718.0,289605320734.0
2025-08-26,81293932604.0,18226556009.0,51129898967.0,94846202556.0,17650814821.0,12914983189.0,100213464.0,276162601610.0
2025-08-27,83531712214.0,18689230006.0,52118625886.0,99606384188.0,18096621068.0,12933029335.0,102988097.0,285078590794.0
2025-08-28,83421525921.0,18729555639.0,53476684852.0,98659630556.0,18106805572.0,12980282682.0,95806096.0,285470291318.0
2025-08-29,84060688576.0,19048250500.0,54327429008.0,99387933127.0,18091233259.0,13022937829.0,96964939.0,288035437238.0
2025-08-30,82431967364.0,18576069033.0,52851145756.0,95665120854.0,17796637373.0,13108655940.0,93084327.0,280522680647.0
2025-08-31,82444471709.0,18741509538.0,53342950515.0,96357979956.0,17946220367.0,13101336031.0,100209444.0,282034677560.0
2025-09-01,82275516167.0,18588564599.0,53029403215.0,96058541231.0,18002267301.0,13119018435.0,97280292.0,281170591240.0
2025-09-02,81391828562.0,18260579973.0,53173342043.0,94006361757.0,17845109731.0,13189445986.0,96449370.0,277963117422.0
2025-09-03,81880140251.0,18508070779.0,53893028914.0,94873211743.0,18018614723.0,13045415064.0,93938563.0,280312420037.0
2025-09-04,84257543983.0,18686492044.0,54207003269.0,97644601135.0,18359483077.0,13187210092.0,94442728.0,286436776328.0
2025-09-05,82731226513.0,18310250501.0,53573992223.0,94360173052.0,18343581010.0,13270816525.0,93543963.0,280683583787.0
2025-09-06,83173296637.0,18367759165.0,53601611445.0,94812000573.0,18436754497.0,13278202233.0,98268098.0,281767892648.0
2025-09-07,82544815090.0,18291794420.0,53385568788.0,93936834112.0,18600141911.0,13300718225.0,97578974.0,280157451520.0
2025-09-08,83645617233.0,18460927327.0,53777723210.0,95010309139.0,18773660249.0,13228465749.0,95686610.0,282992389517.0
2025-09-09,84216231797.0,18599505150.0,54298011522.0,95437504161.0,19043448745.0,13353068523.0,96241048.0,285044010946.0
2025-09-10,84138353090.0,18686787120.0,54255706067.0,95897178285.0,19305124751.0,13442447003.0,95073465.0,285820669781.0
2025-09-11,85300564509.0,19050187165.0,55662472844.0,97502562010.0,20133092621.0,13556124955.0,93469561.0,291298473665.0
2025-09-12,86543981764.0,19308881244.0,56667639129.0,100077967130.0,20314534263.0,13716758909.0,94620113.0,296724382552.0
2025-09-13,89616383422.0,19800583100.0,57071704444.0,105004819061.0,20724823652.0,13813527297.0,97445612.0,306129286588.0
2025-09-14,89421596333.0,19784515889.0,57440648769.0,104512266821.0,20897751650.0,13753329231.0,98173535.0,305908282228.0
2025-09-15,88600758027.0,19408796341.0,56901929896.0,103144368155.0,20892821835.0,13673549818.0,96139387.0,302718363459.0
2025-09-16,87881710883.0,19232295849.0,56677007895.0,100865534057.0,20952843930.0,13864461699.0,94661441.0,299568515754.0
2025-09-17,87832200660.0,19238902412.0,57182957584.0,100389557280.0,21170120188.0,13822469429.0,94802449.0,299731010002.0
2025-09-18,89229169220.0,19599775155.0,57615983976.0,102831176412.0,21383295484.0,13882144977.0,96156964.0,304637702188.0
2025-09-19,90375261654.0,19659800362.0,58154123729.0,102514460797.0,21776585572.0,13861877133.0,97041235.0,306439150482.0
2025-09-20,89049232579.0,19235923680.0,57571623464.0,99567943510.0,21654646206.0,13920139782.0,94261450.0,301093770671.0
2025-09-21,90241861166.0,19340367643.0,57921105606.0,100136108875.0,21494746151.0,13915883049.0,94485221.0,303144557711.0
2025-09-22,89245080347.0,18874296126.0,57712055072.0,97717006837.0,21227329183.0,13926984073.0,93208480.0,298795960118.0
2025-09-23,86190933560.0,18443074229.0,56657974024.0,93581236375.0,20620726818.0,13981067535.0,88498741.0,289563511282.0
2025-09-24,84822782601.0,18172689618.0,57524615614.0,92693108170.0,20121547793.0,14062445197.0,93423639.0,287490612632.0
2025-09-25,84883735463.0,18168970553.0,59727196831.0,92363666015.0,18200045235.0,14043282664.0,90567366.0,287477464127.0
2025-09-26,82866019366.0,17535485525.0,59498585989.0,86253582481.0,14406591728.0,14100207611.0,86265348.0,274746738048.0
2025-09-27,84718957609.0,17977487356.0,61237366837.0,90040487271.0,14393400802.0,14137638060.0,87406242.0,282592744177.0
2025-09-28,85883629689.0,18051154310.0,61553852112.0,89247364146.0,14248076959.0,14139781292.0,86515654.0,283210374162.0
2025-09-29,88339448314.0,18444050821.0,63417729634.0,91898404204.0,14420980659.0,14158934784.0,88127306.0,290767675722.0
2025-09-30,89102486538.0,18666323837.0,63866718405.0,93254562614.0,14421585954.0,14676627683.0,88274284.0,294076579315.0
2025-10-01,89052844954.0,18467590653.0,63732848978.0,91543354949.0,14752766854.0,14860718493.0,85280560.0,292495405441.0
2025-10-02,92245561336.0,19230528970.0,65630861721.0,96182819610.0,15047569387.0,15006005957.0,89181438.0,303432528419.0
2025-10-03,94189074407.0,19671699703.0,66187239699.0,99645115574.0,15060755701.0,15177612862.0,91028079.0,310022526025.0
2025-10-04,94650261725.0,19960341152.0,67432468697.0,100266910644.0,15696392337.0,15248197359.0,75447905.0,313330019819.0
2025-10-05,94780822722.0,19807246316.0,66921664875.0,99329431334.0,15675207193.0,15264412793.0,77486498.0,311856271731.0
2025-10-06,94993802356.0,20262521377.0,67391035451.0,99725661777.0,15594170514.0,15285688776.0,104668280.0,313357548531.0
2025-10-07,96977494669.0,21196653913.0,68695171731.0,102888018787.0,15906583021.0,15419312178.0,102225349.0,321185459648.0
2025-10-08,95457242095.0,20702999979.0,68059510281.0,98166983011.0,15681109128.0,15493394381.0,98395686.0,313659634561.0
2025-10-09,96362352538.0,20875215595.0,69192993024.0,99903386017.0,15846293095.0,15549492551.0,96940625.0,317826673445.0
2025-10-10,93754116288.0,20553681566.0,67269816953.0,96494341350.0,15812213543.0,15587976414.0,90370610.0,309562516724.0
2025-10-11,84493245995.0,18157623977.0,62071196075.0,84973198459.0,14691803552.0,15586872358.0,78355044.0,280052295460.0
2025-10-12,83986479578.0,18046744136.0,60867035577.0,81490081493.0,14270616722.0,15554913284.0,78600544.0,274294471334.0
2025-10-13,89141777161.0,19390768552.0,63243595252.0,90040402644.0,15052982863.0,15578645669.0,82127081.0,292530299222.0
2025-10-14,90788880745.0,19954382778.0,63598143399.0,92355465894.0,15296841856.0,15564654293.0,85481847.0,297643850812.0
2025-10-15,89379813911.0,19742045659.0,62285164313.0,88971820376.0,15016523096.0,15590195604.0,82257745.0,291067820704.0
2025-10-16,85727960229.0,19469825171.0,61287718147.0,86496649860.0,14687526745.0,15673564419.0,79418991.0,283422663562.0
2025-10-17,84381613253.0,18730402332.0,60571141297.0,84792398764.0,14418441480.0,15839192721.0,76553677.0,278809743524.0
2025-10-18,82989941393.0,18475811487.0,59852226958.0,83075636574.0,14188794468.0,16413692123.0,76900886.0,275073003889.0
2025-10-19,85328284649.0,18688138670.0,59865869181.0,84069775905.0,14198574483.0,16413436943.0,75575953.0,278639655784.0
2025-10-20,84808845512.0,18955339165.0,60465127337.0,85835611083.0,14474899284.0,16432582513.0,76663294.0,281049068188.0
2025-10-21,86675116644.0,19032178943.0,61332027561.0,85754417175.0,14799776753.0,16642517563.0,76127128.0,284312161767.0
2025-10-22,84523184652.0,18694904407.0,59743166190.0,83495776633.0,15448833798.0,16493409234.0,77402107.0,278476677021.0
2025-10-23,82614660352.0,18524426440.0,59469152393.0,82228550277.0,15535030852.0,16544955644.0,76289045.0,274993065003.0
2025-10-24,83523743965.0,19161481235.0,60466780207.0,83911979213.0,15729411249.0,16799761982.0,78171685.0,279671329536.0
2025-10-25,85181560336.0,19072018098.0,60787171698.0,85690622810.0,15722492249.0,16865458029.0,78589319.0,283397912539.0
2025-10-26,85573040013.0,18815389051.0,61132016951.0,86365552290.0,15892147484.0,16867457183.0,78461875.0,284724064847.0
2025-10-27,88701362264.0,19267104400.0,69588764835.0,90830095317.0,16331296146.0,16841708322.0,81084407.0,301641415691.0
2025-10-28,88813991867.0,19087887636.0,62631757749.0,89656746934.0,16466411370.0,16761284243.0,79750188.0,293497829987.0
2025-10-29,87093913545.0,18812422423.0,61536893113.0,87148132007.0,16476522298.0,16825285716.0,78320917.0,287971490019.0
2025-10-30,86659564526.0,18692786250.0,60701815754.0,85840930017.0,16442592786.0,16784952493.0,78057371.0,285200699197.0
2025-10-31,85259185019.0,18010952355.0,59213875912.0,83277173835.0,16059864571.0,16818482729.0,150169948.0,278789704369.0
2025-11-01,85621421060.0,18132722828.0,58443217670.0,84114779331.0,15903658326.0,16904558711.0,181895964.0,279302253890.0
2025-11-02,85511057062.0,18203144644.0,58605371271.0,84271852423.0,15920133330.0,16940215645.0,180775451.0,279632549826.0
2025-11-03,85841334048.0,18123142069.0,58912841064.0,84381298172.0,15865201974.0,16930054864.0,181635991.0,280235508182.0
2025-11-04,81347190191.0,16724653377.0,56467266670.0,78030600945.0,15374859858.0,16889753229.0,171403271.0,265005727541.0
2025-11-05,75157500635.0,15725285676.0,53836568990.0,71829133091.0,14915607969.0,16790291094.0,156987273.0,248411374728.0
2025-11-06,74688134177.0,16170626038.0,53936832349.0,74743237819.0,14780434257.0,16703225713.0,157514047.0,251180004400.0
2025-11-07,73314063049.0,15839142468.0,53031803210.0,72497113393.0,14403974497.0,16640803720.0,155025658.0,245881925995.0
2025-11-08,74485025638.0,16369701583.0,54722840419.0,74842143100.0,14437056206.0,16587342305.0,156945959.0,251601055210.0
2025-11-09,73548871269.0,16623208231.0,54247652403.0,73857120427.0,14152721071.0,16578484592.0,156954386.0,249165012379.0
2025-11-10,75863941600.0,16754142402.0,55991840112.0,78512947032.0,14362635955.0,16645062229.0,162608732.0,258293178062.0
2025-11-11,76372515598.0,16729756781.0,55890898361.0,77209024322.0,14475538705.0,16446614633.0,165119473.0,257289467873.0
2025-11-12,74471392596.0,16167242707.0,54565095975.0,73770787780.0,14164318334.0,16496541205.0,162715578.0,249798094175.0
2025-11-13,74374887718.0,16103218587.0,54143602317.0,75332701193.0,14055396915.0,16268975902.0,161649758.0,250440432390.0
2025-11-14,73794984468.0,15574418846.0,53205989289.0,70760982126.0,13271235774.0,16354829802.0,159347472.0,243121787777.0
2025-11-15,72506460071.0,15266919600.0,51392784478.0,69333044373.0,13052277081.0,16262390839.0,154674741.0,237968551183.0
2025-11-16,72503258815.0,15239291935.0,51679834635.0,69849723874.0,13028851097.0,16293170049.0,155188382.0,238749318787.0
2025-11-17,70417107258.0,15039995195.0,51356656360.0,68672139972.0,12928720881.0,16292339509.0,154590220.0,234861549395.0
2025-11-18,69291645283.0,14685098957.0,50093634982.0,66480909130.0,12729717313.0,15933527988.0,153411169.0,229367944822.0
2025-11-19,71143494035.0,15039401076.0,50383246289.0,68118966923.0,12521809395.0,15959034269.0,153844129.0,233319796116.0
2025-11-20,69495417306.0,14815313688.0,50116000939.0,66785449372.0,12614488987.0,16037259447.0,151945532.0,230015875271.0
2025-11-21,67653417755.0,14411415770.0,48078653519.0,63544533776.0,12198593049.0,16092222277.0,151948926.0,222130785072.0
2025-11-22,65585554352.0,13924685241.0,46701312290.0,61459340480.0,11928933757.0,16060815605.0,147481659.0,215808123384.0
2025-11-23,64250886799.0,13822199497.0,46876555498.0,61426902239.0,11903663444.0,16045406246.0,146534479.0,214472148202.0
2025-11-24,65383125414.0,14057533284.0,47486526948.0,61900892631.0,11950144643.0,16044071001.0,151026985.0,216973320906.0
2025-11-25,67922951626.0,14421907896.0,47874387018.0,64898467978.0,12094234563.0,16112359773.0,151339270.0,223475648124.0
2025-11-26,68099564709.0,14475754722.0,47842678114.0,65148984992.0,11997171589.0,15782428536.0,151744976.0,223498327638.0
2025-11-27,69553508001.0,14744571941.0,49158351070.0,66449115573.0,12031272880.0,15841817403.0,149369804.0,227928006672.0
2025-11-28,69326108203.0,14748036530.0,49362244286.0,66263217086.0,11393851952.0,15901400820.0,152450502.0,227147309379.0
2025-11-29,69473489248.0,14646967246.0,48991610433.0,66265402359.0,11174665835.0,15977411257.0,151554066.0,226681100444.0
2025-11-30,68718157481.0,14478375793.0,48811512380.0,65741659884.0,10987625522.0,15983372871.0,151134136.0,224871838067.0
2025-12-01,68194252662.0,14247784621.0,48006682146.0,64991432092.0,10608364873.0,16065413763.0,151045530.0,222264975687.0
2025-12-02,65891740209.0,13878751074.0,46935520515.0,61301310806.0,10392631120.0,16134482578.0,148151176.0,214682587478.0
2025-12-03,68325512215.0,14637566872.0,49153283558.0,65969505813.0,10808297251.0,15762598020.0,152451751.0,224809215480.0
2025-12-04,70910913248.0,15163715179.0,50051146143.0,69927174623.0,11283793204.0,15228932943.0,153488965.0,232719164305.0
2025-12-05,70070433738.0,14941416173.0,49831265320.0,68545742392.0,11181137580.0,15350080358.0,153809194.0,230073884755.0
2025-12-06,69505447797.0,14497884783.0,48501252959.0,65746927628.0,11091489037.0,15867473025.0,152195414.0,225362670643.0
2025-12-07,69353571432.0,14606522361.0,48661801243.0,66130172618.0,10916521715.0,15895104727.0,154734888.0,225718428984.0
2025-12-08,69590865016.0,14628524771.0,49042996204.0,66326002398.0,10934221623.0,15889303774.0,154996412.0,226566910198.0
2025-12-09,69709785565.0,14757582515.0,49849413214.0,67956996262.0,11316529560.0,15898197599.0,153847563.0,229642352278.0
2025-12-10,71731355823.0,15057453914.0,50943615130.0,71434515242.0,11516151630.0,15462070608.0,150807902.0,236295970249.0
2025-12-11,71198374618.0,14882540835.0,50686445182.0,72335446026.0,11464011388.0,15550946239.0,150612546.0,236268376834.0
2025-12-12,71203997566.0,14915177565.0,51131822908.0,71003010775.0,11496365056.0,15578293367.0,150040028.0,235478707265.0
2025-12-13,69356236961.0,14771578910.0,49921060053.0,68029365916.0,11424172599.0,15590404222.0,148470219.0,229241288880.0
2025-12-14,69949758555.0,14790497671.0,50008509997.0,68640266335.0,11233084676.0,15591429166.0,147722468.0,230361268868.0
2025-12-15,70175249874.0,14685474958.0,49279488454.0,67594537802.0,11161653231.0,15600436094.0,146732191.0,228643572604.0
2025-12-16,68437406515.0,14366211419.0,48351378303.0,65402125382.0,11094319290.0,15615707692.0,145543745.0,223412692346.0
2025-12-17,69163128464.0,14417991153.0,48099650183.0,65426944652.0,10407689030.0,15615206570.0,143422955.0,223274033007.0
2025-12-18,67534901882.0,14100021768.0,47235307910.0,62854848354.0,11232910711.0,15667471503.0,130861047.0,218756323175.0
2025-12-19,67426097793.0,13886365444.0,46746175936.0,62358112960.0,11063457250.0,15628410835.0,107464485.0,217216084703.0
2025-12-20,68946963094.0,14272650553.0,47938879230.0,65716846089.0,11240743903.0,15683877538.0,114287272.0,223914247679.0
2025-12-21,69414749615.0,14276027330.0,47889938447.0,65587404986.0,11305718555.0,15712225540.0,113991073.0,224300055546.0
2025-12-22,69956617422.0,14228709942.0,48078446941.0,66403916589.0,11331828494.0,15719951878.0,113716536.0,225833187802.0
2025-12-23,69663791603.0,14248930136.0,47739053835.0,66165307523.0,11329047983.0,15852020741.0,109312993.0,225107464814.0
2025-12-24,68129256986.0,14057216146.0,47103246301.0,64878334155.0,11407228353.0,16047319325.0,103240541.0,221725841807.0
2025-12-25,68565391919.0,13994585921.0,46701795216.0,64518490179.0,11420505546.0,16040870798.0,104833666.0,221346473245.0
2025-12-26,68130237974.0,13921860438.0,46498436008.0,63780242111.0,11383856575.0,16068922319.0,104826275.0,219888381700.0
2025-12-27,68139201357.0,13887394091.0,46661842553.0,64319519798.0,11422909397.0,16063653150.0,104849342.0,220599369688.0
2025-12-28,68404796674.0,13972299646.0,47053317047.0,64824889054.0,11396457218.0,16065659933.0,105051918.0,221822471490.0
2025-12-29,68680682385.0,14077391641.0,47201490434.0,65157715629.0,11433208281.0,16047652354.0,104823981.0,222702964705.0
2025-12-30,67318664344.0,13819137236.0,46764612461.0,64602604184.0,11386603340.0,16113352116.0,103696892.0,220108670573.0
2025-12-31,66794321246.0,13864670569.0,47864516704.0,65293701589.0,11384523924.0,16113222615.0,103464583.0,221418421230.0
2026-01-01,67960824845.0,13742646141.0,47349820878.0,65471247032.0,11388264464.0,16079108063.0,98565175.0,222090476598.0
2026-01-02,69147148083.0,14692905112.0,47712500645.0,66121970287.0,11447766597.0,16113845163.0,101133626.0,225337269513.0
2026-01-03,70953282615.0,14235057055.0,48558637298.0,68928824725.0,11584665774.0,16157600401.0,105124959.0,230523192827.0
2026-01-04,71903403009.0,14334595049.0,49068985134.0,69282285397.0,11660061722.0,16009710067.0,104318559.0,232363358937.0
2026-01-05,72261629580.0,14508989435.0,49562710442.0,69630069523.0,11686419054.0,16084602937.0,103719133.0,233838140104.0
2026-01-06,73713965574.0,14737866480.0,50547435482.0,71368203600.0,11836326799.0,16134730501.0,108061012.0,238446589448.0
2026-01-07,74147545630.0,14836746637.0,50587076271.0,72915234126.0,11824710235.0,16146720599.0,108565718.0,240566599216.0
2026-01-08,72415697862.0,14505253778.0,49571175038.0,70715742060.0,11830476640.0,16222336448.0,103659423.0,235364341249.0
2026-01-09,71096679371.0,14423415745.0,49402616976.0,70005602789.0,11800826326.0,16215184796.0,101372615.0,233045698618.0
2026-01-10,70708787193.0,14402670543.0,48219599635.0,69506614691.0,11711372200.0,16267197210.0,101298944.0,230917540416.0
2026-01-11,71618058216.0,14440261778.0,46806267245.0,69512379946.0,11698269664.0,16282952788.0,101184431.0,230459374068.0
2026-01-12,72106345971.0,14533706181.0,45410284797.0,70411663232.0,11752261006.0,16308261326.0,101354580.0,230623877093.0
2026-01-13,70910340470.0,14503703580.0,44229807321.0,70077400500.0,11683679051.0,16415161294.0,101196645.0,227921288861.0
2026-01-14,75222448087.0,15025117204.0,45181606341.0,74848623814.0,10738161486.0,16556324681.0,106912216.0,237679193829.0
2026-01-15,76754910659.0,15028729598.0,45887454880.0,75176776307.0,10725258348.0,16594949688.0,110250030.0,240278329510.0
2026-01-16,75774388734.0,14924652113.0,45317886999.0,74493884673.0,10319148870.0,16790192654.0,109587314.0,237729741357.0
2026-01-17,76079797729.0,14867037175.0,45332088444.0,74287624614.0,10305707271.0,16813862159.0,110014802.0,237796132194.0
2026-01-18,76903886999.0,14874366289.0,45411878622.0,74675130975.0,10325902714.0,16840200521.0,110404357.0,239141770477.0
2026-01-19,75654218046.0,14399408196.0,44448915952.0,72271935522.0,10191465012.0,17080735538.0,109520530.0,234156198796.0
2026-01-20,75483721877.0,14346192941.0,44324067458.0,72049643409.0,10171152636.0,17080959981.0,108311029.0,233564049331.0
2026-01-21,70878239346.0,13702742718.0,49307837177.0,67138453689.0,9916349185.0,17357084175.0,101781459.0,228402487749.0
2026-01-22,71238856075.0,13872757779.0,49634392369.0,68996822315.0,10016288564.0,17651596306.0,103021916.0,231513735324.0
2026-01-23,70763084807.0,13846177578.0,49538096216.0,68549014261.0,9968816414.0,18087605865.0,106941161.0,230859736302.0
2026-01-24,70640409035.0,13823665743.0,49421983207.0,68762245196.0,9905599840.0,18210140364.0,103171022.0,230867214407.0
2026-01-25,71330352840.0,13785291204.0,49295782457.0,68842763238.0,9945033221.0,18254589175.0,103388818.0,231557200953.0
2026-01-26,69158059883.0,13420271010.0,48103028504.0,65999114296.0,9749539275.0,18366530675.0,102230194.0,224898773837.0
2026-01-27,71048353762.0,13696562300.0,48809225362.0,68376161896.0,9797479162.0,18285932969.0,102935455.0,230116650906.0
2026-01-28,72061190275.0,13853742547.0,49298679023.0,70772730206.0,9872958119.0,18671451086.0,101568882.0,234632320138.0
2026-01-29,72263604380.0,13824115514.0,48935602274.0,70727965445.0,9826237531.0,19173279176.0,101011292.0,234851815612.0
2026-01-30,69344431298.0,13249862276.0,47028394537.0,66748057182.0,9477201226.0,19225585182.0,99328059.0,225172859760.0
2026-01-31,68185110266.0,13183944108.0,47053276265.0,64444298759.0,9228409685.0,18643894367.0,96337328.0,220835270778.0
2026-02-01,64690582310.0,12361368280.0,44849868276.0,58812753342.0,8742370494.0,19516984445.0,89178760.0,209063105907.0
2026-02-02,62320434571.0,12105554594.0,43940218477.0,55302236105.0,8545279292.0,19478409301.0,86620005.0,201778752345.0
2026-02-03,63230203133.0,12202199070.0,44482480247.0,56414221000.0,8546336388.0,19503875659.0,87807099.0,204467122596.0
2026-02-04,62796442778.0,11966791428.0,43352255466.0,53915921565.0,8504106854.0,19878792072.0,85970121.0,200500280284.0
2026-02-05,61219855435.0,11681549725.0,42143947035.0,51589758299.0,8137820432.0,19816562504.0,86093815.0,194675587245.0
2026-02-06,55819393381.0,10609371678.0,37612211390.0,42872685308.0,7388042022.0,19449141693.0,79871115.0,173830716587.0
2026-02-07,58661541579.0,11270281126.0,40602104705.0,49141045488.0,7612400130.0,19838834251.0,85449654.0,187211656933.0
2026-02-08,59911712187.0,11298421274.0,40178773099.0,49475406831.0,7780087800.0,19945936355.0,85171335.0,188675508881.0
2026-02-09,60382021929.0,11166667076.0,40537309352.0,49373830682.0,7775593443.0,20004419316.0,86087215.0,189325929013.0
2026-02-10,59862558603.0,11353614955.0,40267530348.0,49507542947.0,7853186124.0,19987482329.0,85855276.0,188917770582.0
2026-02-11,58743138562.0,11229835931.0,39903267885.0,47734821107.0,7861038185.0,20446171588.0,83866179.0,186002139437.0
2026-02-12,58189414968.0,11115669324.0,39241158385.0,45952016362.0,7826997666.0,20335201984.0,83060693.0,182743519382.0
2026-02-13,57882957980.0,11117897652.0,38794459509.0,45808824284.0,7885174063.0,20203298545.0,83302158.0,181775914191.0
2026-02-14,59017271657.0,11381292978.0,39826649388.0,48279423490.0,7865275904.0,20371794051.0,85563889.0,186827271357.0
2026-02-15,59307821610.0,11517786025.0,40286279820.0,49214528304.0,7926749629.0,20410509399.0,85033582.0,188748708369.0
2026-02-16,58283518961.0,11335019436.0,39775489552.0,46737588678.0,7879090072.0,20399425772.0,84416566.0,184494549037.0
2026-02-17,58276511192.0,11463988512.0,39764121951.0,47267078516.0,7996235777.0,20504460503.0,82882030.0,185355278481.0
2026-02-18,58162854709.0,11371908194.0,39266552449.0,46902598957.0,7982802949.0,20419141586.0,85101618.0,184190960462.0
2026-02-19,55944184935.0,11189601749.0,38820612352.0,45758622787.0,7868261759.0,20587565289.0,84474567.0,180253323438.0
2026-02-20,56032187793.0,11197786503.0,38913869433.0,45844761101.0,7698980948.0,20598478867.0,82356710.0,180368421355.0
2026-02-21,55704606952.0,11269334033.0,39296588257.0,46348185029.0,7686989881.0,20779078361.0,83179758.0,181167962271.0
2026-02-22,56031113166.0,11280527318.0,39280047581.0,46467320492.0,7686681270.0,20812625157.0,83794571.0,181642109555.0
2026-02-23,56050708961.0,11066940250.0,39064116994.0,45836863544.0,7624566674.0,20859303600.0,85445569.0,180587945592.0
2026-02-24,54661610492.0,10884272946.0,37968616591.0,43647144418.0,7543872718.0,20936899766.0,84070066.0,175726486997.0
2026-02-25,54559336885.0,10928449660.0,37724602653.0,43495504226.0,7528022390.0,20890191121.0,83021329.0,175209128264.0
2026-02-26,57214006501.0,11279551305.0,39628495978.0,48119905634.0,7709696407.0,21026838520.0,83893146.0,185062387491.0
2026-02-27,57086168865.0,11169195516.0,39206792576.0,47342130953.0,7665448635.0,21083006746.0,83915685.0,183636658976.0
2026-02-28,55833630451.0,11032792280.0,38413532568.0,45251807402.0,7604465089.0,21329938197.0,80316123.0,179546482110.0
2026-03-01,56098444376.0,11240502908.0,38907389669.0,46144787596.0,7850024979.0,21423598997.0,80124765.0,181744873290.0
2026-03-02,55677837393.0,11114631000.0,38447443280.0,45704640814.0,7779723682.0,21450115802.0,80387817.0,180254779788.0
2026-03-03,57150383232.0,11250673115.0,39578556306.0,47600402044.0,7801848685.0,21550740307.0,79539108.0,185012142797.0
2026-03-04,56255488068.0,11168739165.0,38899088208.0,46583582048.0,7660277791.0,21570052206.0,81943297.0,182219170783.0
2026-03-05,58983492245.0,11417958713.0,40845307289.0,49365311030.0,7774348763.0,21606248414.0,86085999.0,190078752453.0
2026-03-06,59109944742.0,11329258692.0,39790944750.0,48035762269.0,7825437403.0,21551285184.0,85814052.0,187728447092.0
2026-03-07,57950395656.0,11100673068.0,38640755921.0,45933223091.0,7743140327.0,21752291381.0,85137466.0,183205616910.0
2026-03-08,57787328201.0,11096608090.0,38419088142.0,45577517506.0,7744565152.0,21753311939.0,84737839.0,182463156869.0
2026-03-09,57570027096.0,11012701667.0,38100731212.0,45076065186.0,7765768070.0,21581263645.0,82600278.0,181189157154.0
2026-03-10,58920061306.0,11133649651.0,39060816633.0,46493300861.0,7860295295.0,21812731324.0,82820012.0,185363675082.0
2026-03-11,59289111357.0,11237947711.0,39810240898.0,47190020646.0,7849791554.0,21971596021.0,85606457.0,187434314644.0
2026-03-12,60153428603.0,11293371597.0,39778365974.0,47680095833.0,7875239608.0,21743825387.0,85214754.0,188609541756.0
2026-03-13,60996923981.0,11460059995.0,40463863664.0,48800372789.0,7977196507.0,21930598824.0,87754745.0,191716770505.0
2026-03-14,60637552101.0,11444018780.0,40324578674.0,48459452539.0,8017086868.0,22115414011.0,91180038.0,191089283011.0
2026-03-15,61186803177.0,11486485000.0,40435934021.0,48434080663.0,8031959726.0,22149447259.0,91389642.0,191816099488.0
2026-03-16,62179505264.0,11701875419.0,40936326152.0,50235326800.0,8165268124.0,22098075618.0,93373375.0,195409750752.0
2026-03-17,63370594210.0,11887511455.0,42085789723.0,53939438179.0,8371360672.0,22174585464.0,97793044.0,201927072747.0
2026-03-18,63130589603.0,11774356523.0,41688208209.0,53308245035.0,8267889924.0,22457923543.0,97874225.0,200725087062.0
2026-03-19,60834385993.0,11543890785.0,40568206979.0,50933489591.0,8263415919.0,22425061991.0,98658204.0,194667109462.0
2026-03-20,59463327601.0,11529953133.0,40169520245.0,49507455196.0,8169264811.0,22456206870.0,97953019.0,191393680875.0
2026-03-21,60659365246.0,11560776548.0,40246069668.0,49646982710.0,8180713354.0,22387013967.0,97533238.0,192778454731.0
2026-03-22,60512827133.0,11370379562.0,39497130699.0,47953957307.0,8323439074.0,22388442933.0,97671314.0,190143848022.0
2026-03-23,58705380239.0,11304004353.0,39146150029.0,47148374559.0,8163060470.0,22244381612.0,95928093.0,186807279355.0
2026-03-24,59630686511.0,11524743015.0,40261731963.0,49187960848.0,8200779498.0,22273295166.0,95918454.0,191175115455.0
2026-03-25,59451058365.0,11502467954.0,40196411971.0,49537780318.0,8177980588.0,22563912367.0,95738337.0,191525349900.0
2026-03-26,59821329778.0,11461994580.0,40334197644.0,49392738550.0,8195457466.0,22802441559.0,95975037.0,192104134614.0
2026-03-27,58160297753.0,11296389563.0,39500550823.0,46831121541.0,8035204346.0,22962812706.0,94423548.0,186880800280.0
2026-03-28,57194408092.0,11091725475.0,38493419325.0,45498200559.0,7984572875.0,23001181605.0,91923481.0,183355431412.0
2026-03-29,57159109773.0,11077177368.0,38555916925.0,45527260789.0,7947566658.0,23013355853.0,91771277.0,183372158643.0
2026-03-30,57423370667.0,10995350958.0,38501502525.0,45275708548.0,8098426337.0,22931455095.0,90829841.0,183316643971.0
2026-03-31,56979884887.0,11095961616.0,38660913781.0,46061107450.0,8086544018.0,23363431285.0,91089640.0,184338932677.0
2026-04-01,58716304908.0,11182468329.0,39273379356.0,47559840278.0,8252615531.0,23898310451.0,91380805.0,188974299658.0
2026-04-02,58364625782.0,11177346876.0,39272518929.0,47730274465.0,8107182450.0,24205053947.0,92339997.0,188949342446.0
2026-04-03,57509325572.0,11028655724.0,38806474786.0,45907441679.0,8007344069.0,24528273318.0,89854401.0,185877369549.0
2026-04-04,57355595051.0,11150263814.0,38631228148.0,45957982778.0,7846527907.0,24553042302.0,89976364.0,185584616364.0
2026-04-05,57706263956.0,11110654512.0,38634796685.0,46321335944.0,7829556898.0,24510612540.0,89739709.0,186202960244.0
2026-04-06,58558563282.0,11162565130.0,39332155649.0,47500523489.0,7861899695.0,24430895999.0,89852207.0,188936455451.0
2026-04-07,56805678812.0,11135885441.0,39345711659.0,47159281466.0,7825032462.0,24575952789.0,90777193.0,186938319822.0
2026-04-08,58939251835.0,11403182907.0,40768467022.0,50028483711.0,7937784027.0,24677498020.0,98898053.0,193853565575.0
2026-04-09,58591694852.0,11286228632.0,40185101824.0,49116696991.0,7900340505.0,24695946643.0,104616928.0,191880626375.0
2026-04-10,59003103506.0,11317185993.0,40486690675.0,49402203130.0,7696070794.0,24815380013.0,104500330.0,192825134441.0
2026-04-11,59579497456.0,11487958591.0,40993426397.0,50394711967.0,7717589938.0,24846610596.0,104825108.0,195124620053.0
2026-04-12,60158505066.0,11497641582.0,41128731522.0,51214475431.0,7727537038.0,24862156153.0,105084140.0,196694130932.0
2026-04-13,58487020299.0,11339626854.0,40323126111.0,49462264454.0,7753846265.0,24777256188.0,104474804.0,192247614975.0
2026-04-14,61018209693.0,11600764905.0,41681919471.0,53134855231.0,7802491232.0,25054968994.0,105222193.0,200398431719.0
2026-04-15,60709027859.0,11620859024.0,41505663812.0,52190384571.0,7730461219.0,25195415503.0,105216648.0,199057028636.0
2026-04-16,60908917333.0,11669302223.0,41568265962.0,52838807150.0,7801521255.0,25392661501.0,105515054.0,200284990478.0
2026-04-17,60656037861.0,11790396491.0,41784816327.0,52847228713.0,7859806254.0,25613428053.0,105443714.0,200657157413.0
2026-04-18,61224448767.0,11853211442.0,42473957898.0,54241887006.0,7924892070.0,25735357877.0,108713754.0,203562468814.0
2026-04-19,55533438032.0,11614216278.0,41506953514.0,52593859475.0,7710226940.0,25712897836.0,109118688.0,194780710763.0
2026-04-20,49631476987.0,11389927113.0,40785363184.0,50779665274.0,7333596105.0,25622398933.0,108326785.0,185650754381.0
2026-04-21,48740427346.0,11472839991.0,40930071654.0,51745116474.0,7384872521.0,25609132970.0,108674910.0,185991135866.0
2026-04-22,48217453361.0,11505887897.0,40819201866.0,51755557349.0,7387271389.0,25573246529.0,108723047.0,185367341438.0
2026-04-23,48690202671.0,11455189460.0,41692788505.0,52508609120.0,7398892813.0,25487076476.0,108952394.0,187341711439.0
2026-04-24,47642001415.0,11441960540.0,41708322579.0,51882079484.0,7428935698.0,24950800563.0,105880372.0,185159980651.0
2026-04-25,47431049192.0,11515290505.0,41385627138.0,51522335897.0,7454619445.0,24844819740.0,105317758.0,184259059675.0
2026-04-26,47757014465.0,11546529152.0,41367579084.0,51411515733.0,7459381494.0,24839436344.0,104973804.0,184486430076.0
2026-04-27,48489819213.0,11605901544.0,41925589535.0,52415039350.0,7520498793.0,24797194380.0,105188104.0,186859230919.0
2026-04-28,47734430605.0,11499810013.0,41365810687.0,51000534569.0,7467488228.0,24777854754.0,103631166.0,183949560022.0
2026-04-29,47413536088.0,11483669427.0,40979797668.0,50556875454.0,7464451139.0,24414121203.0,104278433.0,182416729412.0
2026-04-30,47638761314.0,11467983389.0,40738882114.0,49845158661.0,6989868275.0,24270829442.0,105088324.0,181056571519.0
2026-05-01,48033506280.0,11513987359.0,40765433131.0,49340948187.0,7696980980.0,24246787264.0,106332265.0,181703975466.0
2026-05-02,48515296814.0,11547757629.0,48127887384.0,49911675746.0,7678636317.0,24381816316.0,105145517.0,190268215723.0
2026-05-03,48949292641.0,11565998962.0,48442184625.0,50325454895.0,8510882933.0,24383634411.0,106088021.0,192283536488.0
2026-05-04,49372091201.0,11624498996.0,48578475579.0,50365666835.0,8495951246.0,24383919111.0,106884582.0,192927487550.0
2026-05-05,49829194746.0,11616191000.0,49155935446.0,50681881841.0,8422432798.0,24260131626.0,106760038.0,194072527495.0
2026-05-06,50170037615.0,11717119264.0,49610651285.0,51075619437.0,8454309737.0,24454967805.0,107039685.0,195589744828.0
2026-05-07,50035655092.0,11746646769.0,49961727432.0,50956359677.0,8184732612.0,24713512813.0,106624869.0,195705259264.0
2026-05-08,49762886058.0,11682548818.0,49488357222.0,49388344341.0,8205988490.0,24703572693.0,107479152.0,193339176774.0
2026-05-09,49951238357.0,11773519742.0,50359456258.0,49956648732.0,7488050092.0,24931115577.0,107288882.0,194567317640.0
2026-05-10,50314486801.0,11784838764.0,50596755730.0,50250821742.0,8468914362.0,24992481359.0,108222971.0,196516521729.0
2026-05-11,50988412409.0,11828146331.0,51128892326.0,51130223921.0,8512318739.0,24973613728.0,108672527.0,198670279981.0
2026-05-12,50608099308.0,11889571350.0,50797104928.0,50676749403.0,8203566896.0,25483858475.0,108540679.0,197767491039.0
2026-05-13,49976592997.0,12260586899.0,50438108922.0,49491185312.0,8153984709.0,24949475936.0,107907552.0,195377842327.0
2026-05-14,49610668058.0,12090603809.0,49918710277.0,48768461727.0,8172819757.0,25005666522.0,107505664.0,193674435814.0
2026-05-15,50202496378.0,12182755995.0,50901772381.0,49414725971.0,8178223346.0,24984990585.0,107534147.0,195972498803.0
2026-05-16,49499140821.0,11986734455.0,50617253577.0,48092834395.0,8189110636.0,25335751778.0,106068489.0,193826894151.0
2026-05-17,49014140684.0,11831406040.0,50157530746.0,47173551551.0,8142119511.0,25301479867.0,101158449.0,191721386848.0
2026-05-18,48520705554.0,11726534778.0,49920092526.0,46465254385.0,8081156901.0,25276863616.0,99975467.0,190090583227.0
2026-05-19,48500337162.0,11316879683.0,49751309294.0,46453105185.0,7593992272.0,25265462354.0,97806407.0,188978892357.0
2026-05-20,48114203528.0,11237407861.0,49288628553.0,46002810535.0,7582455509.0,25081080102.0,96803409.0,187403389497.0
2026-05-21,48566041087.0,11289361204.0,49781800712.0,46599553429.0,7271790384.0,25102694616.0,98905511.0,188710146943.0
2026-05-22,48966101561.0,11616459010.0,50011704392.0,46764518311.0,7087712961.0,25078710076.0,101748403.0,189626954714.0
2026-05-23,48274920644.0,11478225787.0,49151257522.0,44518150383.0,7586469732.0,25000272451.0,100358558.0,186109655077.0
2026-05-24,49040831302.0,11616287488.0,49630691622.0,45440682079.0,7585089347.0,25036290293.0,100238196.0,188450110327.0
2026-05-25,48845044272.0,11595417943.0,49870158057.0,45313966968.0,7603815501.0,25076779679.0,100635357.0,188405817777.0
2026-05-26,49300548960.0,11537004941.0,50013072421.0,45245714946.0,7590645119.0,25077740791.0,101027290.0,188865754468.0
2026-05-27,48338464672.0,11494210446.0,49526367476.0,44611577939.0,7729785969.0,24915020174.0,99790869.0,186715217545.0
2026-05-28,48406729849.0,11422444896.0,48911788184.0,43581987794.0,7541804632.0,24775855476.0,99241780.0,184739852611.0
2026-05-29,48303111447.0,11348467506.0,48618627272.0,43343368054.0,7386565572.0,24654291449.0,98646944.0,183753078244.0
2026-05-30,48204953766.0,11320139195.0,48665198660.0,43370691204.0,7454288549.0,24730952392.0,97198261.0,183843422027.0
2026-05-31,48908936833.0,11409111272.0,48927051996.0,43695826192.0,7486830469.0,24725830429.0,97005215.0,185250592406.0
2026-06-01,48853250361.0,11303767082.0,49002970276.0,43570987662.0,7510948911.0,24741689660.0,96905907.0,185080519859.0
2026-06-02,48215886608.0,11256800154.0,48404453161.0,43225038334.0,7423732345.0,24487887955.0,96194415.0,183109992972.0
2026-06-03,45617970026.0,10850225206.0,46645634712.0,40346519161.0,7196903862.0,24443227767.0,89830507.0,175190311241.0
2026-06-04,45399645113.0,10675514105.0,45870935476.0,39364989832.0,7016137239.0,24240244950.0,87269195.0,172654735910.0
2026-06-05,45222760183.0,10427559060.0,45483406355.0,38067144394.0,6850378272.0,24180028217.0,86464111.0,170317740592.0
2026-06-06,42775820330.0,9968201646.0,44429558406.0,34754438262.0,6589600495.0,23854074573.0,85432074.0,162457125786.0
2026-06-07,42767287864.0,9955663680.0,44354770904.0,33874852837.0,6540922045.0,23816326186.0,84956325.0,161394779841.0
2026-06-08,44365874891.0,10177876577.0,45640628905.0,36579704187.0,6636285225.0,23873083822.0,86004955.0,167359458562.0
2026-06-09,44308071286.0,10048976345.0,44921097554.0,36154182084.0,6608209753.0,23995875052.0,85622397.0,166122034471.0
2026-06-10,43368862976.0,9996303985.0,44637571379.0,35398676625.0,6533338810.0,24127030528.0,84850935.0,164146635238.0
2026-06-11,42609530930.0,10002586492.0,44567289433.0,34893031471.0,6500211303.0,23973876469.0,82868747.0,162629394845.0
2026-06-12,43386375948.0,10133433954.0,45429712773.0,36194731608.0,6583685535.0,24236266458.0,81970729.0,166046177005.0
2026-06-13,43847045304.0,10205172301.0,45598389095.0,35949639532.0,6591218708.0,24203799457.0,81645287.0,166476909684.0
2026-06-14,44367168600.0,10285520998.0,45949931689.0,36368618017.0,6602734301.0,24224848404.0,81755468.0,167880577477.0
2026-06-15,45033582295.0,10414261156.0,46501180404.0,37505145258.0,6673785932.0,24340790108.0,82010098.0,170550755251.0
2026-06-16,45347803107.0,10482428664.0,46834758638.0,38832830418.0,6735474783.0,24385002200.0,80657815.0,172698955625.0
2026-06-17,46060171830.0,10701905499.0,46831193195.0,38877975434.0,6468655728.0,24477979087.0,79870977.0,173497751750.0
2026-06-18,45260443964.0,10601389371.0,46355328261.0,38087547709.0,6338409277.0,24381828417.0,78783459.0,171103730458.0
2026-06-19,44668281589.0,10516399740.0,45666610932.0,37114727086.0,6103499461.0,24305168515.0,73576056.0,168448263379.0
2026-06-20,44860357568.0,10518724786.0,45841408961.0,37133900134.0,6125343688.0,24268426563.0,73314852.0,168821476552.0
2026-06-21,45285983435.0,10604737183.0,46082418115.0,37936675382.0,6164692328.0,24317241974.0,73326273.0,170465074690.0
2026-06-22,44700660700.0,10504657569.0,45761020133.0,37269893372.0,6139973519.0,24302403414.0,72950851.0,168751559558.0
2026-06-23,45258002975.0,10597014187.0,48729293930.0,37544195431.0,6207058479.0,24309689549.0,72991131.0,172718245682.0
2026-06-24,44459705481.0,10449268899.0,48296033417.0,36200057192.0,6137919143.0,24142976924.0,69518905.0,169755479961.0
2026-06-25,43446364896.0,10272261585.0,47499132534.0,35395515519.0,6042180968.0,24072129125.0,69908578.0,166797493205.0
2026-06-26,43260967672.0,10184850497.0,46916680423.0,34395057614.0,5924553758.0,23921510808.0,70329657.0,164673950429.0
2026-06-27,43584780955.0,10243487880.0,46933559372.0,34916322895.0,5918301838.0,23811190826.0,69950440.0,165477594206.0
2026-06-28,43856056671.0,10167482482.0,46980668932.0,34741590317.0,5902934340.0,23449758389.0,70548342.0,165169039473.0
2026-06-29,43649662602.0,10103960121.0,46739882041.0,34684998593.0,5903612234.0,23445451376.0,70741537.0,164598308504.0
2026-06-30,43604132566.0,10388431096.0,46858687850.0,35383656155.0,5922726530.0,23531243807.0,70435160.0,165759313164.0
